step,operation,incr_ns,full_ns,n_active,incr_ari
15,insert,625,723000,1466,1.0
30,insert,667,585084,1481,1.0
45,insert,834,551250,1496,1.0
60,insert,1125,548333,1511,1.0
75,insert,750,545792,1526,1.0
90,insert,1084,574166,1541,1.0
105,delete,1083,564584,1554,1.0
120,insert,792,568083,1569,1.0
135,insert,834,614334,1584,1.0
150,insert,1708,604125,1599,1.0
165,insert,1250,592583,1614,1.0
180,insert,1000,606042,1625,1.0
195,insert,833,613416,1640,1.0
210,delete,1041,613500,1653,1.0
225,delete,1000,624583,1666,1.0
240,insert,625,647208,1677,1.0
255,insert,875,642375,1688,1.0
270,insert,1041,644791,1703,1.0
285,insert,1916,660667,1718,1.0
300,insert,1458,681875,1729,1.0
315,insert,625,652833,1740,1.0
330,insert,1125,671917,1755,1.0
345,delete,1125,665833,1766,1.0
360,insert,1416,682458,1781,1.0
375,insert,1083,691542,1796,1.0
390,insert,833,695208,1811,1.0
405,insert,1209,729167,1826,1.0
420,insert,2208,727708,1841,1.0
435,insert,917,764875,1856,1.0
450,delete,1291,751459,1867,1.0
465,insert,292,799458,1882,1.0
480,insert,333,787875,1897,1.0
495,insert,667,784875,1912,1.0
510,insert,1666,763167,1925,1.0
525,insert,667,776666,1938,1.0
540,insert,250,768459,1951,1.0
555,insert,750,771916,1966,1.0
570,insert,1000,776000,1977,1.0
585,insert,208,814208,1992,0.999171
600,insert,1000,816083,2007,0.99918
615,insert,250,822792,2018,0.999199
630,insert,1667,825125,2031,0.99922
645,insert,1041,834209,2044,0.999225
660,insert,1167,841166,2057,0.99924
675,insert,2333,878459,2070,0.999248
690,insert,791,855250,2085,0.99923
705,delete,1167,842791,2096,0.999224
720,insert,1083,860458,2107,0.999233
735,insert,959,885541,2118,0.999246
750,insert,1542,884250,2131,0.999251
765,insert,1375,881209,2144,0.999267
780,insert,2584,908292,2157,0.999283
795,insert,709,898417,2172,1.0
810,insert,1458,904375,2183,0.999767
825,insert,208,923709,2196,0.999075
840,insert,459,921625,2209,0.999078
855,insert,292,947916,2222,0.999101
870,insert,667,962667,2235,0.999132
885,insert,833,960375,2250,0.999122
900,insert,1292,971792,2265,0.998924
915,insert,958,982500,2278,0.998929
930,insert,292,983666,2291,0.999169
945,insert,583,988084,2306,1.0
960,insert,1416,1007250,2315,0.99979
975,insert,1584,1013666,2328,0.999197
990,insert,1500,1017500,2343,0.999213
1005,insert,1666,1090208,2358,0.999228
1020,insert,1834,1030750,2373,0.999243
1035,insert,1750,1042875,2388,0.999257
1050,insert,1917,1156167,2403,0.999272
1065,insert,1875,1138125,2418,0.999286
1080,insert,1958,1217125,2433,0.9993
1095,insert,2416,1156750,2448,0.999313
1110,insert,2458,1175792,2463,0.999326
1125,insert,2167,1185542,2478,0.999339
1140,insert,1958,1252500,2493,0.999352
1155,insert,2000,1290000,2508,0.999365
1170,insert,2708,1826166,2523,0.999377
1185,insert,3083,1394542,2538,0.999389
1200,insert,1250,1458708,2553,0.9994
1215,insert,2709,1438708,2568,0.999411
1230,insert,3458,1638000,2583,0.999422
1245,insert,2709,1647291,2598,0.999433
1260,insert,2542,1591583,2613,0.999443
1275,insert,3792,1750625,2628,0.999453
1290,insert,3958,1485500,2643,0.999463
1305,insert,3375,1494458,2658,0.999473
1320,insert,3583,1494625,2673,0.999483
1335,insert,2750,1521791,2688,0.999492
1350,insert,4084,1603042,2703,0.999501
1365,insert,3542,1859042,2718,0.99951
1380,insert,3583,1656958,2733,0.999519
1395,insert,3792,1632667,2748,0.999527
1410,insert,3834,1610375,2763,0.999535
1425,insert,3875,1640667,2778,0.999543
1440,insert,4041,1694542,2793,0.999551
1455,insert,3375,1684583,2808,0.999559
1470,insert,3500,1759792,2823,0.999566
1485,insert,3083,1759667,2838,0.999574
1500,insert,3667,1805375,2853,0.999581
1515,insert,3292,1807916,2868,0.999588
1530,insert,3375,1849917,2883,0.999595
1545,insert,3417,1881875,2898,0.999601
1560,insert,3459,1891375,2913,0.999608
1575,insert,3584,1927834,2928,0.999614
1590,insert,3375,1982541,2943,0.999621
1605,insert,3375,2080583,2958,0.999624
1620,insert,3708,2037791,2973,0.99963
1635,insert,3625,2091666,2988,0.999636
1650,insert,3667,2112542,3003,0.999641
1665,insert,4333,2160417,3018,0.999647
1680,insert,5000,2213625,3033,0.999652
1695,insert,4291,2227000,3048,0.999657
1710,insert,5291,2311041,3063,0.999662
1725,insert,5166,2328875,3078,0.999667
1740,insert,5208,2417458,3093,0.999672
1755,insert,5334,2395917,3108,0.999677
1770,insert,5417,2412916,3123,0.999681
1785,insert,5458,2431042,3138,0.999685
1800,insert,6042,3671667,3153,0.99969
1815,insert,6041,2799958,3168,0.999694
1830,insert,1833,2833083,3183,0.999697
1845,insert,1417,2830417,3198,0.999698
1860,insert,1167,2976833,3211,0.999698
1875,insert,1833,3011125,3224,0.999704
1890,insert,250,3103500,3237,0.999705
1905,insert,2000,3027916,3250,0.999706
1920,insert,2750,2955458,3263,0.999712
1935,insert,1375,3046542,3276,0.999926
1950,insert,6292,3087333,3291,0.999927
1965,insert,6583,3106542,3306,0.999928
1980,insert,6417,3191042,3321,0.999929
1995,insert,4792,3163959,3336,0.99993
2010,insert,5000,3265541,3351,0.999931
2025,insert,4958,3285292,3366,0.999932
2040,insert,4917,3345666,3381,0.999933
2055,insert,5125,3361291,3396,0.999934
2070,insert,5084,3414500,3411,0.999935
2085,insert,2916,3567875,3426,0.999936
2100,insert,834,3664583,3441,0.999937
2115,insert,7042,3704292,3456,0.999938
2130,insert,1042,3650916,3471,0.999938
2145,insert,1875,3719333,3486,1.0
2160,insert,1792,3689583,3499,1.0
2175,insert,1000,3772708,3512,0.999939
2190,insert,666,3749166,3523,0.999939
2205,insert,1125,3779583,3536,0.99994
2220,delete,1958,3759541,3549,0.999941
2235,insert,1875,3812625,3564,0.999941
2250,insert,1792,3785500,3579,0.999942
2265,insert,7375,3846000,3594,0.999942
2280,insert,667,3827584,3607,0.999943
2295,insert,1666,3952750,3618,0.999943
2310,delete,2000,3850458,3631,0.999943
2325,insert,1333,3862208,3646,0.999943
2340,insert,833,3820875,3659,0.999944
2355,insert,250,3881667,3672,0.999942
2370,insert,1000,3807125,3683,0.999943
2385,insert,2291,3885042,3696,1.0
2400,insert,833,3953625,3711,1.0
2415,insert,7709,3955584,3724,0.999953
2430,insert,708,3911958,3739,0.999954
2445,insert,1084,3939167,3754,0.999954
2460,insert,958,3854875,3767,1.0
2475,insert,1125,4208625,3778,1.0
2490,insert,1208,4148833,3787,0.999955
