-0.7853868102432767,-0.08680404315552105,1
-1.9546696567144684,-0.578357186828231,0
-1.5459411503195963,0.9892064434612521,0
0.7639930207669825,1.602662226085082,0
-0.4310625043210659,-0.554601659759523,1
0.7623107244634332,-0.33749933437570556,1
0.6086792469770127,-0.5540625556440035,1
-0.31280428998987303,0.788096631850579,1
0.7036236217037238,0.5059451108742393,1
0.47895377476351153,-0.48608028606936016,1
0.19621412526857213,0.6900317456221161,1
-1.0479819919475244,1.6982875385671536,0
-0.6928900373889032,-0.5143423541113364,1
-0.4339046401682182,-0.6055022471582012,1
0.18155304507241896,-0.8952364430092778,1
-0.6413601360563475,-0.3456351381636834,1
0.8104569313021206,-0.27963239575859306,1
0.4060263199567684,-0.7338747694728323,1
0.7210428122426761,-0.3983446519328354,1
-0.3912808526431078,-1.7654190573430526,0
-0.28104585320605224,0.6774156165354852,1
1.6590802968356524,-0.44806654400027757,0
-1.6927910894818434,-0.5075048877930445,0
1.5906225110587475,-0.8149764448817648,0
1.7531221676489976,0.43124601379549377,0
1.3401093609219885,1.3080919205710928,0
0.6872402360811762,-0.031087894020215202,1
-0.5209822981632264,0.6708639233659632,1
-0.10768957089576114,1.77455134252669,0
-1.585212303650917,-0.7904687325674523,0
1.401367577045959,1.272118376016843,0
1.5751042191051479,0.8561123204951848,0
-0.05202317621876695,-1.86106767433199,0
-1.8430507689333067,-0.3733871903892854,0
-0.5876916575711634,0.4613633160750114,1
-0.7950754896350474,-1.5269879841625027,0
-1.6787839863630953,0.9194475469031888,0
1.5417842481422857,0.9655992171009422,0
1.7375965217783442,-0.4994310140194492,0
-1.8023572276448947,0.11285868648808228,0
-1.3716810179712016,-1.14335618213524,0
0.6502177465712833,0.30565417004284534,1
-1.2940736947058014,-1.4137595569409926,0
-0.3726648745609328,0.5150499042005929,1
1.3027419585299185,1.2851212100135625,0
1.0500603337324381,1.619030838840376,0
1.9934857768283043,0.19419976298880562,0
-0.19815909566929205,0.7002330334133879,1
-0.8525935634568295,0.27939598215870015,1
1.3649035708611736,1.3541599130906166,0
-0.7240654788447997,-0.1449356515767851,1
0.31149160917250307,1.7436000821181181,0
-0.4202809238653085,0.4739044915560093,1
1.2099021817203504,-1.5692202249538272,0
-1.4282091557499126,1.2084315716861778,0
0.6300012599995665,0.034830048432690185,1
0.17454135010843605,1.8346406000568105,0
-0.15454827814856223,-1.8809184108415775,0
-1.7825535841746891,0.45728916905824335,0
0.27656191554294457,0.7946120239150247,1
0.6093186057450655,0.6726175648834778,1
-0.7980569949988846,0.3261783937942473,1
1.9349513419951276,-0.041441061342300134,0
0.7483431876026325,-0.49321822974665913,1
0.5818173524683593,-0.5844141656885522,1
1.400769173717756,-1.1119293375964856,0
-1.2840748916388391,1.2232247279551507,0
-0.1350422010773955,1.8365561902776528,0
0.9955990671601279,1.622304805496682,0
-1.4730711099243867,-1.1720342898806417,0
0.5774878571251217,0.49013496523971006,1
-0.6397171289490915,0.17204243258634308,1
-0.841920566754109,0.16629452845507434,1
1.767115375287996,-0.8171708839880664,0
-1.7346491748176451,0.6821701305155292,0
-0.8995574742996485,-0.33948196362299293,1
1.729179807904657,0.36010261680778743,0
-0.2666457852257259,-0.6849810073646802,1
0.30138373934170554,-1.7988647587325748,0
-0.49620520285590297,0.5926365125262383,1
0.4093612560109927,0.6523970675995414,1
-1.5793859811323592,-1.0713878160912438,0
-1.368729598584209,-1.1629901706445769,0
-1.878609646464512,0.24645922627959677,0
0.1388622311046016,-0.6440063686243116,1
-0.7601154734426349,-0.0639139010094553,1
0.5125517753636794,0.6872973557083278,1
-1.4786990615420494,-1.064060983397153,0
0.8104329744621837,0.48461185473599566,1
0.6571207428761112,0.5040101172968676,1
0.21331166159344184,0.8041061290741545,1
-1.7477555477097135,-0.2138453491231501,0
0.01476252556050495,0.799483379128668,1
-0.23317117399664106,-0.8113364917754429,1
0.7101618540217394,0.010332296776057022,1
0.18326633397894077,0.686728587472898,1
0.03799148909148726,1.7420879077610831,0
-1.5520648766141858,1.175587150898209,0
-1.2252504677720304,1.3351159555324281,0
-0.7177161426159795,-1.652996226145347,0
1.5540807943576136,-0.7863980335800098,0
1.792893179688015,0.02712823643028442,0
-1.414226537395192,1.3139181103563509,0
0.5453595346506366,-0.22958879491351408,1
-1.6234920992680673,-0.8052483526367296,0
-0.7071827327343317,0.5288396085411259,1
-0.6583799852055734,0.04893228130634997,1
-0.6259240328868574,1.6611446298729236,0
1.8983836922291006,0.2699463107817731,0
-0.510353532446843,0.2965393719110577,1
-0.627221472158371,-0.43403802458026436,1
-0.12320563792028102,-0.8272222925526717,1
1.6466470880705897,0.7029869420783421,0
-1.5061020824682383,-1.0446707496057797,0
1.4501996525965797,1.2637427036533089,0
0.15489164109082668,0.8100387483781527,1
1.6776507757082244,-0.8765906210360287,0
-0.7086821807211713,-0.2999213319402355,1
1.4577268813968614,1.016655744325562,0
0.697535913148816,-0.4422236066792638,1
1.7099307588337476,0.7666366004116206,0
-0.7592274422271088,0.2661952647310847,1
0.3242070839827655,-0.7960711030956681,1
-0.8329763273364813,-0.11996356744309558,1
0.6197154365788933,-0.664935179752963,1
0.38421259971945526,-1.7759180596369581,0
0.536217989731456,-0.6514794645248999,1
-0.04521240274829838,0.8305435072559949,1
0.8147653688512335,1.558163420476232,0
-0.35447605998113835,-0.673473287269936,1
-1.0134789760007714,-1.5457143923973369,0
0.5327693988769214,-0.6868513229027681,1
0.10276475657637787,1.7307967215259612,0
0.597074145701061,-0.24421192631819966,1
0.41437535581688334,0.6043700820805299,1
-0.020807994025354732,-1.6953909083557404,0
0.9462215899821073,-1.574361407812729,0
-0.7465322092143347,1.791079139633513,0
0.1329125217818145,-0.8256794806889215,1
1.146893107405044,1.3490010421046879,0
0.5853213159002125,-0.37053652258550135,1
-0.5652621883058825,-0.5071931976327099,1
1.0472955190858266,1.5023983728005568,0
-1.2903386455505768,1.4997683030336126,0
-1.172279230034564,-1.3447220261584665,0
-0.38445247873977634,-0.48758770161399556,1
0.6854300220546177,-0.19307805498596786,1
-0.4729371137374276,-0.6436511764913478,1
0.7030731211729219,-0.19796902405624278,1
-0.3773403682560323,-0.6557316480599491,1
-1.6180245516147274,-0.8735179246529875,0
-0.35638989278130956,1.815403817748017,0
0.7035374408102091,0.33893564166820783,1
-1.539639797422551,-1.0304967770496316,0
0.3589734322250594,-0.5617077496523125,1
-1.7778364563951399,-0.2804199237335911,0
0.2850874364937038,-1.8060314203412053,0
1.5603147696008897,1.1457025623044923,0
1.5450153982913557,0.805210981514007,0
-1.5746746469626336,0.9222818933746159,0
-1.625032753888248,0.6223660753738431,0
0.6951565412710629,0.06962355272596904,1
-0.45008475920795615,-1.742325909918123,0
-0.7762500869258901,1.7692207233629602,0
-0.7064194765398437,1.714204309195522,0
0.8635290600418513,0.3066873903114636,1
0.04182754777855288,-0.8512609901123587,1
-1.7601893666598176,0.4362556122723386,0
-1.8084149711291253,-0.3401202622067469,0
-0.47513015676090875,0.5722492110689027,1
1.627607470316977,-0.7151253206069598,0
-1.9060190773503105,0.49295760658018734,0
0.7271888370266162,0.19626666855100047,1
0.6413290628828365,-0.4669968536282094,1
-0.9795187380965585,1.6728016021873973,0
1.8842114776667969,-0.4469810835758013,0
0.4692082315835158,0.4407945385216276,1
-0.3209730325500279,-0.6234656590057589,1
-0.9196403855687306,1.520349815243285,0
0.4185411811994894,-0.6154077168410207,1
1.5772931679873143,0.972144711946012,0
-0.4656985109080407,0.6747103905025637,1
-1.1928600067864652,1.5115386568672426,0
0.7597568979023738,-0.06049217211007128,1
-0.6361861134188875,-0.31506323607528786,1
0.5892880634409369,0.4949886377957105,1
-0.5911991096742191,-0.5135824871429316,1
-0.3546471189034799,0.6997892250887942,1
-0.44323480939919274,1.9147220344622338,0
-0.6349256541272462,0.4824785786045172,1
-0.7750029043020211,-0.02328301254432446,1
0.33564122152815384,0.806375823167601,1
-1.864790926461706,0.05868246186651568,0
0.8977534776806563,0.18056786214232803,1
-0.3197202219198048,-0.7721268845669326,1
-0.5880213895756462,-1.704058330795854,0
1.8377643480937143,-0.09931133824353924,0
1.632267927406031,0.5466695258851386,0
-0.06901982641620993,0.7212613171301488,1
-0.7592747866368441,-0.015076720733079628,1
0.06251538404196758,-0.88491462217756,1
-0.7697740660419999,1.746344430245361,0
0.04570831808916,0.7917562594413042,1
0.6433113177817185,0.4663635387530611,1
0.23221017860584114,1.9728042745261367,0
0.442110498796213,-1.7406942533199063,0
0.45545780100549726,0.6832865304512991,1
-0.15409728548810245,0.6999643856416301,1
0.6477076479030414,-0.5497741867396482,1
-1.6512320393171713,0.7810893157829005,0
-0.33538660733856224,0.6969229524416103,1
0.6663930706669438,0.44444913632694677,1
-1.9144665903018205,-0.19852582123621876,0
-0.507300346610194,-1.695799410030569,0
0.6091401702519952,-0.35333628655996235,1
0.7071681305018525,1.7221100328459948,0
0.5944722229090871,-0.09903255947289862,1
0.6328736246168615,0.33421588868713226,1
-0.6391986494335139,-0.5186253185959626,1
-1.7543952081429735,-0.7813483816415843,0
0.035115403646850916,-0.7858112193201771,1
-0.033547085016628585,-0.6928800698783475,1
-0.049834464807803645,1.734139766622557,0
-0.7009869699993605,-0.15772719240321004,1
-0.6465221060742697,1.8113031174745662,0
1.0864270672215486,-1.569861717550258,0
-1.8079004461495425,-0.4703110547518652,0
-1.1359141904948604,-1.3457477533569977,0
0.23100630370185654,-1.8105121204430168,0
0.20132073374928008,-1.8397367897770172,0
0.8368811737058385,-0.26089443149834257,1
0.6551371442296375,0.4715659096420126,1
0.35307580084762635,-0.5958933053765105,1
-1.3237752061917183,1.243056555273912,0
-1.3133209667122896,-1.415489881552925,0
0.2308235420983678,0.8094856137263802,1
0.08827508192079345,0.773631966321538,1
-0.9285258951813948,0.10894324575321505,1
0.1499351225755031,-2.0734692018954903,0
0.05316950422358445,1.801249744373208,0
-0.6110346417864838,0.11381203608189742,1
-1.1858763136827917,1.3336558869700428,0
1.3691442274699286,1.1512541916571093,0
1.8852559574462577,0.5725049463924164,0
0.6856119498212695,1.5927291127349767,0
-1.364370200875265,-1.1305522050126233,0
1.5155903082232465,-1.1257605471550591,0
1.7975438308276173,-0.45963779612564565,0
-0.9695121435353196,-1.5511738058267326,0
1.2533517150420657,-1.3126344132405257,0
-1.2459600020172998,1.16251396577248,0
1.5384679020928393,-1.056080207466825,0
-0.13056840368221437,-0.6481233829864806,1
0.7146697575326209,-1.7049466167040308,0
-0.43592370459556457,0.5331858832220207,1
-0.2904273696788033,1.778562683550144,0
0.41267706961506556,0.5222837123173263,1
0.6716544319938718,-0.3955950592290546,1
0.9893302319327386,-1.5806111722231062,0
0.5210349383518964,-0.6130768820683227,1
0.8375284989751676,0.14999947264892452,1
0.42962153985910057,1.7866144413254077,0
-0.808182737294642,0.08030390779276247,1
-0.5807801861448882,-0.3408581526897866,1
0.3915105517772712,0.6879408742660252,1
1.8241174179584536,-0.017484654510130107,0
0.5299426753989485,0.5376983197076028,1
0.559095230220962,-0.5015128936249859,1
-1.8211216036888895,0.6402693329883151,0
-1.8382555586538245,0.2508326812298924,0
0.4426567107401753,-0.6310789443626975,1
-0.015764173279635852,1.9342124728937182,0
-0.4298594594964412,0.6072834698507186,1
1.881217750307824,-0.2253431959447004,0
-0.3213238724995136,-0.7237376610570126,1
-0.3759540614013978,-0.4765795820450819,1
0.7245256533219374,0.125590271865525,1
-1.8028507206387958,0.24689211102114006,0
-0.5195007850843526,0.6235674831683409,1
-0.4857745351876798,-1.6913867808277288,0
0.09357092878393512,-0.7365649721407717,1
1.5339083581411872,0.9136257584977273,0
-0.7326855098598122,-0.4610926898401377,1
1.534432790564057,0.45389905810767484,0
0.7637016997704229,0.12133421803295964,1
-1.7656107606072944,0.2710233811351362,0
0.9731762484962446,-1.7153401171637281,0
0.24129002145441647,0.7762361868797376,1
-0.5699968231782984,-0.15512495790400074,1
1.7442183743431527,0.848392488617442,0
-0.3653955871243562,0.6318277339820353,1
0.23586784952956166,-1.7878309956524188,0
-0.8983291083195017,-1.581178562811866,0
-0.16355272066556553,-0.8090054899709326,1
1.800004260138326,-0.8110755835837168,0
0.33411989792225044,0.8368540005686971,1
1.8012855834288548,-0.7062676732765236,0
0.7056803390413824,-1.5845105918010818,0
-0.7135979089803963,0.06701507160282316,1
0.6500510577565967,0.46266996819642087,1
1.4017679482396013,-1.0687421982055532,0
-0.6158053145966405,-0.4180646873027768,1
0.7061868502978002,-0.26415274886562723,1
0.3368221950074,-1.7388380222936644,0
-0.9658303461519545,-1.570491346954435,0
0.7362104171968971,0.11821839023807117,1
1.4848786273713814,-1.128290996313003,0
-0.6464997893757255,-0.1951013469438327,1
0.18141742304550432,0.8072019023081698,1
1.2641045218571378,1.2689089605908408,0
-0.7269010444759794,-0.23570797819929412,1
-1.6988639357611106,-0.6128498181471725,0
1.8361634435935126,-0.07665814454661074,0
0.8935104548732561,0.22532427785031972,1
1.7772729196418515,-0.726256058089205,0
0.22864643850951105,-0.759864179816339,1
-0.8632488773517291,1.45107200947917,0
0.3408754310360207,-0.7307984727055656,1
-0.33203134193412037,0.7750078824875735,1
-0.41416185077258916,0.5389403867934749,1
0.22626147732123889,0.6687454793469237,1
1.845215589737906,0.14753892836690471,0
1.8893039008927834,0.6082422205283186,0
-2.0542620296694594,-0.2448322772430915,0
0.5238723609840724,0.4859479193062953,1
0.721784291948068,-1.655710137815824,0
1.3407488425077865,-1.3207311500522225,0
-1.5699767934869209,0.9839938086042491,0
1.7615578537218217,-0.5114597033305065,0
0.6773882631338815,0.15554473136101024,1
-0.7668982140922137,-0.23705569747992997,1
-0.14026522361310204,0.7982289195353551,1
-0.5293824305394884,1.761658566333432,0
0.9706455874076052,1.3824599279338339,0
-0.02829476620008088,0.7599244996730824,1
-0.5511596904066379,-0.5792522811028668,1
0.9117745407568881,0.2715321126618854,1
-1.9011798845201342,0.04919252705295733,0
0.5128620483824756,-0.3575806969557052,1
-1.2416543663402564,1.3504952577294267,0
-1.4772881017015025,-1.1646851709617427,0
-1.8074551981618665,-0.08629176364454962,0
1.0965363355588027,-1.6799968589520597,0
-0.31665872633677256,0.7505843623076035,1
-1.4124929768637808,1.260277082923081,0
0.17696486714478468,-0.8145115247054286,1
-0.6930098652135477,-0.17624487837634767,1
-0.5111060628668307,-0.5332300035276998,1
-0.7069606670117555,0.5396643778744444,1
-0.15057709010322895,1.8295154187370222,0
-0.600797442581637,-0.6281923181235168,1
-0.6396895595543096,-0.4845607776505068,1
1.1248958197721688,1.4697254429967888,0
1.7188955289825465,0.6349945127813099,0
-1.1732120034489226,1.662215504930326,0
1.6369840621155272,-0.5897231403785513,0
1.8994081637853235,-0.14824561016507792,0
-1.053186806036618,-1.6234133370838446,0
-1.3096758936612916,1.28215679757697,0
0.7396994538389853,1.72262646387478,0
0.7514701521978515,0.2946949337314006,1
1.7632374463810598,0.8215432229319389,0
1.814021372280934,-0.251963689043233,0
-1.8831521464424297,-0.3481775646472819,0
-0.4453595517996756,0.617944144313879,1
-0.6377409219786346,-0.5199045097656934,1
-0.14151266007553362,-0.6949163236827223,1
-1.6427267126176301,-0.6956178170933602,0
0.715854991885232,0.2864445098512293,1
-0.313640340133028,1.8569735428735998,0
-0.7314233207802285,0.13208639288019017,1
-1.6402050608886123,1.1425333145564027,0
0.4189198653840846,-1.7740421164523328,0
0.0009219758820604066,0.6390471160438745,1
-0.7974980193343626,1.772415851808157,0
-0.0817747992127042,-0.8253263363615794,1
-0.8243364743398071,-1.7111506364942926,0
-0.7168066191399782,1.5517308732666042,0
1.5818265422082167,-1.1407654981129078,0
-1.7134272287271788,-0.1484608750533207,0
-0.43014392060068257,0.7187499006404021,1
0.4137401154482689,-0.40139829076150163,1
-1.8160946087681955,0.03991353722365077,0
1.4565825883356842,-1.1017137723023886,0
0.782277046318118,0.21223698373420669,1
-0.5379658201173512,-0.5553520696360338,1
-0.7961919620490823,1.7095759352976625,0
-0.07144562720826762,-1.7906819603900794,0
0.6693576502810358,-0.19730137109692364,1
1.1039411224991902,1.508296789925604,0
0.5312149058272196,0.5319900093029873,1
0.371539909898416,0.577696525029266,1
1.8495431258279984,0.33363397230266484,0
1.7177122675839986,-0.7173738015173609,0
-0.038762276254199285,-0.8554237332059993,1
0.3594103900416495,1.8225755524321703,0
-0.09169104292404369,-0.8858055215623019,1
-0.13085324849018926,0.747387602802778,1
0.28302451652346666,-0.790666498745469,1
-1.219957273225172,-1.4904642761229583,0
0.04427021283864836,0.7422933487407244,1
0.6235079694913831,-0.2515187005154697,1
-0.23546677219804718,-0.6138338372984643,1
-0.2498242770371513,-1.7276419193816233,0
-0.05683635298189103,1.8017606342138788,0
-0.5788229667444298,0.34660520015414037,1
-0.6297698353424097,-0.48979245833196544,1
0.7862324048798466,-1.8046599038439315,0
0.24655790110700804,0.7353478698062773,1
0.1678338563090163,0.7467604809608428,1
0.5316123627800181,-0.5891438725712786,1
0.17367973610711096,-0.7026942401981182,1
1.7421522631458373,-0.7958891925149051,0
-0.5734401685391205,0.4723440087146998,1
-0.002231006034205546,-1.8796651993387556,0
0.17725485348798556,0.8930761378974961,1
-0.004268491685914218,-0.9374126328130223,1
-0.3166026828077294,-1.8427709121534404,0
0.741121632805209,0.2831231086138237,1
1.63464876686091,-1.034799899608477,0
-0.3883173261918819,-1.7766740071607472,0
0.6418542198575058,-0.34208000923498666,1
0.8032139482196585,-0.04541063200679204,1
-0.5691335910896529,1.8734678312273836,0
-1.219451569100862,1.2604846363673212,0
0.6263026377873315,-0.07527696499634443,1
-0.15512317920916002,-0.6257784483368996,1
-0.9003518255762536,0.3103868282958647,1
0.6499728254168886,0.43153118377060484,1
1.6514988906322088,0.7170089630061858,0
-0.6272054452212134,0.5012261431907484,1
-1.8135128893045507,0.1465391829205781,0
-0.7526184294412097,-1.5645847654053109,0
-0.10058737302019068,-0.7968355607707799,1
-0.8217234510716679,0.24067907061844712,1
0.1857689943787618,-1.9462377523368395,0
-1.690211021776987,0.7978503493014163,0
-0.11623924919477578,1.8136279873380128,0
1.6009012292880136,-0.9331698768139872,0
-0.6293098015599242,-0.5780842442654429,1
-0.8086152637966413,-0.025447263935087946,1
0.16274990259133687,-0.7262632474010229,1
1.7326775312509615,0.7327626757635516,0
-1.6378860666462138,-0.7293935903226917,0
0.8055290510257647,-0.030656207204847175,1
-1.4526251945734534,-1.2918859314536018,0
-0.5138260579969153,-0.2589980792866564,1
-0.6652456288491455,-1.7017694289916205,0
-0.36572752556726945,1.8490091270121833,0
0.43443304001006733,0.5262639361115302,1
-1.500780286093541,0.8840389216391191,0
-0.6707003085100931,-0.03388933868059372,1
-1.751201102248978,0.28270028946794656,0
-0.5379214458634256,0.40176449847297724,1
1.8473202108415803,-0.10411734006640778,0
0.29911228943150286,0.8446681277979798,1
-1.6510386246408986,-0.7348730214814623,0
-1.665843611272007,0.7517270876381974,0
0.014935791997426685,1.8074353947210953,0
-1.7617933502793701,0.21260423684265134,0
-0.8779826673163179,-0.38631808565383596,1
-1.3992240111617382,-1.1535282030949359,0
0.46589286757664383,0.4907053236169799,1
0.8007074594135213,-1.741188574813024,0
-0.7267420490384064,-0.23371179078379822,1
-0.6759989943847302,-0.23712882751436762,1
-1.8197004502948313,0.3698753187446316,0
0.5311921920959187,-0.3897871167204324,1
-1.2522201967091768,1.4081169909941884,0
0.8033533765036129,0.02676839913635528,1
-0.19115974764790852,0.81179419456469,1
1.0729021282937266,1.3183217811042707,0
0.49617530181934505,-0.47485842864487393,1
1.7610585779482388,-0.46146022577433,0
1.10243124163502,-1.5269683855324663,0
-0.4611422136637367,-0.48425675779394606,1
-1.142272175901125,1.6031340465785082,0
0.0649746385468677,1.874053016486797,0
1.4092706217748983,1.045131927367157,0
-1.6902506625152343,-0.8609714636972503,0
0.2828754944619017,0.6035537697936859,1
0.3307038411254493,0.7425090137036642,1
0.862951424637481,1.5869600142998719,0
-0.6905454800507987,0.37682895081979806,1
-1.5676774932344564,0.680340985050354,0
0.3253392763601216,0.6271021088407278,1
1.8971758047281497,-0.10956867795477605,0
1.7924209893370378,0.2416089514391519,0
-0.07803415815384161,-0.8816979593227846,1
-0.3497176868657559,0.5546170489150323,1
-1.193224047972088,-1.506757215351627,0
-0.7228320120617245,-0.3138994138993887,1
0.7026429902492335,0.2585300502190424,1
-0.3057957040382283,0.7361577013058813,1
-1.241594074012253,1.2316146869769034,0
-0.8987934532251258,-1.8117716677931797,0
-0.4252558764850443,-0.6463167049316005,1
0.1427715843679246,-0.7694372756667895,1
-0.476165625121867,0.7293411309090765,1
0.5648792474767649,1.7576050564184666,0
-1.6452497838991325,0.9227919986085663,0
1.8687694018633847,0.013147178628804716,0
1.5772461845640466,-1.0191520283577349,0
0.8919857698704848,1.526893899439483,0
-0.778134069318842,0.15774731278059045,1
0.40123276769306115,-1.8591673568126132,0
0.10248302879971057,0.7979964745564715,1
1.8276015481375316,0.36125996831645185,0
-0.6241307932876534,-0.39886336663265004,1
1.8048479402493816,-0.03002794762735872,0
-1.863305427289916,0.613633835942095,0
0.3123744539220006,-0.6195348819851368,1
0.6283741682539433,0.36413098907256936,1
1.1916357834792117,-1.2133929980771034,0
0.08059486798669376,-0.7877068706552156,1
-0.6338882214066046,0.4106367896476529,1
0.07377011020984246,0.7430356247656859,1
1.8764428953713457,-0.33408550845561186,0
-0.8057914672462431,1.9387176576127185,0
-0.3514534193911806,-1.657570036569746,0
-0.5217126178569708,0.5485113824135066,1
-0.7347994634596037,0.21772836093037262,1
-0.18872694981973884,0.6264649021363013,1
0.742196073882022,0.03303553853034068,1
-0.6050679969516449,-0.5262384270694644,1
-0.055427866515186774,0.7500403380370364,1
-0.2624452147778941,1.8616131790279753,0
-0.333898859715635,-0.6305313303162651,1
0.2918263084503536,1.8744056523173402,0
-0.7531835964050155,-0.05328074381332526,1
0.8187781430946751,-1.6426802170782555,0
0.9279841785092271,1.706343400509592,0
0.999909800079931,-1.5064788977854382,0
0.22430010624282448,-0.5319407958587786,1
-0.7381146489750442,0.24999135399051398,1
-0.15492610589151345,0.8216558175332106,1
1.5831741805334272,-0.9254742219283791,0
-0.3608977393794916,1.7487997371638506,0
1.455687772047017,-1.089992908295481,0
-1.681051945881744,-0.7670859473306778,0
-1.7820308679475576,-0.2188482100575013,0
0.005324478308758318,0.7953793535845611,1
-0.5667588503401653,0.3123617577424398,1
0.6457277277987649,-0.4004058352109111,1
-1.7346710964259768,0.8456801557978901,0
0.5726784264293422,0.4971386586296801,1
1.9114115985235622,0.10585207112963632,0
1.974746329075008,-0.6052006398206324,0
0.13372972946505507,0.8114852437460249,1
1.5847827228444893,-0.8019338683335564,0
-0.5745309893680007,-0.4673995053950452,1
0.16272665334471248,-1.9402890009759808,0
-0.7513112427665017,-1.6459639869679128,0
1.034684594454716,-1.5169640980383237,0
-1.680018256852828,0.9482422617233123,0
0.08782297699451279,1.9039939854694754,0
-1.5203031829580147,-0.9507815252499251,0
0.853905060073848,-0.21823678054242937,1
-0.5235139993257374,0.41292934102867435,1
-0.702878776728733,-0.1871118434654646,1
1.8188128503746175,-0.005990099638713706,0
-1.869021093808903,-0.3044031528585887,0
0.5978494049433591,-0.37770103959442736,1
0.8422500659377067,1.6379746747221966,0
0.6467975162868984,-0.6087304519081602,1
-1.4397687016778757,1.1974407631315085,0
0.7238466449180466,0.06071794099437049,1
1.5558808695748765,0.9518127306183288,0
-0.8601073137843119,-0.084332116825206,1
0.7502363378298174,0.49825090254908144,1
-0.6430685381796696,0.4572124211290439,1
0.27099512066619336,-0.7760606875560466,1
-1.449701530653259,1.1290608389630932,0
-1.8527501190087372,-0.5475206620163131,0
-0.2051120799685468,0.7216999770482274,1
-0.5680784916245166,-0.27325992282928174,1
0.8519181382424691,1.5850150630451287,0
1.0921627225034265,1.4993215748310038,0
-1.7955091469056874,-0.5401025194540299,0
1.5968450752451857,0.8158535748792759,0
0.031976522059959905,-0.7278481084580133,1
0.16310247310699674,0.7785585145728091,1
-0.042235670465104555,-0.8364092252970696,1
-0.8372296842827811,0.1632045590877233,1
0.6671823525659932,-0.428688185132793,1
-0.004013565262703238,-1.8545817854199185,0
-0.5811203307995535,-0.7152544730340548,1
0.5293609789592699,1.69442361103192,0
0.40661508284057857,1.763532760626264,0
0.5156204570885,-0.5089403287249838,1
-1.023439157301859,-1.4601229449417212,0
-1.199413383547918,1.4320865419221007,0
-0.08149592236623603,1.8371887425544662,0
1.2337794554304995,1.4396071487119975,0
0.6042367418298281,0.3316462027083991,1
0.3793733590073442,-1.8427442885460672,0
1.112343860149218,1.3490340045200897,0
-1.5547888981829183,-0.9202288302556574,0
0.7617862276689833,-1.6293612068712924,0
1.2462807590359863,1.5621215001161293,0
0.722731989632662,-0.26156106812982044,1
0.6334141409941606,0.6474855002422024,1
0.9318664232389845,-1.6375098182254624,0
1.2049431502666772,1.4120248694417854,0
-1.8382254266556206,-0.07085191697386387,0
-1.7240772300499927,-0.4819339825272504,0
0.26750903662163694,1.8014015604935882,0
-1.5775804486568583,1.1802357932277439,0
-1.7328663406941602,0.21042627902146832,0
0.40235357031354135,-0.75432590691284,1
0.7013502858205815,0.3322018039349296,1
-0.558306839906247,0.49546184311733965,1
-0.6484059119576389,0.5523963554851974,1
-0.892392888668943,1.4894833841131905,0
-0.2086442024275332,-0.7680327435106752,1
0.18810335064628864,-1.8899295750109333,0
-0.5823245971134693,-0.49283709624900296,1
0.26778111227283935,0.5289363955450831,1
0.6980576159869757,-0.14747014421048152,1
0.16651612340946734,0.682569722664389,1
-1.5700058370965826,1.022676034029053,0
-0.7522123536480935,0.34155044449846544,1
1.680358935856941,-0.15870099670080362,0
0.23880552276797312,1.8089522771355118,0
1.3168296078988462,1.1854091303040901,0
0.35053910354837436,-0.6522384476402749,1
-0.47475129395739263,0.4824956923243321,1
0.46880011534712096,-0.7209485056043671,1
-0.6213347812077754,-0.4852490542179418,1
-0.8506969230467046,1.5252964040697912,0
1.7978840827354527,0.18600845502802066,0
1.6184446021765757,0.6532990289886924,0
0.23425551714119727,-0.6928777203297841,1
0.7583748289868631,1.6996776481363554,0
0.6949695733971907,0.26425694251434734,1
-0.7164946917138861,0.12480861424522297,1
-0.6733045818037716,-0.085589529287504,1
0.33077157921194117,-0.6852051114243843,1
-1.8272705308922348,0.13304223256831918,0
1.881207990942761,0.472551338965067,0
-0.8455050750884524,0.013804603509843394,1
0.5832386585006516,0.6071859298552899,1
-0.24224597621466012,-0.6831433135295821,1
-1.8869355122207132,0.15461814748006106,0
0.7301959012362239,-0.07770078426241259,1
0.5459827962922141,0.5105450227167678,1
0.11374721861382277,1.7798360511156281,0
0.5198245193749509,0.6134031859165083,1
-0.144740011951985,-1.7966050066290506,0
-0.5130727674628135,0.49480648462974003,1
-1.6367838391515166,0.45900361970285497,0
-0.8586941142931116,0.05565779751495007,1
2.030686380348527,-0.2911586661263201,0
-0.7503107803641356,-0.30321670373246346,1
0.7626762240938763,0.013242380428192082,1
-0.803514413689518,0.26636308390923713,1
-1.210473716540158,1.3930590748252636,0
-0.635080253045766,0.40416834682368347,1
-0.6849163010935921,-0.5527059337909811,1
1.825820823888056,-0.18509648992188188,0
-0.06594444618841216,0.7737591996830175,1
0.4156069974019259,-1.7449282092704772,0
-1.2212825294810141,1.3867307762892724,0
-0.8693185702613656,1.675174164108043,0
-0.21889562145074037,-1.9079371577957245,0
-1.013853832276893,1.5373385470571561,0
1.4106392231008986,-1.3239624856957308,0
-0.3632213244572594,-0.823115092774717,1
-1.6266206713126214,-1.0193079965172527,0
0.48937185917878834,-1.939221153198626,0
-0.35363920520214415,1.7747915008878268,0
-1.47031819249533,1.1840105355986408,0
-0.4856910800977583,-0.6273144214529986,1
0.6239269092339602,-0.4907838595740894,1
0.8766371090309654,-0.022087196268538545,1
0.457566140581549,-0.6024421888520338,1
-0.12263342090248973,-0.7271021533962332,1
0.6444777659271294,-0.19598199920440937,1
1.8733758539199912,0.3985345298605184,0
-0.45319079113024474,-0.6160008705654909,1
0.08550445332020602,-0.6998578546720731,1
1.4602907786019041,0.8401477839832682,0
0.10749102453272877,-0.8279026473562634,1
1.821418950827507,0.23160245322448622,0
1.5465592691647276,-0.9209342908867129,0
-0.8170753041028285,1.5890872408344272,0
-1.7747237929447743,-0.3822435559295476,0
-0.2749293164390629,-1.9447382104791964,0
1.0879284545781114,-1.3594337595167156,0
-0.09759547035369967,-0.7418906478089831,1
0.8195850956446615,-0.258738653710592,1
1.2149565177541852,-1.1799610635316045,0
-0.11236689114298909,-0.7398120213355763,1
-1.4888214287441641,1.1605367871135492,0
-0.6204407042560077,1.7117828716660881,0
-0.12930438885180146,0.8202211488123627,1
0.035097153872183186,-0.8466596900034616,1
0.33722882609809685,1.7718236327354902,0
-0.7667003649193269,0.06672578371224176,1
1.1762683728752195,-1.3566243968382627,0
-0.6181652480699439,0.0700553543708843,1
-0.31511652813927904,-0.7055703081729098,1
-1.8880132069724809,-0.2812340732471768,0
0.7679005730433017,-0.5399365441619115,1
1.639472885861516,-0.7943468777448137,0
-1.2249870452944571,1.2168183971297244,0
-0.6570600352008896,0.31627339493480816,1
-1.8485338779263116,0.04290000361518124,0
0.6730320704505844,-0.1177543117935052,1
0.1870232107988657,-0.7598737505443651,1
0.3937441294023685,-0.7311141383767857,1
-1.831257522895036,-0.08753360828844174,0
0.6265123120752909,-0.47222002284958225,1
-0.7059156635567688,-0.2973914289101444,1
0.5051317793270284,0.5188905288503499,1
-0.4016532439455069,-1.7350538768660104,0
0.7882852302898467,-0.23547310639056088,1
0.2136843098646278,-1.8864420193637816,0
-0.6352568587174872,0.5125873108717087,1
1.2399767443048773,1.3861365402990515,0
0.08345982179512125,1.811797579607193,0
0.6904835421129266,0.18407978040682452,1
-0.16646837976626622,-0.6907987443531451,1
-0.6700714254051193,-0.37746050543322485,1
-0.28273591512746005,-1.799076816440778,0
-1.6941610126588422,-1.0685273576977519,0
-0.46572346832863576,-0.7551503445832566,1
1.9044321121340981,0.09569003224926458,0
-0.8045623363230099,-0.274343411550902,1
-0.09469702760202985,-0.7790093939920723,1
-0.2659147221364098,-0.6957101696086782,1
-0.7404923326287911,-0.09649333423522818,1
-0.7702831193691084,0.5692612236173203,1
0.03481541214422155,0.8723887921254089,1
-1.711828441156782,0.45381673267526534,0
0.394428229620452,0.7118003450324905,1
-0.5692952054933771,0.525315622176523,1
-0.9802594007175249,1.4855200387059135,0
-1.3337246465416974,-1.2411453221726465,0
-0.4793691364749056,1.8253272032785157,0
0.49122641838657355,0.5376163478684526,1
0.6523587080382143,0.21763616168874306,1
0.6568531296162775,1.6929419959978027,0
-0.415385247667534,-0.640955243139782,1
-0.22094966947916933,-1.6604849292554478,0
0.0321889045809073,0.8145468084215068,1
1.1456997858058071,-1.4691280838113636,0
0.17596753858220732,0.8024442824864453,1
0.6693162562449666,1.6907075398531026,0
0.7767436801043414,-1.6411012700391179,0
0.0764749882710284,-0.7451323845339082,1
0.4131272300064173,0.7981281067375264,1
-1.5729722833995776,0.8909459858806855,0
-0.26289100708260416,0.8090342480808117,1
0.33487340015836187,1.7421768783545202,0
-0.10221014392110639,-0.7314127270750165,1
1.257979168183218,-1.4143074784985072,0
0.9144278916050504,-1.5803432846903354,0
0.14249692452635032,-1.83790590022063,0
-1.343721182039099,-1.0997471267387529,0
0.33908372594831887,0.6526633475938635,1
-0.3470197000781198,1.713906586424975,0
-1.8662936599574889,0.510471895874087,0
0.6832768756939873,-1.711510002642211,0
0.6726117312818953,-0.38880622848777674,1
-0.22001993946356205,0.8050374859043916,1
-0.1044048907609569,0.7919333832273815,1
0.41225359031229275,0.6774755994881412,1
0.23402800314167294,-0.7559947017288962,1
1.7102796997004297,0.03736971115479719,0
-0.9702471502211546,-0.13450203689102055,1
1.4115408687966533,1.3076766982275234,0
-0.24066022686362484,-0.8624945875137275,1
0.08911933968964363,0.8035214000482355,1
0.07965179964925043,-0.7598323229419153,1
-1.6946751937432842,0.8435761629798696,0
-0.7027089846297023,1.68205390234383,0
0.015193260457191,-0.8039260693988602,1
-1.4408192245869154,1.236475862724558,0
-0.0888848718201524,-0.8471852208913424,1
-1.9442301651416702,-0.24449951618894478,0
-1.1018395597264812,1.484143722479229,0
0.16100326062727216,-0.6076524701595467,1
0.7304209558718917,1.6658771464399116,0
0.07330596174377522,-1.7475494620113203,0
0.45792539582950376,-0.6499458784449343,1
1.1594720150533235,1.3456250450773044,0
-1.5195070961489416,-0.9445115655158477,0
-1.6259960022730906,-0.8790227149249653,0
1.4867744590262768,1.1196369065224303,0
-1.5534826287413823,-0.9839754143252695,0
-1.0930470297292632,1.4046431380038005,0
-0.7073939660097829,-0.08282793497854428,1
0.6499943680873197,0.07323185195115206,1
-1.3296449897839988,-1.1233103861432985,0
-0.3847931627076633,-0.630006635620303,1
0.6890711719239917,-0.3416362839082539,1
1.7107414958617455,0.08104828905866927,0
0.19171973946990067,-0.658829076480856,1
-1.7277253873227243,-0.43934779112324157,0
-0.8352319998586224,0.019387430589579282,1
0.4863275429938601,-1.7244965941591692,0
-0.7134388068824529,0.13308979970733822,1
0.01169512471108099,-0.7130248947969805,1
-1.2919547242612517,1.2861035183184455,0
-1.622059560719173,0.5396950734473746,0
-0.8298435974644515,-1.567465067468835,0
-0.4040847956684426,0.58448861903651,1
0.07293822526991285,-0.8675862854021069,1
0.19217900753408365,1.7916272238894178,0
0.6584964456459068,-0.12403422307141754,1
-0.7018436966855113,0.31712211691791464,1
0.14568465651805815,0.7499187002212753,1
-1.7664476044131514,-0.06923660792295107,0
-0.6477364713912659,-0.6125757615580798,1
-1.805223343566636,-0.07934329847632292,0
0.8455071149107778,-0.19307962844243573,1
1.6314842228527782,-1.012545517092768,0
0.4996723456271913,0.5300332413445032,1
-1.1338054551018357,-1.3741206783631688,0
-1.057286809211687,-1.4960920088201317,0
-0.7316427344322604,-0.2376152839550868,1
0.6997235057300251,-1.5474100867235292,0
0.21826419886600243,0.6456039409626305,1
-0.034436819806050775,-1.8086035071866755,0
0.07888234766794532,-0.7946032653673903,1
-0.5493110040030287,-1.7326951522162082,0
0.6781178774479928,0.30732032014263705,1
1.5650965360834843,0.8272749232037899,0
0.835112803206062,-0.423564496108306,1
1.8396394311367248,0.3463186138949857,0
-1.3671532937967326,1.1899920741081416,0
-0.920697796509027,1.7235866956453347,0
-0.4612947967080824,0.5304716185225258,1
0.6641925688605805,0.4968752895913964,1
1.7910649246704111,0.5732529367422856,0
-1.7936030814956307,-0.020714099679817827,0
0.601688159601964,-0.3717006563380689,1
0.44054121231325954,1.6844146428415687,0
0.7315678692787713,0.5038759184074006,1
1.2185844329302975,1.4023820142588188,0
-0.7428181373686151,0.1383993442019306,1
-0.13574967729325674,0.6481263321090948,1
1.1386837410051114,-1.434464691169081,0
-0.7680714155199627,0.018781644642256425,1
0.7882429161797148,-0.34001487289313514,1
0.42814588181052005,0.6032080403398683,1
0.8151436657327195,-0.29345064616898897,1
0.4876785175681866,-0.709741574025184,1
1.1242758061594347,-1.3895422243020763,0
-1.7189073323183746,-0.7750618974881229,0
0.6353263992899997,0.4581183886039498,1
-0.18310292263494557,0.9087436533386336,1
-0.3470403686692861,1.6910535030282825,0
-1.8254574037948592,0.4378105015281523,0
1.8266982635427234,0.6497521885144955,0
-1.079281624875368,-1.2549298721327733,0
-1.7453412785159086,-0.3741899117160555,0
-1.830824271530521,0.4140166311557093,0
-0.9924791688557765,-1.4954202822363103,0
-0.5770221705523161,-0.36305535421551555,1
-0.4641029134110594,-0.8019570672229549,1
-1.5289742223815133,0.7744710931095685,0
0.5155350401555456,0.543429317081409,1
-0.7675522423896266,-0.1387530761588269,1
-0.3400127899802785,0.671764327927416,1
-0.5633124344848077,-0.43398180453354857,1
-0.14777101122942637,1.7980715326367491,0
0.7374403675811878,0.008904457409200026,1
-0.10760446008032519,-0.6766513231030336,1
-0.8237385294951995,-0.21571467220983284,1
-1.823101248766234,-0.47190088840735706,0
0.6355528738568901,-0.2757673883921598,1
-1.2582325031789172,-1.3583869959661519,0
0.43511245246351826,-0.6420457413633675,1
-1.7599152703298648,0.7368963231104727,0
1.6006669569899945,0.9935023909581617,0
-0.3347328256232601,-0.8105020903858229,1
-1.6919535382731725,-0.5762224410610471,0
-1.8243130546246837,-0.16949716268577683,0
-1.6179618540371663,-1.1118580270947989,0
-0.6936809413192094,-1.5755060870869688,0
-1.0889233441613004,-1.5146651467459522,0
-0.6500916622389182,-0.3836728819324896,1
-0.17958251067787898,0.7980790760689768,1
0.4371574054274482,0.576045342051355,1
1.7484672951866014,0.5607414874034093,0
0.7097416227626322,0.09177126416961824,1
0.2684185510247505,-1.8368603143842475,0
-0.40665940022281705,-0.6951692275295006,1
-0.6827339830626926,-0.22583388665076978,1
0.5130285944718447,1.7255998030979691,0
-0.6719353416269757,-0.16142118145297615,1
0.8121044719699193,-0.021563452534081897,1
0.8578823881815049,1.568031981085654,0
1.6715460734091863,-0.45829852827506556,0
1.404684358822678,-1.2547005432859684,0
-0.7413479106072499,-0.18270649127148053,1
0.768143645031568,-0.14935998590252542,1
-0.547631612158487,1.7391982489168292,0
1.2131383975543273,-1.3250100057526515,0
-1.1989154715236512,-1.341246114803775,0
0.3780640115862249,-0.8450415542775668,1
-0.667523532910882,0.19327078684698568,1
0.4410269663548575,-0.6714137711279957,1
0.5463284141749505,1.782752450349898,0
0.5854482021624718,0.48982778708204494,1
1.1799219150625393,1.3243782638973811,0
-0.16817804054507102,0.8095658995428182,1
1.4219270037601932,1.1640004689872112,0
0.5533227392064022,1.728017881747479,0
-0.7220434806175285,0.11476933646823878,1
0.2793708967819884,-0.8047109048702407,1
1.621423524390297,0.9408939310724512,0
1.7559208286958123,0.34039194148659746,0
0.599064653110077,0.5118717717772514,1
-0.05363279627709173,0.6973263907795815,1
-1.7613302896107688,0.8234229701933917,0
0.08637342467979559,1.8349304337690684,0
-0.676862750734479,0.06038796783049514,1
-0.5463727299608554,0.5682219009278032,1
0.7351776439777632,0.34632948488833293,1
0.6817662762257408,-0.5510904025636034,1
1.745777868824582,-0.10980276451209305,0
0.6255187547211042,0.27263796337903873,1
0.5004359019181851,-0.5557274790031442,1
-0.7254349668919152,-0.39775646744003734,1
-1.3675635771991592,-1.0848381245837146,0
-0.13979541776990545,-1.7950425588821541,0
0.3503608076599347,-0.7482690315203516,1
-0.16193184108689146,-0.8382530102861573,1
-0.6439109134443833,0.3630241489921777,1
1.361766900227565,-0.9083785139987676,0
-1.3419497460554117,-1.3381465551006926,0
-0.3904635558922159,0.7211456579897119,1
-0.054146365457208454,-1.7545772130536264,0
0.35052876696716334,0.7414828897699347,1
1.3059988049234945,-1.1549808398827122,0
-1.7482633220745722,0.28727876648658224,0
-0.470609942548491,0.755213256364441,1
0.5129366799329086,-0.6245087477109321,1
-0.6753786648968395,0.29567101404233737,1
0.06751868967173812,-0.8430195875680495,1
-0.49643609283207674,0.630363327659842,1
0.2527937544346058,-1.7716271673238473,0
0.8086800387486834,-1.5570580613440554,0
0.7438067207758489,0.011262524845381724,1
-1.5122425080111268,-0.8847816217349269,0
0.5963760295667421,1.6452265288904682,0
0.25857901970547165,1.8253958426846406,0
0.5103036617482715,1.8318021662326291,0
-0.6570167244282993,0.2476807954092582,1
-0.5749231239838736,-0.5382908289450843,1
0.41700483599135496,-0.5087429842468429,1
-0.7632016003244355,-1.6299239786333437,0
-1.7218835324846147,0.6400943473389435,0
0.9809867512246604,-1.5827625239700003,0
0.5970104656924813,-0.3260964953976967,1
-0.5394623671592156,0.533409273676945,1
1.8267163907306654,-0.07268504345024528,0
-1.114375218877911,-1.5796841508020034,0
1.3618816932821218,1.1872421871004502,0
-0.10351971111243638,0.7916031314566878,1
-0.38281731944644043,-0.636631793074657,1
1.6672166085349724,-0.7107206539448431,0
0.6129736585665293,-1.732474762740631,0
-0.5382937497182712,-0.513327573081176,1
-0.2867355408196947,-1.8977034616599369,0
-0.9927155140991076,1.3810732238627028,0
-0.26401924045072195,-0.7084209881199796,1
-0.5856421258963527,0.42115304865319947,1
-0.01595900902956465,0.7777357038302489,1
-0.809088638256592,1.6589421067658303,0
-0.2350580079570577,1.8334598977964829,0
0.3760829799986528,0.8017471080640182,1
-1.7395273178995208,0.10083977574140494,0
0.38216279641155765,0.5957695862067318,1
1.924900122152962,-0.14448108161619397,0
1.7520662287273616,-0.3362847818585158,0
-0.6683255913999028,-0.14777905815353554,1
1.854612185632432,-0.19322251424469683,0
-0.39984273900785194,-1.6909495604353553,0
-0.7564566934039286,0.4672373418028394,1
-0.19531230597918287,-0.6761747157536175,1
-0.2210290564771483,0.7658271265823401,1
1.3285365825528554,-1.4920925645455283,0
0.8253776495470396,-1.5913393014355224,0
0.321272718828073,-1.7584956701568637,0
-0.05667482776741474,-1.892902902105095,0
0.49997709347267866,-0.5806333055064135,1
1.598728109524487,-0.6075521323284817,0
-0.6850153741185137,0.40932665261611517,1
-0.07173938848346262,0.681200924931133,1
0.22446523590168088,0.7214358031253754,1
1.8228723866091192,0.5084413634046715,0
0.698636865921484,-0.4862341205962322,1
1.579308651726005,-1.1410367368009742,0
-0.635099122863354,-0.2391567370564981,1
0.4508442287046684,1.7975225193569915,0
-0.8769493907673604,0.08180437906168112,1
0.6066256141507241,-0.40123862899192386,1
-0.7052602442905243,0.2700276565468675,1
-1.1713352539159323,-1.3376200427917653,0
0.04625262076738667,-0.8153341679296072,1
-0.5935036712286627,-1.7759545569492345,0
0.8565761441630538,-1.713171692961919,0
0.32227178715920635,0.6119698323870976,1
-0.5088101077287533,-0.6087507835726937,1
-0.7464414026547962,0.3457664090447357,1
-0.7119010482729532,1.764502214373423,0
0.7894173797403833,-0.1374516505580826,1
-1.0102360447994823,1.6551018323639226,0
0.7689086709975324,0.4511609179664319,1
0.9919196033747156,-1.427671060511384,0
-0.7226954568657336,-0.2589041735488424,1
0.38570568305777536,0.7384379247246948,1
-0.5475598235401331,-1.726876758970351,0
0.04713749533661305,1.8626688246916216,0
-0.6983016675085821,-1.748387787551493,0
-1.863762956156586,-0.4568023170846481,0
-0.048208620005018944,-0.787013125035093,1
-0.2742017060756891,-0.7776486941030565,1
0.5594758117214863,-0.36787918712707157,1
-1.3003725869225435,-1.3862475168036423,0
0.06403947622316455,-0.8354370762099703,1
1.3301752838200136,-1.2234086820469445,0
-1.5588086398327814,-0.9145646837878711,0
-0.26491499685742265,-0.6450396700809202,1
-1.7852313273222054,0.49282662353588486,0
0.22767608372345152,-1.9655919539731328,0
0.19104259624892472,-0.84224768190138,1
-0.5368910866885666,1.7817704009301136,0
-1.0861700002738337,-1.5362778426958763,0
-0.8167030788751206,-1.5288556957541242,0
-0.21635875152106024,0.65631838365567,1
0.4022860774634033,-1.739129785491424,0
1.4324845329416356,-1.0148228446933607,0
0.6381898094285214,-1.8104181868391562,0
1.5840169249950948,-0.5640591962125733,0
0.6773361549884699,0.4979785528053748,1
0.5588383563095397,-0.47535153492986226,1
-0.4464672768348167,0.443504103867712,1
1.0171393656177607,1.3987552900319642,0
-1.478062699117558,1.1150643326089633,0
-1.1417501851432084,-1.427653613531647,0
-0.7111700431739186,0.33711862720782754,1
0.371565561921058,1.726823334198441,0
1.729279182617266,-0.811660176846784,0
0.05413427701437247,0.7720606227452977,1
-0.40396473646379283,-1.860975698625858,0
0.5257238226770667,0.5724983848462839,1
-0.30230298770766867,0.7017974878256613,1
-1.0597642328426709,1.4653501924647467,0
-0.16748623365568185,0.7770211575524341,1
0.5569463138235788,0.632501694713601,1
-0.9730155451060268,-1.4940407115448588,0
0.4576838779612989,-0.5925521703718513,1
1.9019253737488753,-0.15091174789675157,0
0.7741264319388682,-0.16919269124279557,1
0.7784326033218234,1.6997719813980987,0
-0.821352084759001,0.013526944896347442,1
-0.4364634895552113,0.5339542875587125,1
1.8689497957525365,0.5765368451140488,0
-1.882062507854075,0.17612449564364913,0
-0.12649731092489255,0.7786176930255393,1
-0.23348535655932617,1.7537535191090152,0
0.919720209780934,0.07683841761502609,1
0.3062388436828117,-0.7709097791847728,1
0.13743834402997884,0.6996117230957082,1
1.053103947481602,1.5103273771725183,0
0.8011100005997517,-0.026436234897668453,1
-0.13433497988838616,-0.8404560104865345,1
-0.06720708170363754,1.9162641142486725,0
0.5936310640802355,-0.5651692646314573,1
-0.354165867976175,0.754431726908352,1
-1.7262226693558738,-0.6137375844609345,0
-1.8393492268544431,0.09536691708470986,0
-0.683676938619309,0.5761050587804379,1
0.3227764663070681,0.5586338207425163,1
-0.4936647580423775,-0.5351057004615732,1
1.8005965349051147,0.2896620746164045,0
1.737690957693106,0.7703450043857311,0
1.7355842854604384,0.7895527700116317,0
0.42834392545775507,-0.5541361776331167,1
0.7860856450819674,0.21103373911902476,1
1.6619272172059372,0.6979764639490664,0
-0.8342060128716344,-1.6115304055788469,0
-0.4044478279468392,0.6887154943854956,1
1.0241839200610743,1.4967630839863573,0
0.7024694689340528,-0.3725332586343851,1
-0.6965407230691707,0.175422756015346,1
1.021906462200433,1.580052855223991,0
-0.6894412631553676,-0.37555354471988456,1
-0.37455680604109876,1.8402510924893165,0
-0.26228717008183294,-0.647118882790248,1
1.6905088083092539,-0.7925067762427118,0
0.6912965788169178,-0.336884649487822,1
-0.724313324835364,-1.8049524498027738,0
1.0973767107497703,-1.43017042683858,0
1.3873719897452192,-1.3711159738353254,0
0.6918698030442527,0.09492305981268556,1
0.48792366946714755,0.4675645113990273,1
0.5593634445274722,0.6999080290428379,1
1.517324909257936,-0.9914470122495177,0
-0.7542887447164869,-0.020425436937951926,1
-1.6213266911799844,0.8608106963140205,0
0.7172377730704362,-1.6395185800590735,0
-0.3719977465010317,0.7190884988850068,1
-0.1361794674344961,-0.8437429869859674,1
0.9564068342089426,-1.7121337402153505,0
-0.017506096029385913,0.7248681625407104,1
-0.6315844214330081,-0.34201215165976173,1
-1.7111744190692608,0.4430119902451061,0
0.6664909396449712,-0.03812473683654576,1
-0.2456034911736126,-1.8537399668128582,0
0.4908834601432831,0.35035763890269833,1
0.556512643075295,-1.5977466190554501,0
1.592152030962165,0.504084365939788,0
-0.4491345593825977,0.6242444660383556,1
-0.9019499486347431,0.0014445197135042104,1
0.19264927639132767,0.7990312179428628,1
-0.6520896348374662,-0.328616136682189,1
0.7993572246211662,-1.728033536759702,0
-0.8992555265220274,-0.15720447646801167,1
0.6597797414233174,0.2595783405117944,1
0.30960185887747915,-1.8244707320911775,0
0.27681400280182117,-0.6953102702210628,1
-1.7919443942160045,-0.10711451135281103,0
-0.7253449767620487,0.30650154061534896,1
1.1509727246992392,1.449952809029887,0
-1.4137718398177317,-1.251187786509178,0
-1.6237895895087064,-1.0251288056168455,0
-1.6701653355646626,0.4826745806071182,0
-0.6344976119110224,0.5493018190211488,1
-1.7861383072027293,-0.5169906195503289,0
0.6912949534078053,-0.3041676389118514,1
1.817608704463241,-0.3998799102064418,0
1.0294203238292214,1.593026022982869,0
-1.1771617286016824,-1.354567549524984,0
-0.60049967039477,0.6236380931379092,1
0.4730290306098675,0.6159517446877293,1
0.07919773156236022,0.5889817063062296,1
1.2743123456441727,-1.4127481199915803,0
0.6978047567109129,0.4990855018463016,1
0.907433199791281,1.7518252270151011,0
0.5021181362649894,1.7173946151791157,0
1.698977867474133,-0.5131335715618296,0
0.8225170555068245,-0.28376414760804475,1
0.15702629495911705,-0.7543740618473158,1
0.5259675142089721,-1.6711023683148096,0
-1.6175816169418469,0.7884575281437334,0
0.3851174806513893,0.7106083379689416,1
1.6834880919812736,0.5759792742501603,0
-0.037509396094195485,0.7095061862302244,1
-0.5460010933480675,-0.478618838811857,1
-0.8468734039172963,-0.07690723586221994,1
0.7449549991867302,0.3338741774459228,1
1.4120976161300267,1.068008447393139,0
0.7595448540954842,-0.4510577826129821,1
-1.0612057727687703,1.4034367061509296,0
1.4099497050015983,1.1505672037894055,0
-1.003833528731321,-1.6507159798259665,0
0.13440238571128038,1.7455808185205222,0
0.08423605410839571,-0.7732973713698137,1
1.7661085598877262,-0.493395002714371,0
1.8121418151484234,0.41578848814989194,0
1.487694806962184,1.114306643916047,0
0.7146696688279344,-0.36739393112229,1
1.3941283593605496,-1.2171215837153193,0
-0.11116156766882448,-1.8924387724120406,0
1.1166698084239683,1.5352080433538429,0
1.262854613619906,1.4117880272625585,0
0.4052313756349802,0.6746415549827575,1
-0.7200831318916789,-1.7607060197252,0
-0.833573880692129,0.0718028154258228,1
-0.9622445235608177,1.6241471681193436,0
-0.3218200639178323,-0.6667943069312641,1
-0.06718726500097111,0.7628512738976857,1
-0.20197358483826558,-0.6585293480471905,1
-0.685478270004377,0.2607044631481164,1
0.839509573597553,0.3764438807378411,1
-0.5370006139995794,-0.5786874878105458,1
0.8397447380844534,0.28843181888526265,1
0.7789555453628448,-0.11987309151084365,1
-1.6164942725820075,-0.7086826105207918,0
0.1872026110514613,-0.8075123263383251,1
0.7966427254462388,0.011309112327305628,1
-0.22797186529377728,0.7566275587833996,1
-0.5023425494944448,0.54778233127744,1
-0.4128202110156059,0.7687335802073222,1
1.5991780844391048,-1.0765777910532153,0
0.4194754644783031,-0.7873367512288992,1
0.7826161316394511,0.3698908468892957,1
0.02682225671829303,0.7746874061100311,1
-0.5219757630349855,-0.5006237474471298,1
-0.7021414810100824,-1.634185287696091,0
0.5754615695090224,0.4529201702735065,1
-0.7838291663169535,-1.6147453895619717,0
-0.1581683631458146,-1.8796969755438124,0
-0.5846278919343895,0.34489310125111794,1
