dataset,delete_rate,baseline_final_ari_mean,baseline_final_ari_std
chain_noise,0.2,0.9634506,0.010895362492363437
chain_noise,0.35,0.8983274,0.023873072341866686
chain_noise,0.5,0.9147109999999999,0.01917131722130747
varying_density,0.2,0.9458356,0.023855982483226318
varying_density,0.35,0.9222238,0.015332861825504047
varying_density,0.5,0.8155766,0.13891513802980582
touching,0.2,0.8946432,0.039876946640383604
touching,0.35,0.8681414000000001,0.02440360575488794
touching,0.5,0.824296,0.03692676001492685
