-0.5972362963662561,-1.0216049959987523,0
-0.32396544953072326,0.9792078030450391,0
-1.9801937825442988,-1.2864830476882203,0
-0.7056759186786357,-0.2904585240425046,0
-0.7943528234720769,-0.8327521397307145,0
-0.2449107076106858,0.8147696131030718,0
-0.7435702372540935,1.167794273299467,0
-0.49743155217251583,-0.8390646069014194,0
-0.5579784877813179,-0.9396737008977193,0
-0.24549170768612136,-0.02141702475213497,0
-0.8973878536416249,-0.6588767690202105,0
-0.03453623942944497,-0.12709084680391794,0
-1.0466517525798313,-0.3267167003647295,0
-0.4577040388051296,0.39820280664143265,0
-0.5310140917049295,0.46424864914028663,0
0.5289497885795579,-0.38155354683642295,0
-1.0980983366468113,-0.7930791373049235,0
-0.40640745704807363,1.1695430706484562,0
-0.8539113153017465,-0.819732831226431,0
-1.2895256305882337,0.6862690279895669,0
-0.32837780419942564,0.5777312517385861,0
-1.192063315814879,0.26355638357318073,0
-0.7125145815630088,0.2499458110962654,0
-0.24979646598330327,0.25490296859982214,0
-0.367823769488672,0.09729020740468543,0
-0.6067989287958871,0.666766951463869,0
-1.6774060252564504,-0.2939222280074706,0
-1.0724286147659796,-0.6163948211186042,0
-0.952736682619391,1.539256499536483,0
-1.314876443512756,1.0072049932104814,0
-1.8157868234022407,-0.30929170170197345,0
-0.6842716501934074,0.6212399654869967,0
-0.34801329251338736,0.8304840668540164,0
-0.9978488674152596,-0.43806263999246076,0
-0.25804417316737993,-0.1642419512563335,0
-1.5661506350981758,-1.1158627340911078,0
-1.3477505316536103,0.531267144949684,0
-0.6967339370570355,0.7265697548455559,0
-1.0459925833620316,0.18918149218506441,0
-0.4005151589345185,-0.28349191448761785,0
-0.5040124212922167,-0.6396787304004518,0
-1.0066335579978507,-0.3566239405829176,0
-1.5171982025612547,0.520974640511485,0
-1.0718337342227562,0.041641655216376715,0
-0.48931601288225174,0.4801195607272906,0
-0.37611779943814877,-0.07047343533441273,0
-1.0435682585418433,-0.05151414445553762,0
-1.8185240203435495,-1.4328988942372773,0
-1.5949735607827733,-0.978430451084673,0
-0.5389586233892166,-0.8857237572923969,0
-1.015896410306906,1.341541049267239,0
-1.0024708184588103,0.7740811586729522,0
-1.3564350569726145,-0.17851978835237228,0
-1.3664922575760337,-0.31348218832996794,0
-0.2688759204713482,-1.7159737914003776,0
-0.5177157453226091,0.26918769605208903,0
-1.1483140512976984,-1.4318334858829445,0
-0.7398311763317067,-0.5058905083772531,0
-0.641403140243342,0.051095428621398195,0
0.19796686821141846,-0.21278489053508712,0
-1.4115386077697674,0.21012959578163826,0
-0.6491767098684357,1.4021137998004543,0
-0.2720620327783816,0.3895420867623911,0
0.11306994771256798,-1.171906175222347,0
-1.17627148405755,-0.907036496032987,0
-1.0230371103671312,-1.3617520027429144,0
-0.3946537714421842,-0.19547666466041408,0
-1.6857748636113208,-0.9969502710614319,0
-0.5918431705742957,0.875721559090464,0
0.440104195631378,2.9726953397521396,0
-0.5299860652111386,-0.9706428719080676,0
-2.0911681339283916,0.2994702539411569,0
-1.282450609055199,-0.39058728315884855,0
-1.1593169090714637,-0.11321168477158935,0
-0.13052078490818597,0.18767511212893603,0
-0.8813082713957466,-1.0172303365924924,0
-1.810767640345752,-0.4622638632990121,0
-0.8170253906015442,1.8150381835447313,0
-0.704183608472361,1.021814108899347,0
-1.0901607047778112,-1.1680478102894107,0
-1.375746526666082,-0.7036265087994411,0
0.5208706958264682,-0.8007709903867614,0
-0.2699910730710454,-0.883145770498468,0
-0.21292321482610507,0.41790929316105857,0
-0.8800839870164207,-0.012159884770238293,0
-1.1854898605754092,0.47965589018339544,0
-1.0629938139586845,-1.2091258406834844,0
-1.5675308329337303,0.20337345319849995,0
0.1840575240948044,0.19064827002031362,0
-0.8567871947754737,0.3177702714391393,0
0.01663169722305166,0.25064681541327366,0
-1.0359837912172756,1.146627401013009,0
-0.5211901976402351,1.580488775521569,0
-0.6717149225363173,-1.2079774781678891,0
-1.6228439421585592,1.696839096947733,0
0.27269329346309357,-0.15233626034075448,0
-1.0189769964908868,1.5054167559444327,0
-1.4627603645359866,-0.8748617114758281,0
-0.3896413194178913,-0.3696228204386671,0
-0.7871924792935554,-0.1360954608401907,0
-0.5770920263467376,1.4509022086454855,0
-0.7285165329532086,0.6795469531262965,0
-2.040972679699238,-0.020197161072498044,0
-1.301020308343067,-1.202263637826014,0
-1.3224303610567463,-0.3085223202196511,0
-0.22253047304263435,-1.3109439959241571,0
-0.7652727957305745,-0.46010350775430214,0
-0.9849423125489748,1.0420372404738458,0
-0.45414433988665126,1.3801013931605381,0
-0.8787767657177566,-0.6740434424175004,0
-0.9212958145598762,0.27399759907434623,0
-0.6757986993222306,-1.0664632809708883,0
-0.7285748523934538,0.2595831502458327,0
0.7593616078943193,1.9250672414884566,0
-1.3071591315230022,-0.2613040201574248,0
-1.6812599601731164,-0.5677311271634693,0
-0.590561123747043,1.247211009780754,0
-1.2310393686692656,-0.6318196334719551,0
-2.1005131644731314,-0.13531053321386588,0
-1.4353978078922784,-0.5058366815280726,0
-1.3216385133120587,-0.06620729818552852,0
-1.8616811753775946,-1.453035609282565,0
0.5213472920125753,-1.2715751366818415,0
-1.4564700962002828,1.8847276038315584,0
0.9969873572249023,-1.1545338045743463,0
-1.0098185782126063,0.3740698779997166,0
0.27577826717265785,-0.9679343992392763,0
-0.9344274013046924,0.8143106049600362,0
-0.5175058076392924,-0.35098500742002375,0
-0.8660965988500274,-1.3599433457092178,0
-0.9300720156818809,-0.240093329451536,0
-0.641713556167368,-0.5319893438033693,0
-0.4949613407368308,1.052097118144909,0
-0.6887616900158262,0.3843751054858312,0
-0.7514638618759139,0.02910495952781276,0
-1.2264254456757195,0.348752174263574,0
-0.8436968691780631,2.143604254081422,0
0.18054067797249546,0.41881404280045653,0
-1.2518677768808284,-1.094773402010025,0
-0.053785973988971454,0.2944572456367969,0
-0.4896858570097567,-1.7334160077207599,0
-0.21545801490830652,0.4880894408392806,0
-1.4648356431183256,-0.44732950843755276,0
-0.6223725160691046,0.0820233151375997,0
-0.9631767885142364,-0.07552740484851184,0
-0.9385347531753836,0.1831431577309029,0
0.11809051318082707,-2.563899492310209,0
-0.9292606163719781,0.20733811039035627,0
-0.6025842518488563,-0.346700120726201,0
-1.8610640432115109,0.3603710710061965,0
0.2749521841113419,-1.520535398044766,0
-0.2544563455132622,-0.302866824503647,0
-0.8216491172470185,-1.0346515341336573,0
-0.989100884668082,1.342365698118342,0
-0.42683785876375085,1.7790554468142106,0
-0.06220422016417525,0.47259889528816845,0
0.2851197006244406,0.4725044182454727,0
-0.27642904678900626,-0.2705856149492253,0
-0.7432544283257604,-0.675539809057231,0
-0.17735785616630195,-1.161339728390783,0
-0.3044087082047865,-0.16358199997764047,0
-0.06598373541557512,0.7875712043967769,0
0.3321500977636119,0.7672713120883026,0
-1.7478394202514194,-0.03861850101810604,0
-1.5025869929244782,-0.49456291728430823,0
0.1424521578494366,0.6730764381985966,0
-1.2125529047421957,-0.9950695081679838,0
-0.7639543048655955,-1.1999876761342685,0
-1.1955153079468195,0.34422149803145385,0
-0.07575320663729786,0.6440097154710152,0
-2.1887970345775454,0.3365005588245819,0
-0.7398899918811546,0.4471447049434093,0
0.20681410281170778,-2.055328587028144,0
-1.1464462831794,0.6259718811584613,0
-1.7536968784830917,1.5200699170998868,0
-0.5582201465268226,0.8842655090733695,0
-1.1340867273556008,0.8511094124858409,0
-0.12899340227578193,0.264280413526497,0
-0.6403457719279692,0.3021289578930049,0
-1.3133524170341784,-0.12001841630290268,0
-0.8775609373006648,0.41633625992908213,0
-0.1710797214722674,-1.0403467861933735,0
-0.8606929486130795,1.5256327564314125,0
-1.239931726439306,-0.801643161692252,0
-0.6600224037341191,0.8820442167504231,0
-0.7770472726060421,1.371577547737313,0
-0.2587687720805664,0.8794528481045837,0
-0.4443344010922612,2.3804881755905196,0
-0.9098329719774919,-1.995001618459407,0
0.19948453045102973,-0.43336267766673453,0
-0.7179129780695959,1.3519690497988408,0
-1.7663662716100712,-1.2354337340049335,0
-1.7657644694811783,-0.7732417889527066,0
-0.5145197802445333,0.5585707713486467,0
-0.6146740809241944,-1.3982008887397699,0
-2.200331484962094,0.0839294068248312,0
-1.0732889991260193,0.49310567815217804,0
-0.3536983585290159,0.16867555162076195,0
-0.31802967287303463,0.26057625223203706,0
-0.459080085455067,-0.6828634212353382,0
-0.8941685993299042,0.22780911337782203,0
-0.2810024434390318,-0.36875003029659525,0
-0.4645349375135333,-0.23953901735587194,0
-0.8561151613192761,0.8670259653577487,0
-2.0059585978666523,-1.2807174759264486,0
-1.692751168508575,-2.3284727997623573,0
-1.1998829924473444,0.7861214322865426,0
-0.9587091984791706,0.2288334732486198,0
-0.11627447279457559,1.3702900499549617,0
-0.8264394753952796,1.3964548005075499,0
-0.7275713153185555,-0.8169463570367621,0
-1.1484675644833977,-1.4666649122962832,0
-1.3285498149051809,-0.3326600312468042,0
-0.2913901441182138,1.7673955829587442,0
-1.631440749236636,0.4258663837116415,0
-1.421989449903187,0.5085736525675141,0
-0.8644190184940647,-1.820619027639087,0
-0.21493167925419415,-0.5821710719244579,0
-1.1113761309510282,-1.0516778753277884,0
-1.1851806113351628,0.4612881027921358,0
-0.9000743580606688,0.3610444090563163,0
-0.5621651709605165,1.3631937023131244,0
-0.9942078311618852,-1.4629485780182159,0
-0.12975922515992144,-0.3058600888771742,0
-0.10071758979596833,0.4163193373685261,0
-0.8644502117274719,0.38136409601366444,0
0.4120751829691521,2.127250849007241,0
-0.7415161496725551,0.19084928562430686,0
-0.12423062503259988,-0.825293706869324,0
-0.5798534484476359,0.00289223940195011,0
-0.5916013937338627,-0.8128757121877256,0
-1.758585025993452,-2.065173453767282,0
-1.4690986538386321,-0.4343485160948951,0
-0.9638023762649592,1.9860716373640295,0
-0.10598951387014023,-0.942915044322451,0
-0.5708791287178406,-0.3822235525342425,0
-0.9583902566827552,0.21624151093655686,0
-0.4044506917925318,-0.3137099025741944,0
-0.13182584794628305,-1.1246022590220008,0
-0.7801660083929358,2.6532715166688923,0
-0.6472865470589325,1.4768981373830496,0
-0.7279431364749734,0.6157390165494572,0
-0.8188650263419781,-0.14313140259913051,0
-1.2619377369930458,0.46372368835418254,0
-1.3061131174386829,0.701414871647888,0
-0.11868418053518663,0.39930127465832305,0
-0.9595458491653452,0.4876300290699063,0
-0.9732937612937533,0.9741388746598776,0
-1.9068515242363713,-0.3100214304342175,0
-2.0045801626688244,-1.4813378354496092,0
0.052104827984024764,0.9333637660759572,0
-1.2251515870779,-1.488856610455994,0
-2.6015468668203567,-0.5200365768200229,0
0.6998566225725711,0.4683534909090657,0
-1.127115160017374,0.49885837855056314,0
-1.741045323019326,-0.2713457223831344,0
-0.7230646750293962,-0.05796188728583191,0
-0.29922463572926017,0.37719116529421365,0
-0.37431478571112325,-0.6663956571857835,0
-0.23361934022175784,1.6746231116799166,0
-1.3788320115600823,-0.8677584068730371,0
0.034890822019358364,-0.1642820188694456,0
0.07660300686325808,-0.41804381107836897,0
0.10800754982243942,0.16185081632031287,0
-0.6257373348677047,1.6097471300724306,0
-1.0058467495534413,-0.9217314794672647,0
-1.059058283969592,0.48598170640296184,0
-1.7439885498223742,0.6730128863065789,0
-1.1143624941261256,1.1885762038021037,0
-2.2519264107942716,-0.7655938163419269,0
-1.8179929193911175,-0.8056633264812657,0
-0.6322132553648313,-0.15204067889680684,0
-0.9393931826645796,-0.13179386771007312,0
-0.6593590208379702,-0.9898351709722949,0
-0.35069670792850366,0.6984657372636702,0
-0.5479931532751317,0.5912473151481022,0
-0.6023242989440111,2.084914849086048,0
-0.8374480918107067,-0.28120543593933145,0
-1.2460253479859462,-1.0138045585016788,0
-1.547013615275824,-0.8688713359933424,0
-0.8273851193620946,0.36673517057720206,0
-0.7526981699020802,-0.7443481452246659,0
-0.23216685737076048,0.7759976727161964,0
-0.8819296102161808,-0.6305767503069618,0
-0.44782195825467125,0.2189165413737954,0
-1.6718707918774878,-0.03965609270030846,0
-0.6234033447094438,-0.8798803066990184,0
-0.6676631014332959,-1.4406877920337806,0
0.03513713546131813,1.2897380827135096,0
-0.9388657896707197,0.3961927222383947,0
-2.261528268006232,-1.1391591232056493,0
-0.964162458919753,-1.0540828426669184,0
-0.34606988723728793,2.046751564229552,0
-1.5054117772847815,-0.8170122041860077,0
-0.6397035851690624,1.6566199791290865,0
-1.5334660865912826,0.28060383724628285,0
0.3325502511462165,-1.6396394115402786,0
-1.569450775432177,-0.39892103258954587,0
-1.1032149117370038,0.8499351171602411,0
-0.6358955273465806,-1.7641028730402075,0
-0.46806435110711553,-0.5544282709271974,0
-0.002713763206497203,-0.6049889925374798,0
-1.1743487108925648,0.5756878994267597,0
-0.31631709596762714,0.4817037935410925,0
-1.817459028232959,0.5725590398605243,0
-1.4181663495572208,0.26670304103953807,0
-1.6569160297547225,0.47990839356638254,0
-1.278562336105575,-1.2667382179736024,0
-0.3464232337600989,0.27313660948733565,0
-1.1604695016398012,1.4950462818869348,0
-1.0542077228218911,0.06145588646228775,0
-0.6191868011734942,-0.5969863403906204,0
-0.495207939539065,-0.509890659497678,0
-1.0364197474011698,1.4056042148409664,0
-1.4220152687753391,-2.408446979114812,0
0.20358152201716243,2.604431093109934,0
-1.0325150035784534,-1.9276350873929426,0
-0.9744040012364181,-0.2601317357017173,0
-0.9004909462400302,-1.0957599637194084,0
-0.42873479050663876,0.558893573117032,0
-1.700243147240019,0.7353702628938674,0
0.47440855124831766,0.20273944677740588,0
-0.9908598060072804,-0.11443641669113928,0
-0.4068505030312407,-1.719359261322099,0
-0.6832676465238291,-0.36543927664481796,0
0.34881292104526207,-0.1469350783822717,0
0.23849682809555028,-1.0860139128211903,0
-0.4240152827309156,0.3516879091291545,0
-1.3168481910869285,0.20823084515852924,0
-0.04068083879318719,-0.29808487469057166,0
-1.8213614883422966,0.011277182510938314,0
-1.337310268422578,-0.3168238954763418,0
-0.8340722250989312,-1.6940838860588223,0
-1.7745808121078874,0.516018803163912,0
-1.1045209466675274,-2.5619658091029964,0
-0.30287987319162796,0.3041762081748238,0
-1.2217150205756275,-1.3012836504985348,0
-0.2716349300778377,0.38194470486001825,0
0.6766743794890557,0.4535074594605203,0
-0.5463591692022316,-0.1396161495092934,0
-0.2833030939575131,0.6605004606551559,0
-0.01664430363695028,-0.4976371287765617,0
-1.0509921476595705,-0.4549854098914183,0
-0.29922733359632747,1.5427247546434508,0
-1.065358472885346,-0.40010009531848467,0
-0.5914977755378198,-0.21925630473117771,0
-0.20036693585266943,-2.245796636918223,0
-1.2908890179089905,-0.7614019202107288,0
-2.2066171381295474,-0.9444782038294107,0
-1.3451166339681644,-0.17414255292235725,0
-0.10171479749687153,-0.21854828517739192,0
-1.416024043488871,-0.028517568378115112,0
-0.14082458756339877,-0.956924631403875,0
-1.3423079705016105,0.593283453419344,0
-0.9198718120272766,0.6831291303926202,0
-0.7924189437050083,0.7378624195325949,0
-1.4186384596949928,0.01681140813015549,0
-0.9132222799433244,-1.1993116036818459,0
-1.742590037233858,0.7217849764279216,0
-0.9992143874856831,-1.0037200348035191,0
-0.8430177836368813,1.1685798802071312,0
-2.182328016744941,-1.4829318389899426,0
-1.34985594529692,1.5051486147225206,0
-0.6108038248207839,0.8041877463406821,0
-1.4830626670855722,-1.1019706985974702,0
-0.5095065540032682,0.08789026746038713,0
-0.44763135276574756,-0.16057144286309494,0
-0.6135278982382782,0.1887565825832976,0
-0.307218427032991,0.8442848865371697,0
-1.7771641214128806,-2.241241770535218,0
-0.1699019016217254,1.228897000205208,0
-1.4097763246680592,-1.8498446012125833,0
-0.723336056296547,0.9693817964650477,0
0.31801759219896075,0.5505997713678676,0
-1.0119445814889685,-0.8732489805723103,0
-0.7770318008418202,-0.2733069263944254,0
-1.406370593328467,2.098737188101928,0
0.31039938144962287,1.1766918635441366,0
-1.3486076865893704,0.8927871536548712,0
-0.3919099530234086,0.4760932307457358,0
-0.01790709077742231,0.6708916428338454,0
-0.3303641447591587,0.672442490128043,0
-0.575119833043726,-1.772840436033984,0
-0.7327859202712151,-0.5328629314172252,0
-1.568697759926947,1.7280438214807747,0
0.27596077904754074,1.4021471627513338,0
-0.6275860214480364,1.3934637387999622,0
-0.7766627945396353,0.23389189929732204,0
-1.4544382202632014,0.4300728222224,0
-0.7470309345322531,-1.286960493167181,0
-0.8154403086434916,-0.05152561356360833,0
0.31799714241833377,0.9323821711496724,0
-0.7770353889433664,0.28035247901638405,0
-0.7569466211112618,-0.1759703953537007,0
-1.4476672542999522,-0.12357766124756221,0
-1.2414705752926964,-1.2340884337932676,0
-0.47063229249891075,0.4242875855185595,0
-1.8794477056495387,-0.09492018184555293,0
-0.173607366718874,1.0990808848076852,0
-0.15513190892108758,0.06833105017252401,0
-1.3021330846157149,-1.0657669840897261,0
-0.572781852960376,0.41218033930764153,0
0.005185099991384379,1.140253790178946,0
-0.8651191598848418,-1.2279162627714155,0
-0.9796903609903328,0.24847349777657268,0
-0.9079456386424357,-0.5547871260884296,0
-0.6290136416063488,-0.4800942798168345,0
-1.169107364382736,0.3436591655521406,0
-1.0305061320561753,0.2756216449102203,0
-0.6165563336619094,-1.1220673608462977,0
-1.079091860357817,1.4815072512093281,0
-1.4965005270586207,-2.109291286520309,0
-1.9255131206240899,0.058427487833608314,0
-0.7650975862818921,-0.08979448739701208,0
-0.03965638630249573,-2.671161823670417,0
-0.5413130680802455,1.6064337527438204,0
-1.475472637267828,-0.3546727974460646,0
-1.2456356353854476,-0.8744768406752318,0
-0.984077201343167,1.4711102959427074,0
0.34241338101264324,-0.3103566827483256,0
0.38390270060764964,0.06496018051848311,0
0.2911012198011598,-0.06523353140087326,0
-0.703703379797113,0.3982335260423569,0
1.164840498324501,0.8890152023615737,0
-1.21766237888321,1.007931870616362,0
-1.0058847971019977,-0.4657413567361497,0
-0.22700668485357486,0.060423342792128555,0
-0.6132629322145339,0.04314801456905867,0
-0.5776998478542961,0.45833363708210856,0
-1.971568810665154,0.7024124068531095,0
-1.3861092146211091,-1.4280363097390294,0
-0.8198631515476547,0.11385995754275502,0
-1.209227394835897,0.868554259368138,0
-1.6069136410840537,-0.3820876889474265,0
-1.142627227462745,-0.01804422481838923,0
-0.6130861381387074,-0.9891854988565432,0
-0.3400088550329478,0.09266667975312391,0
-1.9439675148703803,-1.9496110569822176,0
-0.7916050801791599,-0.19420844094017997,0
-0.8474572070606782,0.0007509440599287119,0
-0.6457660482872091,0.9863651855578129,0
-1.465248992036688,-1.1549429120379244,0
-1.4543477831960612,0.3208924197242606,0
-0.02079953564799589,-0.4067329828019426,0
-2.317795485697099,-1.6924075549867448,0
-1.2947708442423655,-0.5344155851418766,0
-1.0344274231385642,0.06799556853683494,0
-0.9751779261063535,1.0890956270397787,0
-1.1985053183620629,-0.8421210588485636,0
-0.4904631601026425,-1.5223342819208254,0
-0.5451400195689793,0.13262215913530573,0
-0.874446462829707,1.6335462499979039,0
-1.1655155480339474,2.1103978050009546,0
-0.9222599646168562,-1.2610625300410332,0
-0.7411860390720925,-1.05823709529875,0
-1.2449391335024782,0.4301152474159918,0
-0.44343587823912306,-0.5995137033251794,0
-0.17869362931791885,1.1983704964341682,0
0.09651608147860403,0.5638498009994716,0
0.051839046765042376,-1.8710221057009087,0
-0.9789546348569681,-0.8468563137531616,0
-0.710957325493965,-0.5482762963557789,0
-0.8859204781996542,1.9304520470334525,0
-0.8881042426447106,0.4470457343999097,0
-0.9264521351981526,0.10550765109246649,0
-0.7803636544307949,0.4819307946159335,0
-0.06962516191674196,1.6932690048834882,0
-0.5942303618806296,0.6245985353296079,0
-1.4896248282806868,-0.059756149943370994,0
-0.20757932900670117,0.9038484956331444,0
-0.6543185851880301,0.9244827983658562,0
-0.483172916641133,1.2416068893359393,0
-0.6066519377033635,-0.3303179383255203,0
-0.5781546736042679,-2.9315590361205395,0
-0.5493126256752029,-3.6567218417336096,0
-1.8406739855665701,0.4854105723278608,0
-0.49128848969567174,-1.1453024620310193,0
-1.2206281625946003,1.4135833755722549,0
-1.0808017462977704,2.294888444506918,0
-0.7852293875732652,0.4412307001671611,0
0.2072216276774368,0.16138742251502178,0
-1.3985698043715717,-0.08183042465620229,0
-0.8058846073561913,-1.349685297337423,0
-0.9408979899550414,-0.7207661261156069,0
-0.21734674661481684,0.06398570838989052,0
-0.9574288921289958,-0.07824862760151607,0
-0.6472606286065892,0.6521448343813657,0
-1.396956328809224,-1.0232249288525148,0
-0.10679519622977547,-0.38753599209785,0
-1.652690469524071,0.47737328010112434,0
-0.49996942066279415,-1.5173570605896423,0
-0.6433616230382084,0.7721289105143007,0
-0.5545233704623421,0.6674673024520579,0
-1.644982213116912,0.3634468938288745,0
-0.9695826041593679,-0.458710121103382,0
-0.250331788487483,1.5234294041765242,0
0.3160407341936019,1.3572800253258455,0
-0.8513282383826692,0.38534872076412374,0
-0.31392829599580185,0.15143748391408215,0
-0.7038834035799367,0.8612010613259928,0
-0.8203973911304081,-0.7077289294293788,0
-1.0381576731322413,0.6694159318944476,0
-0.7822172350904596,0.37271053669244947,0
-0.37323991839525317,-0.3496569486782656,0
-0.3204114422220703,0.4117384328285087,0
-1.5410920552656657,1.4860814291691062,0
-1.0910491472967587,-1.6430097408104622,0
-1.4247481709239747,-1.0024722766998466,0
-0.752065924551873,-0.24763270279887675,0
-0.9905574381738192,0.6550621463368447,0
-0.575681443381215,0.34830121598673724,0
-0.5327945717431062,0.6514583500684054,0
-2.076397225457227,-0.33914729764209806,0
-2.120696405380831,0.06544857674625278,0
-0.7868927476642075,1.0852493365473324,0
-0.05593700355646178,0.23386944321962397,0
-1.0908139289741574,0.5191447392656043,0
-1.1077083155513776,0.027612802618504795,0
-0.17947152293871846,-0.5344584780499788,0
-0.29010658683023477,0.7133519007322964,0
-1.3694165052703184,1.0128782245991141,0
-0.355775034002017,0.13198844460186268,0
-1.25141792812073,-0.8389772781392043,0
-1.1136827469335249,0.5771657190828644,0
-1.3699274159813228,0.471008356201797,0
-1.5453483303118942,-0.17713680827808337,0
-0.7168294748194578,2.4991671861604003,0
-1.6284575859656858,1.5160951799060098,0
-0.6921869172485483,0.4443985246232388,0
-0.7114955780385315,0.4782967416134717,0
-0.878273687343389,1.4979469923482973,0
-1.0639058715166125,1.1728387281044856,0
-1.1791012102313154,-0.031848609929139994,0
-1.4412515855754868,0.4886989964740317,0
0.10192602570111073,-0.04912794625951541,0
-0.9047591246802725,-1.0970014585666912,0
-0.9246271932796011,-1.5800712240902621,0
-1.3437199576686767,0.2581261094934693,0
0.024608765796181917,2.866972992548541,0
-1.1436761774448971,1.4790051267413564,0
-0.6346124968682154,-0.12377543339808263,0
-0.5188371869614562,0.09156968487439976,0
-0.716370908441747,-0.38349131878521114,0
-1.6412059822711182,-1.5303990939022039,0
-0.3835607337705966,-0.25051144284981136,0
-1.1495027798214144,0.03761235497375445,0
-0.29669498557784985,0.2112290388708671,0
-1.1862667813148398,1.26785946950357,0
0.18411530481966898,0.5286364124965811,0
-0.18711835550220715,1.2836868079299704,0
-0.09121063072919339,0.6494020330628663,0
-0.41721752074131835,0.5539971811451022,0
-1.4568085754893307,0.7369123056708043,0
-1.6152753248573575,-0.7737096929239811,0
0.015137820232733338,0.877836574496102,0
0.12784236406258115,-0.24543431595887424,0
-1.4904735351425593,-0.21387752620689857,0
-0.7214989754711678,0.10881659200648128,0
-0.0890150903085815,-0.33594705877064324,0
-0.5682269310754213,-0.969722580719222,0
-0.5079716696457904,0.03216005827180608,0
-1.243748218997946,-0.20922254626930406,0
-0.8969669022033272,-0.24389951736459567,0
0.30192222088906445,-0.07043354917090042,0
-0.9335802861996458,-2.089891314724037,0
-1.3322733575937935,-0.23674535605206892,0
-1.2045351911660351,1.4248642314025677,0
-0.8851724793181069,1.3306466638558065,0
-0.7462224619694566,0.06662843583212112,0
-0.8384917242536175,0.032854795921790324,0
0.26970715192314915,-2.314324110548499,0
-2.011160813912044,-0.5197085780134936,0
-0.7751456036733102,0.726184928065334,0
-0.4940118781642104,-0.3591576202491243,0
-0.1592966557710608,1.069755545776891,0
-0.6712101157891409,1.0015267020989018,0
-0.616898898106452,-0.5382081348888603,0
-0.3562345416624641,0.14076456321600164,0
-0.783230929460123,1.517043793038061,0
-2.2866340098533837,-1.4031694964308976,0
-1.5118219662028973,-0.33795764428927083,0
-0.9401476398971426,-1.4937281404212635,0
-1.3880334363926858,-0.8406296733346399,0
0.7225461637611901,1.849196165388205,0
-1.03648785785457,-0.33828358814499354,0
-1.4886068009335893,-1.8986337380368536,0
-0.8557093137972329,-0.9790417983744643,0
-0.8360725604924711,-1.5875586450551789,0
-1.2512039632369951,0.17916747573189806,0
-0.5595364392747451,0.45076302418777425,0
-1.5936182679797832,0.892450146325982,0
-1.274646464298269,0.6683527004962453,0
-0.7905747272714383,-1.3614502986439843,0
-0.9779069760776835,0.3981216625238659,0
-0.40825530716240904,-0.11341071151707403,0
0.1550512402926166,1.046838815898267,0
-0.9414019696624515,0.7868163830684817,0
0.4015185057469999,2.009562993167951,0
-1.5369150122022093,-0.9069932275671183,0
0.1263222294194695,-1.0400891457026262,0
-1.5948764003767903,-0.46214892080180103,0
-0.5264196072358215,-0.07442467508750869,0
-1.1829001630017206,-0.6520909605394152,0
-1.2207722503018585,-0.8594886245182481,0
0.6147720167874602,0.3295747573473309,0
-0.24039777407564836,-0.46506175907558095,0
-0.8980587558780762,-0.6918350027673904,0
-2.409762750095584,-1.363088669625895,0
-1.8941071742883544,-2.2437827276348514,0
-1.5169035124175267,1.3675316604524212,0
-0.8112953063732491,1.3327878626465288,0
-0.5320870036627597,0.8195852758059055,0
-1.3363746467494653,0.5583314590036904,0
-0.33729195456197003,-0.553527553453741,0
-0.4410091331776171,0.6010004090607997,0
-1.1209722999155125,-1.1052363294904175,0
-1.5100182257666155,0.11641032595521811,0
-0.583569024514044,-0.7716148519753421,0
-0.7677534117384124,0.6053941862383735,0
-0.4050517572256457,1.596777877592806,0
-0.0011604533703223063,-0.9825164385992721,0
0.24812133097621933,-0.5073894853160983,0
-0.14346132922532,0.09770193388002435,0
-1.0367330659618617,-1.797172599134021,0
-0.8892352005028591,-1.5463183549276092,0
-0.1910201680247576,1.561331417389135,0
-1.2726228653679774,0.3340800577883326,0
-1.2287756822886995,-0.6058953658706735,0
-0.30922484617203955,-0.009912862928070717,0
0.282491741185959,-0.4581467351810126,0
-0.1713788522460946,0.1274298008252132,0
-0.2961764686493789,-0.4227130459301864,0
-0.8144359148140162,-0.08766090259654588,0
-1.2966225873858523,0.6978753218076296,0
-0.38539744764865524,0.6286473500780829,0
0.15823114318274023,1.4931934690504751,0
-1.0139236008660197,0.40588890452898957,0
-1.1663697185899842,0.052613978895684234,0
-1.1517469909229,1.6656657542199818,0
-0.5610761584576894,-0.19124018918367122,0
-0.05226822066321761,-2.163804348674293,0
-2.018859172700597,0.8330009778266444,0
-0.7469803433265068,0.28202844342952277,0
-1.597239806914075,0.005548276509944342,0
0.4442599725426398,0.861652117484825,0
-0.6800086079223429,-0.4145263852517242,0
-1.0259572421421455,-2.121963064902348,0
-0.6260980728430062,0.8831533680900232,0
-1.7500336788222028,-0.6391644733105092,0
-1.4936712343096468,-0.9462084782678288,0
-0.751263826468906,-2.0767090033367643,0
-0.4074552017635462,0.7905878376756534,0
-0.9379984364745906,-2.477070165029759,0
-1.3949370855932897,1.2745360676907789,0
-2.4871861873240793,-0.3220593934606959,0
-1.5074877036889196,0.8418219619924007,0
-1.1979514900204444,0.43710677745917687,0
-0.437379667486961,1.884032879157521,0
-0.9084720897246653,0.4089115688757621,0
-1.6945107593143869,1.2316129773061097,0
-1.250305426336431,-0.5374718148383201,0
-0.7976920500334987,-1.549855286553491,0
-0.6437979440982449,1.0063846027340766,0
-0.6044603797377269,-1.5761346595244583,0
-0.8599574140014419,0.7786406713472144,0
-1.9354104530494871,-1.0567427745076325,0
-0.2466606663697316,0.3018786173919535,0
-0.5314806639506587,1.9075399233916406,0
-0.4967918418642317,0.693638891635504,0
0.877852568655909,-0.18697239550055514,0
-1.2732186411506454,0.4611930981494678,0
-0.5149155706170996,-0.503084775152004,0
-1.4169947332352184,2.3624972879226633,0
-0.5836710401112253,-0.7107580530346775,0
-0.2225134539777858,-0.08124216672204324,0
-0.9390890196077208,0.5970454672551212,0
-1.5760800513511266,0.38525481054424376,0
0.3887427211920933,0.49996705982992384,0
-1.014700627498383,-0.4832740228658337,0
-1.0356237551656282,-0.22754139308240554,0
-1.0156781406401276,0.9547063804505687,0
-1.8466488805753491,0.8998393030377186,0
-1.0168307271090509,0.40982422824602693,0
-1.4749865536027382,1.371244652630649,0
-0.020377992896486823,0.9984282748871778,0
-1.7127188157724627,0.8666239225616532,0
-0.5358436471867036,-1.5926758697421404,0
-0.7989486128140922,0.3972839249946917,0
-0.4431335160796517,0.20809471880007713,0
-0.6055040918749096,1.5177083435846168,0
-0.03239501248472249,-2.8673695107380563,0
-0.9786677170400123,-0.13731595082628315,0
-1.85822964396222,0.12416639473983165,0
-0.018463457943411466,-1.0686653708126987,0
-0.5778115436930842,-0.8961740181355052,0
-1.1959884504609977,1.521529283492797,0
-1.116683924561533,0.49596131699152973,0
-1.9312595003480595,1.9103915581557858,0
-0.4145779648903781,-0.15534738600444678,0
-0.43119608296126677,-1.3952242871546396,0
1.5466207904586802,-0.29827992130762015,1
0.6965233607295755,-0.46766628422006024,1
0.4656483891985379,0.7307978338501909,1
0.9785258512343087,0.6874362025628701,1
0.8162425274379101,0.5474703156155462,1
0.5648464267814871,2.2815650357315556,1
-0.13963301605323272,1.3028583011128188,1
1.6602716159598683,-0.8318579620049587,1
2.188358319348101,1.0346953402874466,1
1.4170206626292423,0.05732859887584164,1
0.6884572807703174,-0.1825316895471046,1
1.0610610304085484,1.4445422091028277,1
0.9327945709786525,-0.8917493515181365,1
1.3270744461436241,0.959595199101513,1
1.2229932997976665,0.7821461782184471,1
0.6555336547339571,-0.909474412666244,1
0.2893620098661672,-1.6231767803938244,1
0.9669029268972253,-0.05528288610972494,1
0.5518865445161883,-2.9568395221455517,1
0.056928495183762445,1.1613282304789936,1
0.4141652101121063,0.3933007727613242,1
-0.030967590182346034,1.4824452940299429,1
0.7333338447576939,0.32202764647054277,1
2.247524366877347,1.560975253658529,1
0.6336850076834648,-0.5702700115672246,1
0.6220491156696599,0.5441349730919329,1
0.757123525589243,-0.3702683807347535,1
1.721134436225022,-0.08635872680539654,1
2.2314673629490707,0.12069069885582163,1
1.9161780810516644,0.3899950377532769,1
1.4120066253636998,-0.7030052032784716,1
0.29821133980546166,0.49342913740453775,1
1.4276969890525888,0.06968808918931876,1
0.032971848292095526,-1.3451561407054446,1
-0.0533149665337485,-1.756687827705631,1
0.8887577062666343,1.1655745065251586,1
0.8134094232059187,-2.2545224778390933,1
0.7046828812178381,-0.13544497086896087,1
2.106650115661575,-1.4430269099833033,1
0.582117601163701,1.752325807577524,1
1.0975072772650565,0.5980963116750859,1
0.8918838507489809,0.3623390574647811,1
1.2983715351822733,-0.7887488715716852,1
1.359954877345941,-1.3580311881371756,1
1.0229503447995167,0.20958945362085143,1
0.4437971706943652,0.006102323350279696,1
0.4399672179547924,-1.0536467312207933,1
0.6048401145252025,-1.0862643871831834,1
1.0195351751156247,-1.13283288576813,1
1.2581335318513889,-1.1645476627541353,1
0.4744500699848251,-0.6019743322211981,1
1.6340558558253506,0.362689008685362,1
0.6918245363430496,0.5328417897671839,1
-0.4702439323282297,-0.014555207801353002,1
2.0462711553432396,0.16272031205929402,1
0.8632706115325997,0.5827562556734632,1
1.3707123932477452,-1.988884061446887,1
-0.20976700070895457,0.2414625884583077,1
0.38335757593756803,1.3544689457854024,1
0.6284071404520559,-1.9253041753060478,1
0.04423990924106058,-2.7487896145466015,1
0.6780966028200134,-0.16129187565025463,1
0.5614046143902842,1.1189372880564237,1
1.556423390952899,-0.14311204877800957,1
-0.48710445247929324,0.6526169971884326,1
1.1621148460124586,0.34157681159075926,1
1.4233603690911774,-1.147726326946327,1
2.053162919789651,-0.9402244309340371,1
1.280968265424666,-1.6755920818258314,1
0.2513073394867369,1.560903068714571,1
0.6616818132222092,0.8775359724758451,1
0.9669070818492902,-0.07701233193454204,1
1.657784271689024,-0.21006049538797208,1
-0.2701012388675574,-0.7824387363876399,1
1.1595592205145728,0.42857545898247196,1
-0.13909830806000914,-0.7027339236838719,1
0.4649924260048959,-0.3401891916613805,1
-0.02191126387448652,-0.605780581330201,1
0.37493757681173306,0.8084469018239749,1
1.3176907900704922,-0.11828261416911455,1
0.581282467178079,0.17037564998017918,1
0.32100819170656447,-1.1295461865130487,1
0.24520319128179532,-0.6122885490477883,1
0.10833140523881468,0.19273737368476734,1
1.269008750842397,-1.5743169869887528,1
0.8370402992561808,-0.1931663644021159,1
1.0310066581030535,0.015948551917346947,1
-0.0695388380095046,-1.2462857263479987,1
0.8396733963893758,1.0683265900890209,1
-0.5358404834657081,0.3782835827239059,1
1.5509683050902803,-0.12557185680467728,1
1.1589527413577196,-0.6812428260825923,1
0.7484533028118403,-1.6084781847452285,1
-0.6156365366429016,0.9814314082687262,1
0.21775330218540975,-0.4311688731413792,1
-0.02836618174240953,-1.3953760988198554,1
0.7150578937085158,-0.7080221569623562,1
1.0533609869374834,0.48618826675628407,1
1.018341006233439,0.27006173682150314,1
1.788933129529242,-1.0494971469445207,1
0.7879548897843932,1.1732986343161829,1
1.596898941805375,-1.4072907147889187,1
0.6301353823390449,1.401036408748346,1
1.133127716374356,0.22628056728105098,1
0.688176161820113,-0.35870808019203293,1
0.9983358354555105,-0.22593658674555245,1
0.795530261416412,0.10842259139363819,1
0.4059220202641722,0.5665935561568899,1
2.6083006321142537,-1.7661481672021266,1
1.020280104636683,-0.7389482671384705,1
1.1756285779963223,0.07605352887664442,1
1.2887126030447646,1.2165534697525917,1
0.9396039935333398,1.1726545793038898,1
-0.615608693823594,1.6357447064507524,1
1.0515776304272249,1.1178910081829776,1
0.07375247862826803,-0.8102501969608642,1
0.9111062857801542,0.011807490542918865,1
0.9951781801715158,1.124631075912641,1
-0.26058758469713506,1.0128024001587776,1
0.8267118557278974,-0.17684715135547552,1
-0.08027752624133865,0.5372153115441373,1
-0.6584078098126097,0.6840477546307826,1
-0.093146452195983,0.08302456997995679,1
0.748574301552978,1.2105239745809036,1
0.7121043979724611,-0.6722209337575926,1
0.5110461994145041,1.3149259660734982,1
1.150427535500842,-0.3605558499838357,1
0.6766737151545493,-1.5541919530028507,1
1.0598002946678338,-1.748801551261411,1
1.282546051500972,0.1589572867078787,1
2.285027725365474,-1.0823718827482025,1
0.7586942640462682,1.845706576453205,1
1.5520520074522515,-0.6743156390999218,1
0.9589444180222557,0.03103951579015891,1
0.9944959929795794,-0.6768092787688402,1
0.7668737915707762,-1.5853831380312111,1
0.9044759180319529,0.4836447608961217,1
0.6822079963460994,-1.6025555735725594,1
1.4276838816305355,0.3972743772559533,1
0.37652875803491037,-0.2544517060848122,1
-0.09839660740319296,-1.006881903940767,1
0.49191278778539854,1.2700090972903675,1
0.4295673892070269,0.6757837054868844,1
0.4916032701614823,0.27950413817956155,1
0.7349475691629076,0.9110089777568864,1
0.4937520339526091,-1.559597862783463,1
-0.025611475492187376,-0.5082996931720208,1
0.055860201996569867,0.44342880105036925,1
0.5360810497783322,2.4279220292810657,1
-0.24372436698097216,0.23473635363499135,1
0.13010849670776184,-0.469429871019045,1
0.9083358853477003,-2.320143698717049,1
0.966827827762955,1.951396754424204,1
0.5436402491656129,0.29148578269814873,1
1.4499937730591723,-0.13661128655966143,1
0.4654590786877099,-2.2700008875793767,1
1.2146132209780784,-0.08530658883753575,1
0.2007777659967775,0.15691168692100343,1
0.46379139685409604,-0.5048130177414735,1
1.193339599097733,-1.3230563620046687,1
1.4637228458142268,-1.3829668798702182,1
0.4153451395518356,1.9716405124112364,1
1.5127934789141797,0.12762233027655775,1
0.24501374540919207,-0.5056678509675443,1
0.8665580377492932,0.06692685409215571,1
0.7659231939148208,-0.0021282738451416866,1
0.6902052027121494,-1.4277126316492899,1
0.5049717705673084,0.9530017288694146,1
-0.01726454914214748,-0.16247524493811424,1
0.3190593186867999,0.14150941378685744,1
0.5833709959192785,1.5215293146126085,1
1.1322105781426606,-1.2962051710262175,1
1.233151111960738,-0.7535580002925253,1
0.4678892172643913,0.3460495609752801,1
0.520153678003598,0.931010769579319,1
0.3467974465848096,-0.5962595985043923,1
0.41922625405475644,-0.5424063757076766,1
1.4955271694666452,0.6642495230421945,1
1.8699674896589635,2.319865298388346,1
0.18972197659009363,0.10015932328214182,1
0.10052902729209777,-0.7565422963479154,1
0.4353431464028026,-1.0389514465314058,1
0.17674291694854705,-0.11674092052427977,1
0.07568817357073163,0.8797628803188118,1
0.25897768014939754,2.867334765404699,1
0.5448994227383861,0.10177419306677397,1
0.027486097280425333,1.7525673312818202,1
1.5079782959500918,0.3289734671071547,1
-0.004063856153313892,0.24184201790979154,1
0.1341069932264648,1.5063370477736646,1
1.3177358029619568,0.1254352255516161,1
-0.6720597688670712,-0.9644580918731862,1
1.243287243651694,1.2543130087539511,1
1.5016446425378054,-1.57928197317778,1
1.0065101857507182,1.054925158842899,1
-0.19505864038239418,0.021034312581971523,1
0.989521784167695,-0.2748221533812465,1
-0.31388973822825295,-0.3000107858599759,1
0.6209698374602778,-0.12056770372312094,1
0.47618109643794615,-0.4185251271351847,1
0.7972912359525488,0.4760012802485053,1
0.6349962998495461,-0.38482054657578946,1
0.8782548291452095,-1.9115500656224111,1
1.1140952621730542,0.028450844520210145,1
0.8459697019874918,0.9995837593303885,1
-0.3755985325909805,-1.9650094392929518,1
0.9894981480885567,0.021830031768959694,1
0.9259665262525102,-0.4378356233043246,1
1.2289365905052088,0.9712008361067354,1
1.1183544338758675,-0.23447742064019095,1
-0.4705486579810885,0.8061263478247452,1
1.5706522693762104,0.6801729114594466,1
0.2823428544588107,0.7097080209589361,1
1.3492082702652048,1.603784972228674,1
0.2845085628702374,-0.19975185064323078,1
1.2797722215656078,0.08701716529592103,1
0.13662273426387436,0.447878132659629,1
1.1764004807244468,0.11788259127987512,1
0.9562575924702563,-0.23233314699177146,1
1.7279382093053568,-0.8808879087891828,1
0.46155953534062444,0.040117614728863285,1
1.3605038594432604,-1.483673834011941,1
0.018317133436080022,-2.029557814870083,1
0.8416791806522539,-1.100728055199913,1
0.5858742467206883,0.6971647808495375,1
0.42831711603426403,0.26266808669250363,1
0.6381161771348409,0.708010752671234,1
1.1129260811541861,-0.6699935097204566,1
0.7182372959434407,1.083442156590422,1
1.0628060251496234,-1.3822353658221227,1
1.2235809574161067,-1.066688108195164,1
1.6876184465128277,1.0635966055049548,1
0.9993574804862735,0.18786127353876023,1
0.6934808015421284,0.7144859691399704,1
0.5943175534426443,0.2669998056855901,1
1.3562002428106776,-0.538534961691671,1
0.4438586922090779,-1.1775659228246018,1
0.1690270100818308,-1.8180828269161526,1
1.2690780995731237,1.8564421460906633,1
1.695475607274591,-1.613702061823256,1
1.2660285656886414,1.4656763276450648,1
0.5415731368146655,0.1315050925514393,1
-0.4093654806361967,0.29848498085401093,1
0.1695867627134192,0.23069728567239628,1
-0.13550852124280272,0.5774321789398903,1
1.4497430123278936,-0.7621732599952445,1
0.12460943662664047,-2.1490626796887184,1
0.6583014650724347,-0.558524807047621,1
-0.1292652110322027,0.48667351865813174,1
0.5457663607771303,-1.0577226433213114,1
0.48163691098068157,1.1112852894924363,1
1.191283197271411,-0.1023367195957393,1
1.2011955268609307,-1.1437701189023877,1
0.8414798531800837,0.17784936122016046,1
0.5335868280621547,0.4689334289411341,1
0.34316593039888127,0.544056639034186,1
1.1599681713943804,-2.917987085987789,1
1.5513874670648908,-3.049794701332422,1
0.44394680071103665,1.0648585810487672,1
0.6271121090559566,-1.4521675548163826,1
0.15108563199233235,1.0664322308356293,1
-0.35640237272708836,1.1695620713260169,1
0.7878523626095864,-1.175575614958786,1
0.4641379616993899,-0.9986123644247725,1
1.3527000652862304,0.7689413445882987,1
-0.2323496036681382,-0.3787017665042706,1
0.29243217441911273,1.335764212879638,1
-0.0060849181825037065,1.649662470556523,1
0.8012220271475466,-1.144803030088266,1
0.4064108565335444,-0.7808008973801622,1
0.040190828879618536,0.12481678329004037,1
0.06882343130164552,-2.1736549128727995,1
0.58886217933595,-1.7922824085515043,1
0.3604992988754532,-0.8893846677692973,1
0.287508887699337,2.050455649574868,1
0.8562192048637994,0.27690122434423353,1
-0.26744058570054996,-0.6316344515421537,1
0.9536321999983657,-1.0059916729299239,1
1.3783499036706401,-1.1859822676664897,1
0.6460689161349226,-0.5630281217374256,1
0.9223761534754676,-0.6180235401893576,1
0.6555548078999995,-0.2095263527860249,1
0.3713956445454023,0.5190768072097967,1
0.9677856175411211,-0.06050089546844972,1
0.557728815071019,0.8337135701710938,1
0.6770490283490955,-0.2808155567844205,1
0.8858177837382902,1.7429650049911176,1
-0.00011173103076145711,0.806753383378957,1
-0.3390317395483402,0.24851589054319642,1
1.7872867773458567,0.5226880372565469,1
0.9262412692474855,-0.537164002065209,1
0.8406688089825937,-0.2256220920018398,1
0.339767531805863,-0.2638217735680018,1
0.9432579789484078,-0.7460471435637132,1
0.3273188040005402,-1.3451410592653938,1
1.0611802314878798,0.5799224374493925,1
0.9636608552073666,1.0040653332729306,1
0.875504304552548,0.42504149848529105,1
1.0079111472967297,-0.06345690774821021,1
0.49619792436394183,2.2658264113367577,1
0.5445520949846658,-0.6436709329718506,1
1.0877172920449,0.2834509655864362,1
-0.03961577431920403,1.163184635068076,1
0.7638855318891691,-1.0932778787740562,1
1.5504546105877033,0.6610968713747287,1
0.04636847831920399,1.8243857815004527,1
1.2255301283190911,0.01871926583244456,1
1.7965663486875014,0.1899473413605985,1
0.8044171964115728,-0.6380362707341237,1
1.1783554748471465,0.5104990314193236,1
0.8306344850460066,-0.7690493927416656,1
0.9012918251141355,-0.041493228757321,1
0.00410742035469844,-1.457851489838774,1
1.1681188344432716,-2.5994898207299433,1
0.9475675456202336,-0.4539548594500519,1
1.623694722398806,-0.4694974239577753,1
1.2259512200643095,-0.3719551604586198,1
0.8913711417093956,0.7733951735562943,1
0.5380505389862482,1.0357708343065568,1
0.21241769456205334,0.3266266708770207,1
1.3872867025353495,0.6958103654015423,1
1.996569156421082,-0.7422307402990387,1
-0.02389498526155135,-0.9754889407373093,1
1.2265387670664598,0.5320371335110774,1
0.884325932155932,-1.1054268761588668,1
1.2917856803365824,-1.2082156361313572,1
1.5321636440121542,2.9156939945426803,1
1.046298391905032,0.6180939069060832,1
0.5194717185406231,-1.7997148076085512,1
0.45211895544477976,-1.0750574908964317,1
-0.0654957545888845,1.769001963000245,1
0.9889210387793501,0.41259205536408244,1
0.632178826163259,-0.1456201091806721,1
1.4129814900073925,-0.0036482728115146278,1
1.1469924269602356,-0.16899001197206834,1
0.6118671505628728,-1.3922892986197737,1
-0.39088479237233004,-0.2352183675173205,1
0.8562713932241046,-1.2702693674526686,1
0.8004985153319172,0.0833222350669573,1
-0.5001718555440959,-0.8954680503672032,1
1.071319886956729,0.4200386220216035,1
0.11433890851550221,0.18908891398793207,1
1.4484522021748334,0.8140432804608146,1
0.7632165314144159,-0.4437447079101357,1
0.43579561562425156,0.5016259818929869,1
0.9412487995595804,0.664863453341732,1
0.9024836282333872,0.8561608330087772,1
0.8796272063565612,0.821736958186694,1
1.3555187450049708,-0.7837384378713301,1
-0.2869032828958593,1.5883047992296995,1
0.9789868144926247,-1.7030079472914854,1
0.38400564156578104,0.8087914237054852,1
0.6501699977059785,-0.48828087046959284,1
1.6804875799361476,-1.0289827571645986,1
0.3323022052442811,0.24256897779023412,1
1.0610146421308722,0.5304410688433834,1
1.380296557177342,0.22963007991886925,1
1.1216660765047612,-0.2328416547224558,1
0.8600734794796094,0.13765411850429743,1
0.9535068286614871,0.8094637481343392,1
1.161983311720941,0.0736891119362638,1
0.3255751026618189,0.09738333920548382,1
0.8044572245580988,0.22417781925106844,1
2.174411780560571,-0.5001120544111519,1
1.080531496728655,1.1084137350707959,1
0.8817174310852064,2.3907844740115904,1
0.5898659017514648,0.3564248427161685,1
0.33190223948154035,-0.32610165592831697,1
0.97425087862127,0.8839827215012932,1
1.0172651652190963,1.3010171802476629,1
0.7634130092245619,-0.3065474076961137,1
2.4793946301002916,0.42729099315620483,1
0.38053435048954665,-0.6723474158545145,1
0.243695807083971,0.975171563997192,1
0.5982418053620261,0.15768528722484035,1
0.7826984560659421,0.7679963722068418,1
0.3025121782777028,-1.057557296204621,1
0.9591466602514434,0.6361276998997445,1
1.0255034201645092,-0.7887159483339001,1
1.2369870520460298,-0.7224520338721775,1
0.5018892620520068,-0.9245918780153695,1
1.6193490502620664,0.6689220936574815,1
1.1925439553623853,1.288991962183118,1
2.5460144842941483,-1.697694340171455,1
0.3689501750769698,-0.5934597738208535,1
0.3000135510528675,-1.0595888328085004,1
0.6379229609844932,-1.2000316877869412,1
1.0270422853257297,0.08124697554172605,1
1.1165436217339633,0.5419429759870128,1
1.1913260575202282,-0.34820976572042817,1
2.122065809030174,0.26584940036972654,1
-0.32021850411019465,-0.9836118457526496,1
-0.2454338766020154,0.046531691300725514,1
0.7469579845444868,-0.44419869036157,1
2.05449374946986,0.5836194928641613,1
1.266791047574677,-0.9115800591968195,1
0.20907823694313393,0.06620177736505312,1
0.927701664209339,-1.8462847076340476,1
0.7110916787744935,0.04323576429528767,1
0.6897306441153527,-0.7926929097402906,1
0.49085593800115485,-0.14964902465119756,1
0.8773020932370087,0.6399992078887179,1
1.4842861255254005,-0.26833963797389854,1
0.5419739593481556,0.47115324856760327,1
1.196131420251284,-0.40962325007905015,1
1.306209122235679,1.0186276671573884,1
1.6135420245184506,1.8255354920844629,1
0.29045163273173746,0.04306011176793779,1
0.8285485137898116,-0.070057304841023,1
0.42358401350677916,-1.4717418212475897,1
0.8784543302713619,-0.7471973840698813,1
0.8743552960521772,-0.773148091672048,1
0.14745540879502714,0.26571528597103045,1
0.9141614080164971,0.6142285951859903,1
2.1617445950638676,0.3091463207769009,1
1.1190284992833237,-1.05956668981066,1
0.032656660319363554,1.628043862140723,1
0.2554670331400652,-1.0256054775934023,1
0.7976635971528004,-0.06209551368221712,1
0.26832533588407115,-0.27907384786617373,1
1.5753405266701916,-0.7852204258633639,1
-0.032798894660852625,0.9812574662810138,1
1.1234519631348174,-0.5978477511689809,1
-0.14836119618348084,-0.7232222640075152,1
0.7880961615029782,1.2066183616217558,1
0.18612629507188633,-0.056364943331911325,1
1.2355523322263982,-2.3766115632828746,1
1.455428408757452,-1.1655291069734197,1
1.0251743065684644,0.27822679012047774,1
1.4865730297370043,0.5855808641990933,1
-0.6358358087202065,-0.7637890095410458,1
0.9063652340742452,-0.1679551189828589,1
1.1144481527982824,0.8264626590190041,1
1.1946642085290176,-0.18744759270106698,1
-0.31031864041017165,-0.43112180024448,1
1.0769015268201596,-1.0725844557642876,1
1.2086565384604757,0.9467072221903908,1
0.8994140347471665,-3.0661072133295426,1
0.038063464013850634,1.934507397456472,1
0.4865627744347576,-1.9754242726648126,1
1.5789403328233655,0.042511942187622186,1
1.4990517278182534,0.3088120796338238,1
1.1027679943495357,0.39574307817622134,1
1.249250787181232,2.329751670963584,1
1.4169393247240327,-1.5674888495322243,1
1.0954737962375338,1.1821795264406578,1
1.558986661693603,-0.4019500870645489,1
1.535838976857657,0.9662542947276858,1
2.398794379181151,-0.7286556726864107,1
0.5105570345677604,-0.2802314011649529,1
0.5210887909446987,-0.8701072901114338,1
-0.8721078043460545,-0.41012739647357443,1
1.048080563346829,-0.469248539641249,1
2.008178634823331,0.04253237025264464,1
1.6131389790466644,0.29311483748132944,1
1.3282884970633162,0.3111183156113648,1
1.6608093985436165,0.08553139631170836,1
1.1257962575798934,0.3991007703895181,1
0.6448922172890462,0.43814559667655995,1
2.191492776014209,-0.24414380422909596,1
1.0788000802851798,1.2996676135432028,1
1.5207013081908862,0.040855997163669555,1
-0.639574502453252,0.5510091641931144,1
-0.5390817705785749,1.513996590107739,1
0.925535486595584,1.0389218830997526,1
0.26856772841348153,-1.5393722435938766,1
0.9814977793045064,-0.004927550432753168,1
0.5202803364724091,0.11454719521642445,1
2.518295062123253,0.8720836947397571,1
1.4650613963678407,0.8815913310499432,1
1.7286636110139084,-0.16299668740223966,1
-0.4380994899558818,-0.16149594821272217,1
1.3192936268394926,-0.9507032005471545,1
0.7135078729640971,-0.6698278790620114,1
1.7424990624393781,0.7861447844733302,1
1.2210811585770147,0.6569809271421972,1
0.7987975927436469,0.22859728171661,1
0.09502095126046002,-2.1797928470988595,1
0.9136461774240127,0.3563248640975897,1
1.5630107754091611,1.616432634418798,1
1.7841696665828666,-0.9792151642517732,1
0.6056675932164985,0.5142685370481537,1
2.373895492811983,1.5242625350593537,1
1.507914830600772,-0.36273590331155237,1
0.2801620025643699,0.8259992938290928,1
0.1468405391947937,-0.21185620846904568,1
0.7512662690914592,1.6382296650002572,1
0.604176417390233,-2.435187107360588,1
1.1308995017211665,-0.6771541890956624,1
0.847770624316424,-0.05857211663176193,1
0.6538318259255236,0.8274466508778378,1
-0.11813502220404033,-0.49328435071350984,1
1.2410046114029536,-0.5913480780052602,1
-0.1646934697126432,0.7044153672270883,1
1.5101816760052904,-0.016435872939706136,1
-0.38052161009078656,0.7422125759704866,1
-0.19601033478535235,0.3409784582356428,1
0.27754770908618404,-1.14268647325797,1
0.5507080123834703,-0.15615326158638304,1
0.42668293209857366,0.6237462961395182,1
0.548157989476449,1.0192393931559993,1
0.9940161338830358,-0.6756745570638584,1
0.2907436152281152,-1.6353329470866418,1
0.9998771899295648,-0.3291958051847538,1
-0.6327121863956161,-0.5121763341229487,1
0.26922808277669763,1.6208188333697005,1
-0.22230580066024436,-1.4270782710199204,1
1.502135003617414,1.3996645766043547,1
0.36489994661396263,-0.6095333031063479,1
1.199436217932976,-2.3218898051307537,1
-0.31942697556086197,-0.25458602041584527,1
1.7718418957890896,-0.41116855564424576,1
0.8835167470181882,1.1744093353992766,1
2.113324098424661,-0.5537307927499879,1
0.8113121139244533,1.8697172741517554,1
-0.1115961500312982,1.0671144646457,1
0.19732509281515814,0.13254051563727803,1
0.672889398303259,-0.9387937891360417,1
0.21891386340904453,0.30826219955300516,1
1.4319800212142153,-0.1020438956017517,1
0.8646193819979973,0.6060377341620893,1
0.22595396036653748,0.7762803719700986,1
1.3239575666863945,2.6592849925388204,1
0.5910522743375253,-0.43374896060225737,1
1.2930722775105996,0.8565045325181954,1
0.4935829370871808,-0.37826793108528717,1
1.1533910858276,-0.8070319622198834,1
0.5699440405986391,0.11952913833553054,1
1.4322248589518298,-0.5817648612454063,1
-0.30789541006267696,-1.9071874229578898,1
0.04951292181971894,-1.2975836848609474,1
0.7268455545350818,-1.1720244725978066,1
0.39078909249666577,-0.7529862382798945,1
0.5515676468763947,1.3650552316392728,1
1.2274614670857797,0.04531414628505248,1
0.5389882060523791,-0.40864557164086845,1
1.0225693135701366,0.6191656995799024,1
0.26519188220792067,0.06587371127084021,1
-0.4239117435182928,0.2428996357743834,1
1.2888931355504314,-0.25391444481411257,1
1.9353114629644208,-0.8612351316969342,1
0.9549428342871031,-0.007171584432223608,1
0.7601438457933744,-0.08647215178602027,1
0.8872983729606575,0.8856543325201027,1
1.6662974516653206,0.026746435098133983,1
1.3214886766872405,-0.6799273686669248,1
1.291226648741871,-0.7407681337228219,1
1.4902966008593426,2.2622787426023816,1
0.7467871411602185,-2.1859567867489944,1
0.4856216100682629,1.2734987621796918,1
1.160714912811527,0.28048006001437903,1
1.4400291707266373,0.5184298254121151,1
1.5681978150425646,0.9578504588473135,1
1.7545590900050063,0.3914868074013167,1
1.3766311683340975,-0.28124973939023074,1
0.452890548674779,1.753250128859792,1
0.9541852269478222,0.8421354007375098,1
0.8974969557276036,-0.5634968802077316,1
0.8283677752155411,1.4797060871005967,1
1.1620411818104859,-1.6999643867333243,1
0.6896722231912025,1.829549026634521,1
0.6905597151341722,-1.7898805784392748,1
1.9822255328832379,0.7183941086908161,1
0.7787108681564825,-0.34619819201713903,1
1.4852031250979625,-0.518508997990352,1
1.5256078785933453,0.5767624573316634,1
0.9716440700440175,0.17602334238379613,1
0.714364906490098,1.0853582853868455,1
0.2911096559373844,-1.609500143535351,1
1.1983355708522814,0.6667165431636517,1
1.116060813413449,0.44091974357529745,1
0.6251173581453656,0.8245595331188437,1
0.7937035848861049,-0.46307775806304924,1
0.6304199309740722,2.070333567776562,1
-0.24204543829975023,0.5339213870162728,1
-0.2077953009576457,-0.08032102427061574,1
0.5557858703075432,-2.0773415513940803,1
1.0601456977740529,-0.35490671695526993,1
-0.4653478693900035,0.8771778309052269,1
1.7014085300119282,1.534390245802537,1
1.0417035346576133,0.07554908518463219,1
1.6359011616070482,1.7286165884305418,1
1.5166031244446228,-0.9221512370230053,1
0.9450749607639084,0.473032754722948,1
-0.2878063025222911,0.5031826240772755,1
2.2151611000208296,0.675503372785128,1
1.7249550494568475,0.21380592433999165,1
0.7767456603111748,0.4141920695705453,1
0.32146705753292915,-0.9446163457790122,1
1.5979808740985322,1.4154031603726103,1
0.21400653011548254,1.0069225829579067,1
0.7683209231405541,0.37230502736790966,1
1.1037854032368415,1.0335438634562086,1
0.8723472867880445,1.4536097644126067,1
1.0113293243754138,0.6595903140277697,1
0.3107774224153474,2.20976502367767,1
1.1096748274612986,0.749312158279377,1
-0.16431280928725633,-0.8020997921762372,1
1.5805565964221595,0.31884614645390075,1
-0.3516664519349925,1.0779328907127816,1
0.48825180397345813,1.4547765722682777,1
0.767784046802993,0.2358208445309638,1
1.5444283149441589,-0.8776559631991342,1
0.21293946844573902,-0.16948919013784963,1
1.3287578038062182,-1.3154744142965697,1
-0.20100492814245163,0.8611685269900047,1
0.451960198561123,-0.36721936864666754,1
-0.3167396709650796,-0.6569065851982057,1
0.8169950179308932,0.9689167174768346,1
0.3488082860697843,1.7033532595556469,1
0.4019465031034212,-0.6610611493261135,1
1.7641581505044996,0.242643408935009,1
0.4831988415683624,-0.12770067214889408,1
1.651177259168523,1.510223970179533,1
0.32087449615281893,-0.01384826844810005,1
0.8769077624161193,-0.9673111188232104,1
0.7874949651829449,0.034397024243443854,1
1.5206744540389072,1.2487984950517346,1
0.6198025519477127,-0.18712250152551996,1
1.22889896442237,-0.5621560989535296,1
1.1825181144091312,-0.05978619923232469,1
0.22731511855683426,-0.9376068804549723,1
1.7087976925042583,-0.12900220183801187,1
1.8273033109039458,-0.48987182484806646,1
1.000166578137955,2.4461770871669435,1
0.1733712986402067,-1.8882122774903567,1
1.6104175618415175,-0.8062488960845182,1
0.8089397132857221,-0.5628933270298746,1
0.9860397221313819,-0.9312419111652674,1
0.7113166394076236,0.4834373130252909,1
0.20345997132613525,-0.6782272332921588,1
0.6086607751373514,-1.414414649976071,1
0.5625705259156095,0.14903170913794242,1
0.5766787571738687,-0.2451333773353746,1
0.8094330549084331,-0.6334329957636454,1
1.2453112882680384,1.4796900315258485,1
0.5369318659870868,0.5191822379797597,1
0.6747297994078943,0.3982465301418857,1
1.7815831087337153,0.5428835938241435,1
-0.26561130246122494,0.48766038868648726,1
1.5774789668103262,-0.1948437272505178,1
1.4320385568764373,-0.6681567522528178,1
-0.08912055192646488,0.17163309198569152,1
-0.25522705831424536,-0.2132045259697255,1
1.610572138633616,-1.9002829333977878,1
0.03719998123345085,-1.0135717754888047,1
0.7828142146730771,-0.3404389123324176,1
1.6794174612205492,0.9931324427171601,1
1.1252765113077803,0.1761400332219868,1
1.0627158451503602,-0.8417820209539127,1
1.347173239163726,-1.0944024272003299,1
1.3337876344564545,1.2272982167879067,1
0.9509113321399056,-0.14899627911699947,1
1.067056534842198,-2.8617762795248294,1
1.0069429663560245,-0.08549407579237146,1
0.7905952756936504,0.7427811001093436,1
0.7757950193376085,-1.1228531750315565,1
0.734943174184793,0.09726638068262139,1
0.8920981067476499,0.19259574753541364,1
1.458851161167614,-1.0681266077326113,1
0.9293528837541202,1.3321473115236577,1
-0.2418219183184795,0.2105044379590601,1
0.46275029734861434,-0.3454836031433549,1
0.26691463988040415,-0.1422657701202138,1
1.9504720939705464,-1.248347671788037,1
0.1045694196870648,-1.2862356049206694,1
1.880680660358491,-0.4380504291796282,1
0.8059155739377626,-0.37788430999609673,1
0.24262723010930312,-0.20853688643366877,1
2.328735333872211,1.4353335913389338,1
0.29871492697969615,0.683219457566913,1
0.31184407125164065,-1.765522833421634,1
1.4466765327157634,1.200982034379252,1
1.4629485038047876,-0.445652970444572,1
0.7193874466526562,0.7864564795326294,1
1.0616529233733258,-0.3686452683534917,1
-0.17098680790087117,0.14406001064993257,1
1.4831540322921546,-1.1808217052830925,1
1.2132452315734374,0.36395356547204305,1
1.281535570802072,0.9099168161095162,1
0.3958713559982607,-1.604483610059943,1
0.4945440188890649,0.9272441226646324,1
0.4893424131906048,-0.6721247220496828,1
-0.29499980345143617,1.7995994631278,1
1.3278632225266973,0.8067928715293088,1
1.4149278391130453,0.6116286535315418,1
0.6718411486787937,-0.13641995285151454,1
0.5595030506417212,2.6907177956172474,1
1.1624531454840856,-0.4395261105218824,1
1.1070213241497098,-0.9921919156949666,1
1.744017948724568,-0.6388131183325039,1
1.1288400328458315,1.1059038780584616,1
1.0575284292363671,0.12445626408687185,1
0.8282569255436748,-0.0279988707483661,1
0.46807184315378597,-0.4250626145002491,1
1.728742226189256,-0.08062742178770806,1
0.339878093834017,-0.49256039044353445,1
1.4962500679760937,0.7115388023759542,1
1.1651612116595413,-0.23113632293468456,1
1.173151667398565,-0.6211260147505746,1
-0.00015711970540504788,0.3011661023196389,-1
0.082600829678124,-0.24652370040440474,-1
-0.04365024129211447,0.059523685858659886,-1
0.14477409292261056,-0.5085259250515574,-1
0.03910534935322661,-0.35712538390884996,-1
-0.02750612235573766,-0.07324614864007295,-1
-0.011900113516537447,-0.12077403881616414,-1
0.019317020729082916,-0.12118363913232884,-1
-0.0879475572443746,0.2478666043499512,-1
0.07373995601002777,0.26563115969132767,-1
-0.0936606717907705,0.11290207305888816,-1
0.06812783916468693,-0.260356076971766,-1
0.019460524442386818,-0.0036070267454015336,-1
0.1532417756647433,0.5690715111909544,-1
-0.10268331002639544,0.7288651498361086,-1
-0.048007437817061835,0.3042161053988568,-1
0.08962354164075463,-0.2503907489589594,-1
0.054792533260905045,-0.0011564012781125248,-1
0.059249205184979094,0.09375093213823422,-1
0.1061067557161842,0.05017831220058567,-1
0.006538591230875227,0.3365970944551837,-1
0.06115164912870468,0.2343810751323736,-1
-0.0297143560931281,-0.26430179227192707,-1
-0.02264462472816653,-0.1451951072835935,-1
0.07617235987576057,0.3029002103953267,-1
0.007468705704654013,0.4305639975131406,-1
0.11866978807401671,0.09732227278109054,-1
-0.04119538847611673,0.47110167757204824,-1
0.014337610142829518,0.06442416271148159,-1
-0.005995323295963777,-0.2206731337081454,-1
-0.08839875853699197,0.20661512324010897,-1
-0.03838611415663687,0.8875849277102943,-1
-0.06047689900363188,-0.3238267909603036,-1
0.05602387032564853,0.45817543713019504,-1
0.02350513320859455,0.18960229073207305,-1
-0.11576170328966942,-0.16110349204179836,-1
-0.059567653087138336,-0.5027677978860647,-1
0.02732889934689968,-0.6003622699144929,-1
-0.0777104708544885,-0.12172754422889273,-1
-0.04188102141597153,0.140259801308508,-1
