dataset,seed,mode,ari,nmi,status
anisotropic,42,raw_length,0.8108879847927226,0.7964022191056607,ok
anisotropic,42,local_scale,0.9970110330910082,0.9944665068222103,ok
anisotropic,42,knn_median,1.0,1.0,ok
anisotropic,42,supported_merge,0.9970110330910082,0.9944665068222103,ok
anisotropic,42,saddle_cut,0.9970110330910082,0.9944665068222103,ok
anisotropic,42,manifold_filter,0.9970110330910082,0.9944665068222103,ok
anisotropic,43,raw_length,0.8312440862208342,0.8118136467887784,ok
anisotropic,43,local_scale,0.571101573676681,0.733680436651211,ok
anisotropic,43,knn_median,0.5699176027202749,0.7275536547958422,ok
anisotropic,43,supported_merge,0.571101573676681,0.733680436651211,ok
anisotropic,43,saddle_cut,0.571101573676681,0.733680436651211,ok
anisotropic,43,manifold_filter,0.571101573676681,0.733680436651211,ok
anisotropic,44,raw_length,0.8233735805442765,0.7977670301299219,ok
anisotropic,44,local_scale,0.5708574690614109,0.7319895961569965,ok
anisotropic,44,knn_median,0.5701224950542387,0.7316525903841408,ok
anisotropic,44,supported_merge,0.5708574690614109,0.7319895961569965,ok
anisotropic,44,saddle_cut,0.5708574690614109,0.7319895961569965,ok
anisotropic,44,manifold_filter,0.5708574690614109,0.7319895961569965,ok
anisotropic,45,raw_length,0.7981489112252095,0.7855864144148875,ok
anisotropic,45,local_scale,0.9970110330910082,0.99446650682221,ok
anisotropic,45,knn_median,0.9980040080267059,0.9960594119124464,ok
anisotropic,45,supported_merge,0.9970110330910082,0.99446650682221,ok
anisotropic,45,saddle_cut,0.9970110330910082,0.99446650682221,ok
anisotropic,45,manifold_filter,0.9970110330910082,0.99446650682221,ok
anisotropic,46,raw_length,0.7270799221142434,0.7012388829398929,ok
anisotropic,46,local_scale,0.5688867135446343,0.7217013273017251,ok
anisotropic,46,knn_median,0.5688984779948366,0.7274255534064318,ok
anisotropic,46,supported_merge,0.5688867135446343,0.7217013273017251,ok
anisotropic,46,saddle_cut,0.5688867135446343,0.7217013273017251,ok
anisotropic,46,manifold_filter,0.5688867135446343,0.7217013273017251,ok
chain_noise,42,raw_length,0.7363278061079748,0.6785604165798754,ok
chain_noise,42,local_scale,0.5860874781695504,0.642830945820026,ok
chain_noise,42,knn_median,0.3379184140685983,0.5200508053162111,ok
chain_noise,42,supported_merge,0.8122639639994379,0.7775197986559691,ok
chain_noise,42,saddle_cut,0.5860874781695504,0.642830945820026,ok
chain_noise,42,manifold_filter,0.5860874781695504,0.642830945820026,ok
chain_noise,43,raw_length,0.6595545293853442,0.5775472516038186,ok
chain_noise,43,local_scale,0.5879225162154103,0.6074618701467513,ok
chain_noise,43,knn_median,0.2924199953969009,0.4625437900563952,ok
chain_noise,43,supported_merge,0.5879225162154103,0.6074618701467513,ok
chain_noise,43,saddle_cut,0.5879225162154103,0.6074618701467513,ok
chain_noise,43,manifold_filter,0.5879225162154103,0.6074618701467513,ok
chain_noise,44,raw_length,0.7244705164417409,0.6337686117493468,ok
chain_noise,44,local_scale,0.6394212896172126,0.6591704565564012,ok
chain_noise,44,knn_median,0.5174603946069598,0.5721102784515022,ok
chain_noise,44,supported_merge,0.6394212896172126,0.6591704565564012,ok
chain_noise,44,saddle_cut,0.6394212896172126,0.6591704565564012,ok
chain_noise,44,manifold_filter,0.6394212896172126,0.6591704565564012,ok
chain_noise,45,raw_length,0.7815687409835984,0.7055435877705227,ok
chain_noise,45,local_scale,0.8502094692396298,0.8323481746806433,ok
chain_noise,45,knn_median,0.8523982658266746,0.8426598272053705,ok
chain_noise,45,supported_merge,0.8502094692396298,0.8323481746806433,ok
chain_noise,45,saddle_cut,0.8502094692396298,0.8323481746806433,ok
chain_noise,45,manifold_filter,0.8502094692396298,0.8323481746806433,ok
chain_noise,46,raw_length,0.788094000898903,0.6996890792381808,ok
chain_noise,46,local_scale,0.8142351700729965,0.7959177530173637,ok
chain_noise,46,knn_median,0.7608676275706203,0.7355539957279497,ok
chain_noise,46,supported_merge,0.8142351700729965,0.7959177530173637,ok
chain_noise,46,saddle_cut,0.8142351700729965,0.7959177530173637,ok
chain_noise,46,manifold_filter,0.8142351700729965,0.7959177530173637,ok
circles,42,raw_length,0.5459498086463608,0.5384619807343897,ok
circles,42,local_scale,1.0,1.0,ok
circles,42,knn_median,1.0,1.0,ok
circles,42,supported_merge,1.0,1.0,ok
circles,42,saddle_cut,1.0,1.0,ok
circles,42,manifold_filter,1.0,1.0,ok
circles,43,raw_length,0.576594875446736,0.5721593184569282,ok
circles,43,local_scale,1.0,1.0,ok
circles,43,knn_median,1.0,1.0,ok
circles,43,supported_merge,1.0,1.0,ok
circles,43,saddle_cut,1.0,1.0,ok
circles,43,manifold_filter,1.0,1.0,ok
circles,44,raw_length,0.5452123709107499,0.5328433906268174,ok
circles,44,local_scale,1.0,1.0,ok
circles,44,knn_median,1.0,1.0,ok
circles,44,supported_merge,1.0,1.0,ok
circles,44,saddle_cut,1.0,1.0,ok
circles,44,manifold_filter,1.0,1.0,ok
circles,45,raw_length,0.5837419899543178,0.5969146995233766,ok
circles,45,local_scale,1.0,1.0,ok
circles,45,knn_median,1.0,1.0,ok
circles,45,supported_merge,1.0,1.0,ok
circles,45,saddle_cut,1.0,1.0,ok
circles,45,manifold_filter,1.0,1.0,ok
circles,46,raw_length,0.5570005516782207,0.5468418118633542,ok
circles,46,local_scale,0.9304407315355738,0.9099507696244934,ok
circles,46,knn_median,0.9983347199093332,0.9955737162526257,ok
circles,46,supported_merge,0.9304407315355738,0.9099507696244934,ok
circles,46,saddle_cut,0.9304407315355738,0.9099507696244934,ok
circles,46,manifold_filter,0.9304407315355738,0.9099507696244934,ok
moons,42,raw_length,0.9158102203559645,0.8677033292460635,ok
moons,42,local_scale,1.0,1.0,ok
moons,42,knn_median,1.0,1.0,ok
moons,42,supported_merge,1.0,1.0,ok
moons,42,saddle_cut,1.0,1.0,ok
moons,42,manifold_filter,1.0,1.0,ok
moons,43,raw_length,0.9167500420572594,0.8661671482076606,ok
moons,43,local_scale,0.9706970672117613,0.9502045747742831,ok
moons,43,knn_median,1.0,1.0,ok
moons,43,supported_merge,0.9966749954166539,0.9920068169790668,ok
moons,43,saddle_cut,0.9706970672117613,0.9502045747742831,ok
moons,43,manifold_filter,0.9706970672117613,0.9502045747742831,ok
moons,44,raw_length,0.3304176707709079,0.4906549395397058,ok
moons,44,local_scale,1.0,1.0,ok
moons,44,knn_median,0.9966666550964249,0.9903524863653428,ok
moons,44,supported_merge,1.0,1.0,ok
moons,44,saddle_cut,1.0,1.0,ok
moons,44,manifold_filter,1.0,1.0,ok
moons,45,raw_length,0.9184627969550168,0.8686838430503265,ok
moons,45,local_scale,1.0,1.0,ok
moons,45,knn_median,1.0,1.0,ok
moons,45,supported_merge,1.0,1.0,ok
moons,45,saddle_cut,1.0,1.0,ok
moons,45,manifold_filter,1.0,1.0,ok
moons,46,raw_length,0.9215629958893822,0.8720044068554434,ok
moons,46,local_scale,1.0,1.0,ok
moons,46,knn_median,1.0,1.0,ok
moons,46,supported_merge,1.0,1.0,ok
moons,46,saddle_cut,1.0,1.0,ok
moons,46,manifold_filter,1.0,1.0,ok
spiral,42,raw_length,0.06386931379261859,0.22460164914958955,ok
spiral,42,local_scale,0.04552800501640248,0.19408071928685208,ok
spiral,42,knn_median,0.2826248658572686,0.33770867551785244,ok
spiral,42,supported_merge,0.0263601011609875,0.1599155054345094,ok
spiral,42,saddle_cut,0.04756855280648617,0.176094990545571,ok
spiral,42,manifold_filter,0.10509477592039167,0.26931659917539386,ok
spiral,43,raw_length,0.04276994323253234,0.2103329639072944,ok
spiral,43,local_scale,0.04559952681114903,0.13123600042134537,ok
spiral,43,knn_median,0.0979838481985115,0.23055692336033484,ok
spiral,43,supported_merge,0.014430895563030345,0.13443767127617878,ok
spiral,43,saddle_cut,0.04559952681114903,0.13123600042134537,ok
spiral,43,manifold_filter,0.4145546951953462,0.4420463883440428,ok
spiral,44,raw_length,0.016580740535822088,0.17904101598089261,ok
spiral,44,local_scale,0.0738029108202191,0.2200863182297973,ok
spiral,44,knn_median,0.04196203375131466,0.15967692238442904,ok
spiral,44,supported_merge,0.0738029108202191,0.2200863182297973,ok
spiral,44,saddle_cut,0.09454608124092719,0.20406248153410134,ok
spiral,44,manifold_filter,0.04529545720442695,0.21572370819267916,ok
spiral,45,raw_length,0.05597289365074324,0.20444472344839926,ok
spiral,45,local_scale,0.09758327253876282,0.2357005527185486,ok
spiral,45,knn_median,0.1923959349975887,0.33485844851480545,ok
spiral,45,supported_merge,0.09758327253876282,0.2357005527185486,ok
spiral,45,saddle_cut,0.038345190123426125,0.12361923740297222,ok
spiral,45,manifold_filter,0.5042163457289791,0.5205289979108427,ok
spiral,46,raw_length,0.09998981488193001,0.2717737532429732,ok
spiral,46,local_scale,0.02384408907961469,0.08039285551501618,ok
spiral,46,knn_median,0.1963793680645592,0.21540285049580019,ok
spiral,46,supported_merge,0.02384408907961469,0.08039285551501618,ok
spiral,46,saddle_cut,0.02384408907961469,0.08039285551501618,ok
spiral,46,manifold_filter,0.02384408907961469,0.08039285551501618,ok
touching,42,raw_length,-0.011501394505702367,0.037676065475429225,ok
touching,42,local_scale,0.07212741458567573,0.2028660215278901,ok
touching,42,knn_median,0.2794816731818184,0.2705998682968255,ok
touching,42,supported_merge,-0.005284237229726964,0.07455666303514141,ok
touching,42,saddle_cut,0.34975507914517673,0.2676267907021449,ok
touching,42,manifold_filter,0.07212741458567573,0.2028660215278901,ok
touching,43,raw_length,0.012169932838180663,0.11451819656697942,ok
touching,43,local_scale,0.1809023385514257,0.23835585835277534,ok
touching,43,knn_median,0.2901427158529435,0.3006742134913422,ok
touching,43,supported_merge,0.13664494226514756,0.2088333234738057,ok
touching,43,saddle_cut,0.21767841390312787,0.1568453963679374,ok
touching,43,manifold_filter,0.1809023385514257,0.23835585835277534,ok
touching,44,raw_length,-0.012687852082823654,0.0175726013300003,ok
touching,44,local_scale,0.039185822507199645,0.19694540779057948,ok
touching,44,knn_median,0.09266423596718869,0.21605792377682956,ok
touching,44,supported_merge,-0.008848382928606478,0.07007938081465868,ok
touching,44,saddle_cut,0.25713601774967143,0.18102193577531683,ok
touching,44,manifold_filter,0.039185822507199645,0.19694540779057948,ok
touching,45,raw_length,-0.012867625044223247,0.013863862189646537,ok
touching,45,local_scale,0.06183145052918423,0.21145431906124662,ok
touching,45,knn_median,0.010696821229550565,0.11682299881623381,ok
touching,45,supported_merge,0.07058945062389427,0.21397612939223568,ok
touching,45,saddle_cut,0.14973832406665033,0.13196522809355657,ok
touching,45,manifold_filter,0.06183145052918423,0.21145431906124662,ok
touching,46,raw_length,0.007270200226723965,0.09576085360780505,ok
touching,46,local_scale,0.35766181314395223,0.27787362525681275,ok
touching,46,knn_median,0.23201634978060326,0.23375884401892655,ok
touching,46,supported_merge,-0.005612324537711331,0.01753208880046793,ok
touching,46,saddle_cut,0.35766181314395223,0.27787362525681275,ok
touching,46,manifold_filter,0.35766181314395223,0.27787362525681275,ok
uniform_noise,42,raw_length,0.9121288086131311,0.8753960270349809,ok
uniform_noise,42,local_scale,0.5583240636977671,0.5876180971284781,ok
uniform_noise,42,knn_median,0.6616209542435738,0.659188618269696,ok
uniform_noise,42,supported_merge,0.39178187039754786,0.5031762522152451,ok
uniform_noise,42,saddle_cut,0.5583240636977671,0.5876180971284781,ok
uniform_noise,42,manifold_filter,0.5583240636977671,0.5876180971284781,ok
uniform_noise,43,raw_length,0.8783402339373929,0.8400376163209389,ok
uniform_noise,43,local_scale,0.5555465247600045,0.5650405832068564,ok
uniform_noise,43,knn_median,0.5077474434840303,0.5633740391553365,ok
uniform_noise,43,supported_merge,0.5608015658873065,0.5722723545793496,ok
uniform_noise,43,saddle_cut,0.3343452727179629,0.3936042893681071,ok
uniform_noise,43,manifold_filter,0.5555465247600045,0.5650405832068564,ok
uniform_noise,44,raw_length,0.894997703227317,0.8544262360429989,ok
uniform_noise,44,local_scale,0.3119202020669042,0.38950092582473395,ok
uniform_noise,44,knn_median,0.5317295737300642,0.5864817224834665,ok
uniform_noise,44,supported_merge,0.03544566453278051,0.12296445637007514,ok
uniform_noise,44,saddle_cut,0.3119202020669042,0.38950092582473395,ok
uniform_noise,44,manifold_filter,0.3119202020669042,0.38950092582473395,ok
uniform_noise,45,raw_length,0.889043915154003,0.8495510336795855,ok
uniform_noise,45,local_scale,0.4182987235504348,0.5362598052642313,ok
uniform_noise,45,knn_median,0.41800563407222535,0.5346554487348322,ok
uniform_noise,45,supported_merge,0.4182987235504348,0.5362598052642313,ok
uniform_noise,45,saddle_cut,0.4182987235504348,0.5362598052642313,ok
uniform_noise,45,manifold_filter,0.4182987235504348,0.5362598052642313,ok
uniform_noise,46,raw_length,0.8846302118829411,0.8505942285699458,ok
uniform_noise,46,local_scale,0.4230201422235267,0.5104390037884378,ok
uniform_noise,46,knn_median,0.37611923694973515,0.5287195689943557,ok
uniform_noise,46,supported_merge,0.01590119358476504,0.06083739672281979,ok
uniform_noise,46,saddle_cut,0.4230201422235267,0.5104390037884378,ok
uniform_noise,46,manifold_filter,0.4230201422235267,0.5104390037884378,ok
varying_density,42,raw_length,0.6347317833740923,0.671811560456848,ok
varying_density,42,local_scale,0.5294516193623655,0.7043117354363975,ok
varying_density,42,knn_median,0.5300572940258785,0.7058982450941396,ok
varying_density,42,supported_merge,0.5294516193623655,0.7043117354363975,ok
varying_density,42,saddle_cut,0.5294516193623655,0.7043117354363975,ok
varying_density,42,manifold_filter,0.5294516193623655,0.7043117354363975,ok
varying_density,43,raw_length,0.6713047260722478,0.6961170066791281,ok
varying_density,43,local_scale,0.5258397017744296,0.6848410984910857,ok
varying_density,43,knn_median,0.529302707869222,0.6998220156026574,ok
varying_density,43,supported_merge,0.5258397017744296,0.6848410984910857,ok
varying_density,43,saddle_cut,0.5258397017744296,0.6848410984910857,ok
varying_density,43,manifold_filter,0.5258397017744296,0.6848410984910857,ok
varying_density,44,raw_length,0.7382406114254653,0.7454557725111852,ok
varying_density,44,local_scale,0.5276458534009216,0.7008441953621152,ok
varying_density,44,knn_median,0.5300572940258785,0.7058982450941396,ok
varying_density,44,supported_merge,0.5276458534009216,0.7008441953621152,ok
varying_density,44,saddle_cut,0.5276458534009216,0.7008441953621152,ok
varying_density,44,manifold_filter,0.5276458534009216,0.7008441953621152,ok
varying_density,45,raw_length,0.7640141022541714,0.7691973710698065,ok
varying_density,45,local_scale,0.5280928548146242,0.6972059220303974,ok
varying_density,45,knn_median,0.5300572940258785,0.7058982450941396,ok
varying_density,45,supported_merge,0.5280928548146242,0.6972059220303974,ok
varying_density,45,saddle_cut,0.5280928548146242,0.6972059220303974,ok
varying_density,45,manifold_filter,0.5280928548146242,0.6972059220303974,ok
varying_density,46,raw_length,0.5984176220433355,0.6476129090775533,ok
varying_density,46,local_scale,0.5281744341800495,0.6929128313579663,ok
varying_density,46,knn_median,0.5301436870311622,0.7005340893873753,ok
varying_density,46,supported_merge,0.5281744341800495,0.6929128313579663,ok
varying_density,46,saddle_cut,0.5281744341800495,0.6929128313579663,ok
varying_density,46,manifold_filter,0.5281744341800495,0.6929128313579663,ok
