-1.4170204011704954,-0.3755626387030641,0
-1.5225542746188685,-0.6452868409800937,0
-1.7014173397963523,-0.3256845435074661,0
-1.4459644435243777,-0.4558665537490571,0
-1.547745470762372,-0.28236229736548674,0
-1.328120932160493,-0.5115425734105605,0
-1.5187811787758876,-0.5514640481289594,0
-1.5496571639275059,-0.4863203994086801,0
-1.526451048210095,-0.3913083578372443,0
-1.4938024613999357,-0.5509992835688706,0
-1.2525656660375952,-0.6141894032333698,0
-1.6475002737043758,-0.42858839994326714,0
-1.712359206107593,-0.44589801270146107,0
-1.3232217754611364,-0.478917862249316,0
-1.4469033607751944,-0.8393868241705993,0
-1.3774560608524224,-0.42347601467883467,0
-1.597144954363875,-0.16564547937322302,0
-1.603760981974836,-0.7762720827494161,0
-1.6784245638465718,-0.4864212353780298,0
-1.405110464382777,-0.41588132783241816,0
-1.4909905532024588,-0.6289696164866732,0
-1.3408950040139929,-0.6434022090490622,0
-1.6019579911799906,-0.2526477653522101,0
-1.425498378185994,-0.41072838502939324,0
-1.3684847259826676,-0.588026525551363,0
-1.5158557854605377,-0.38195310642461133,0
-1.526576136361444,-0.43372069365621446,0
-1.459461042054485,-0.693831270880459,0
-1.325171460037385,-0.7099942151523632,0
-1.4184532887159191,-0.4794499420528549,0
-1.2869875643765458,-0.6811433083493795,0
-1.5171701422690846,-0.507885175929387,0
-1.4250817727747846,-0.3432201001866817,0
-1.4085155783942334,-0.4866099622788019,0
-1.3172926543256485,-0.13455837694135886,0
-1.6204870906909559,-0.4918123989907363,0
-1.351467316310648,-0.47626156524783614,0
-1.2656169073170462,-0.547636398668674,0
-1.5770502890517646,-0.34287104300995647,0
-1.8007575713844972,-0.5717024662632412,0
-1.1471503661413265,-0.48637488644686194,0
-1.4025803513726718,-0.6525843463782421,0
-1.4510320706141584,-0.5150057961246768,0
-1.211728287202638,-0.6625238173517425,0
-1.7993412242041316,-0.4217153246615151,0
-1.2509424134240323,-0.6078911754608252,0
-1.680010782222428,-0.6731879302257315,0
-1.3929389505277554,-0.5864052277134078,0
-1.4426932409434303,-0.8915532099721474,0
-1.5142660153588976,-0.3568505028376526,0
-1.4817441652528711,-0.6648966496101851,0
-1.314292093819295,-0.32307449980126984,0
-1.5072761303400735,-0.6169282636296101,0
-1.2855312080007906,-0.5843094145507368,0
-1.4688604571280282,-0.18471723026517997,0
-1.4243169809317209,-0.5750444512672946,0
-1.6994554650948666,-0.4848174300632348,0
-1.4590961296528897,-0.5968727335744456,0
-1.3303662178653164,-0.7103429522160758,0
-1.649403043300164,-0.6248034627670663,0
-1.4550034338119302,-0.7508862817301224,0
-1.6018092201401226,-0.6400924536969782,0
-1.4596805426066084,-0.6217444509780296,0
-1.3327942773858577,-0.8797852262972449,0
-1.407307733761522,-0.6068799414293139,0
-1.4006224834894294,-0.17069985081132238,0
-1.468840703781448,-0.47331102790830437,0
-1.3537149864144218,-0.7323350349972164,0
-1.375795508473314,-0.3680536982040348,0
-1.4771530631957126,-0.3954339707945111,0
-1.4433880913351467,-0.6360911377813654,0
-1.626886549838637,-0.33956780852104895,0
-1.2331867690833185,-0.6398727973110834,0
-1.4126835168564156,-0.7123464099980719,0
-1.5191740389181672,-0.5900166987838892,0
-1.6040782509886133,-0.5181860152260465,0
-1.3328375975600215,-0.4100043983629308,0
-1.5244661862758284,-0.2631165466499611,0
-1.4306316183027121,-0.1982223812232665,0
-1.6243104958412877,0.008811828748081797,0
-1.4803369573054292,-0.7048178660035004,0
-1.5933813289418797,-0.3450394875528012,0
-1.3424409385898175,-0.3653174898854909,0
-1.3800163795678249,-0.6948731806798366,0
-1.4755974347193481,-0.8961675268877213,0
-1.568351067291028,-0.3888329562179324,0
-1.6957692010169145,-0.09850028911978943,0
-1.295272394089426,-0.6963721713286699,0
-1.3637618740168465,-0.40661175435049923,0
-1.4732691112347498,-0.40051941080477066,0
-1.4893273151365347,-0.50365083846671,0
-1.3851131226967661,-0.41780856688687384,0
-1.4110101676250808,-0.4376991701520379,0
-1.3287810032509537,-0.3611196214126881,0
-1.6015092421898063,-0.622443214807836,0
-1.2639116676756414,-0.22717749271395374,0
-1.3784469046421495,-0.5387896303399319,0
-1.3444084327567265,-0.37567382237685043,0
-1.645237211307302,-0.47960911058448347,0
-1.6263638771052182,-0.5691004235841516,0
-1.444067936136076,-0.19841726198396936,0
-1.7172719930444516,-0.5514156830852055,0
-1.361279936139864,-0.37740011948896623,0
-1.3398484005168716,-0.6597330881332467,0
-1.4645185340534428,-0.569459394112886,0
-1.2814349303970718,-0.5142567100552167,0
-1.4457857746507197,-0.4583625894685513,0
-1.614626871480913,-0.40285712619377123,0
-1.5886727524620927,-0.4597037531237432,0
-1.540353663357938,-0.287157832631581,0
-1.443262706585432,-0.162624239713145,0
-1.7322171802754402,-0.25757313783351005,0
-1.3387039948956458,-0.44111248493768224,0
-1.1673561087178612,-0.7335696541613823,0
-1.4210454229304144,-0.2788408562036516,0
-1.3708558793465984,-0.5551763161082206,0
-1.3656725543364208,-0.5614126976049453,0
-1.4914213475514624,-0.6033621032960587,0
-1.3139957290713378,-0.43777938507698,0
-1.128026992869354,-0.3468763173995233,0
-1.6367527632627836,-0.35442037893089123,0
-1.5865638168518579,-0.5377776004270992,0
-1.4301325895912416,-0.6761725494410494,0
-1.5123640312411906,-0.6053715035153231,0
-1.4301607222785906,-0.5033315894320713,0
-1.4613330290939643,-0.20080459639366535,0
-1.379090603063223,-0.4172390532457901,0
-1.3085217336270873,-0.1742954087353103,0
-1.2702455303382556,-0.6701664898886948,0
-1.3809122379478325,-0.3593030698968364,0
-1.3255145286143348,-0.514819212564253,0
-1.4389266759392565,-0.641458129149942,0
-1.494957171855691,-0.6890954355878071,0
-1.286046992493935,-0.5791324139049016,0
-1.566707424436846,-0.440635774092422,0
-1.434501916813501,-0.6074817657873184,0
-1.4001793110761798,-0.5972720404946509,0
-1.383222040857832,-0.49542592386579637,0
-1.4204327636736267,-0.5556058417756756,0
-1.5332274918403843,-0.4474805704179355,0
-1.6479137431661885,-0.2554651884802977,0
-1.506040612176415,-0.13785349797366692,0
-1.3626397170862812,-0.5066394284393061,0
-1.524762888310299,-0.40258309439204015,0
-1.3892244222586088,-0.41755409625195944,0
-1.341296347579326,-0.4703098258596236,0
-1.3024499432672714,-0.6212320050227265,0
-1.4739575761452473,-0.3855338149699078,0
-1.5472922065781414,-0.48345892467250506,0
-1.2528531687945743,-0.47286858019112227,0
-1.5077993934681717,-0.2988704423210253,0
-1.592563523694196,-0.5471960843729239,0
-1.312521172358165,-0.6217260147119001,0
-1.4152963178341271,-0.5027076186797101,0
-1.2487362356442075,-0.7325199042733184,0
-1.516949291597452,-0.5460685116698852,0
-1.4005443955456889,-0.3970197874829533,0
-1.3942281776804046,-0.24961833680015874,0
-1.3626172047198237,-0.7085559748220276,0
-1.6318768996708608,-0.5821937562930497,0
-1.514935140550185,-0.5650760043869033,0
-1.3147025560612728,-0.5981256535994953,0
-1.3070209898246894,-0.29558640131005787,0
-1.4441177812428936,-0.5794285054433791,0
-1.2842581758626592,-0.6345837999950371,0
-1.3871701450918323,-0.4445078452693412,0
-1.2830593256914087,-0.42983944940432034,0
-1.4453929398154404,-0.3114837124924729,0
-1.4964252184203843,-0.3952416351897386,0
-1.4312006770727326,-0.48491003105520014,0
-1.6366283362215148,-0.4915447281493896,0
-1.576648032253938,-0.40074915000365474,0
-1.1466833330010624,-0.529262780826436,0
-1.331527718722666,-0.3193820147229798,0
-1.5945982701936419,-0.3704733865958031,0
-1.4881713215564645,-0.5655965237275672,0
-1.3437326561876837,-0.585327493327148,0
-1.5127652150314788,-0.3619944282721613,0
-1.2840339286456415,-0.4795271397324078,0
-1.363215593306609,-0.7319403919990728,0
-1.4609947191010653,-0.41487001194660805,0
-1.555307359315894,-0.3812796219601227,0
-1.4122000961475747,-0.44224275382478373,0
-1.2973651262476322,-0.27573186269944283,0
-1.6026583334648856,-0.6022114932038067,0
-1.3796127464714008,-0.5420109061392513,0
-1.1949648066405194,-0.3028678332236588,0
-1.5524595079760732,-0.6193397458684642,0
-1.609030036871745,-0.4277056036619656,0
-1.5250653637252443,-0.6057144369349347,0
-1.6090169370683294,-0.339606839702808,0
-1.5430855336983007,-0.6448036244618963,0
-1.6880166209806733,-0.42203755452520036,0
-1.418774818483184,-0.36654420669680177,0
-1.2655061845860607,-0.4556281794161425,0
-1.4918793473834753,-0.7634376466860815,0
-1.4343906508462576,-0.4309141431927963,0
-1.4153931280197698,-0.8218327071377431,0
-1.2909498881214467,-0.3852534685536459,0
-1.49767185414236,-0.5391337202287517,0
-1.6923120692377218,-0.435913175464987,0
-1.4917707029484049,-0.6829769714577391,0
-1.1969879234993368,-0.22824650924292972,0
-1.3560160018820864,-0.4944232043523591,0
-1.60595610932452,-0.4940989426587636,0
-1.3883228242315844,-0.5092473226714426,0
-1.452568149712785,-0.45910198858729057,0
-1.593537793866197,-0.35134597305396487,0
-1.3199944505564187,-0.5639557539833792,0
-1.5363952970957793,-0.1303485381766062,0
-1.302931064857864,-0.8851681946190577,0
-1.4610722572469699,-0.6642069912020808,0
-1.5640470651145997,-0.608094071492841,0
-1.4426248672901472,-0.513255547215389,0
-1.61276451546987,-0.6754737269182378,0
-1.7101096708703885,-0.5061952723083087,0
-1.413946466091565,-0.3444641870058404,0
-1.3232958372712331,-0.47409671019597666,0
-1.4994481822039927,-0.12705074540112987,0
-1.565934134086076,-0.7214567431672849,0
-1.5068012163796538,-0.457765085295825,0
-1.2763749067949473,-0.5712309446266278,0
-1.6542039776475157,-0.36620733668480493,0
-1.5055371398842634,-0.6725421092879484,0
-1.5641718856401308,-0.46857689336311653,0
-1.6729028873378735,-0.24021373092180673,0
-1.4696532236387572,-0.48334661631691833,0
-1.3149924785833658,-0.6184293377140806,0
-1.44063241105026,-0.5059153485022687,0
-1.387416584271251,-0.07569826944198088,0
-1.5882115914510908,-0.5031362521246225,0
-1.1793785745418215,-0.6443886209886972,0
-1.2430705169809766,-0.47770392497700725,0
-1.3173079354945911,-0.39570011367034197,0
-1.4077636746055275,-0.6425272292584615,0
-1.4670578234636247,-0.37461470672563735,0
-1.4972213826435083,-0.6755411413729663,0
-1.5730232626174059,-0.2505939180995876,0
-1.245146947419674,-0.6131184382939189,0
-1.450905598886943,-0.2798557206865749,0
-1.4109145605491629,-0.4796163155059956,0
-1.3695953281448987,-0.6792991840641922,0
-1.5351955739720924,-0.3608001680352918,0
-1.4224818372301837,-0.4122596383949995,0
-1.4364486956544835,-0.7102349326543363,0
-1.3941754551387446,-0.2700773247880384,0
-1.3823791271069117,-0.3662022141815978,0
-1.5673742902498806,-0.5332170171927012,0
-1.505803458055341,-0.5766790396903968,0
-1.5268046468309815,-0.3900142737484034,0
-1.3776814890703697,-0.3470175965741986,0
-1.2187105512602374,-0.4609587528673571,0
-1.3883983530445134,-0.4599422346223074,0
-1.6531430126172126,-0.6706703908173541,0
-1.3882157589774564,-0.565138506384317,0
-1.4543302857369467,-0.7326362048329883,0
-1.4112669674285918,-0.5409569605007625,0
-1.4241198077665191,-0.4578814084235089,0
-1.6545656742779826,-0.30323468715975777,0
-1.6089156103779114,-0.5414163815650234,0
-1.506686374244478,-0.3150590194000001,0
-1.4340893472837257,-0.326958997216653,0
-1.4218642264016257,-0.4945134138249824,0
-1.5503316161340865,-0.5704905914210353,0
-1.4430179735440025,-0.4466629863725557,0
-1.529507013734144,-0.2510459664785834,0
-1.4093526312509883,-0.678879053733694,0
-1.2585428605889615,-0.7767319398932373,0
-1.397478867377425,-0.5828142862029992,0
-1.2475592692117852,-0.3483087190210553,0
-1.5959272373406563,-0.31936199324219056,0
-1.7043462328681638,-0.34833597435788766,0
-1.4534450553661207,-0.6449922585482046,0
-1.3227966389698156,-0.3583743407277367,0
-1.423001474036904,-0.4414762397658493,0
-1.3962325610015542,-0.5503076484711519,0
-1.3762694205789254,-0.8066222143001064,0
-1.8777568756343765,-0.41134889048571727,0
-1.3982006632488548,-0.603798559431048,0
-1.585092675114715,-0.26600986229824175,0
-1.5131538041580546,-0.5932413304888136,0
-1.5710768553141619,-0.35494874232704865,0
-1.7292028210187254,-0.5228617854230347,0
-1.538987196533395,-0.5152691296955861,0
-1.363042992766589,-0.5735398405645802,0
-1.483180185461641,-0.8085776431632425,0
-1.5177960517721585,-0.6703865857183431,0
-1.4187143165074312,-0.5309335386202707,0
-1.5041843448037517,-0.4642966271573081,0
-1.5625908090699676,-0.6838781222716251,0
-1.777733725074905,-0.5039182447332238,0
-1.4491624715044273,-0.5016238234493055,0
-1.5231892292062272,-0.31482121080402187,0
-1.5443622064567932,-0.18916982473487312,0
-1.4860354671136553,-0.6326770610652143,0
-1.4999695854206705,-0.5059292005827818,0
-1.4017586405648452,-0.17482018006761668,0
-1.432570340456635,-0.37257195225728135,0
-1.3333317889543748,-0.4190384129164034,0
-1.2060884385241069,-0.5503826945203842,0
-1.529553948121248,-0.7005685850544746,0
-1.4848363947801344,-0.8509711613910105,0
-1.3711034739773125,-0.612288006352183,0
-1.3679970885716346,-0.43295579219245145,0
-1.6028460962585305,-0.13678208105978581,0
-1.5478980744496917,-0.6377482243498444,0
-1.5025440025542889,-0.41281708785132626,0
-1.5869310144664954,-0.3567711645177762,0
-1.4325123282226775,-0.5246111296965608,0
-1.5832120434481156,-0.47613709831865875,0
-1.484368171857539,-0.8383740202065088,0
-1.4107828052574962,-0.653157386052275,0
-1.4909045500461908,-0.6438218668575673,0
-1.4956175824744045,-0.5728686452676253,0
-1.4994794375886058,-0.5723481663058635,0
-1.5375988311149638,-0.32403029047566295,0
-1.39525854344164,-0.4053987982131312,0
-1.2854074365116614,-0.5884145200075086,0
-1.3973621110714982,-0.5890232576833322,0
-1.5608077333877464,-0.2746763249685586,0
-1.5623016517910324,-0.07665815634192187,0
-1.1505411745881104,-0.8646147589566867,0
-1.3360654912684482,-0.6403201699680019,0
-1.3801840384228738,-0.46432157277975744,0
-1.7751173813877243,-0.4775340612019707,0
-1.2840286302274053,-0.45310987895947097,0
-1.2110072074026954,-0.6174676482184176,0
-1.2086658403878312,-0.4965032878548092,0
-1.6173110100607273,-0.3997641955757823,0
-1.231776341797996,-0.4606849235721899,0
-1.4201381194434557,-0.4732132044865648,0
-1.7266581173992515,-0.14560400090822753,0
-1.2059985679099066,-0.23612051241060938,0
-1.393251262629363,-0.47351100420662146,0
-1.4881789777488943,-0.2214708373493385,0
-1.3429296713190835,-0.6875720849621568,0
-1.506924527357004,-0.43036245524258404,0
-1.5178083484787595,-0.3709252542318189,0
-1.1910760968558198,-0.14969227453516304,0
-1.3585813740061352,-0.6415512283653263,0
-1.3224638772607806,-0.6978361083441842,0
-1.509454732217612,-0.6060260258278075,0
-1.476254910828447,-0.4341154745977668,0
-1.3094842115760124,-0.43576862033185665,0
-1.6560477000737455,-0.38287009526031485,0
-1.3442860870273512,-0.3459249081455447,0
-1.532448017475652,-0.5178262192633495,0
-1.5031304727322619,-0.34050205191401056,0
-1.6847452485860814,-0.5697828372044664,0
-1.275002529529122,-0.5703361904574684,0
-1.2741378435293524,-0.35044539068199226,0
-1.6888116466003478,-0.6385348913253929,0
-1.2017363378380164,-0.7826578795749309,0
-1.5256264724181807,-0.47299828010000905,0
-1.414665367575645,-0.210619056387066,0
-1.5733519996528555,-0.46922262558275535,0
-1.3508518306757662,-0.5446214129186155,0
-1.5637633941167113,-0.5703809273222087,0
-1.6036217468027787,-0.49406103461794365,0
-1.3102663196902653,-0.5799674499163834,0
-1.3633855217480955,-0.8364835492267664,0
-1.6871173647416386,-0.27966613066804175,0
-1.471756287778609,-0.4195593958148954,0
-1.6393493624846784,-0.6558098684390926,0
-1.2995579639383898,-0.5009517995991926,0
-1.3683137373391707,-0.4890505329415486,0
-1.3005445605384276,-0.5880834073215436,0
-1.7437495872490703,-0.6571167672500234,0
-1.3798825410896343,-0.4486540653475206,0
-1.4841719626478538,-0.2922309388725124,0
-1.527442462611078,-0.692699335887298,0
-1.3386752953511702,-0.6121757398669802,0
-1.4201581074239777,-0.7417122207536169,0
-1.6407753591257503,-0.6061808100482405,0
-1.1668943675072492,-0.4125174864820471,0
-1.4853988906612392,-0.5630594700682662,0
-1.4196031255325208,-0.4689616418318062,0
-1.3574713790742847,-0.14440441715528646,0
-1.490617594057303,-0.03959597555004675,0
-1.694374444402918,-0.4533283848990743,0
-1.5415271422559726,-0.4017756372427882,0
-1.6193495554205375,-0.6325843895105269,0
-1.4442637964620153,-0.7253131148447561,0
-1.0477236192775126,-0.29220502811567234,0
-1.3427493780550541,-0.42370290554147705,0
-1.3833739753370033,-0.5157731547778344,0
-1.4161003281185116,-0.5313190346497096,0
-1.5827026770786685,-0.5229498684948406,0
-1.2623407402591198,-0.43471522802303025,0
-1.2390018139557148,-0.31716510144972737,0
-1.156253538570145,-0.45114140112843276,0
-1.4254655464640558,-0.5600653598199573,0
-1.2906908615107135,-0.562147727157957,0
-1.36372605731132,-0.7808696371101367,0
-1.5061600540915405,-0.243085572300956,0
-1.3799953539882812,-0.25774246431069797,0
-1.5125313469614827,-0.5270554153798289,0
-1.6622995876077133,-0.49066577644152626,0
-1.341123124932924,-0.5279696325322283,0
-1.4346758090752125,-0.6519165425641875,0
-1.5559701955048866,-0.4880332032926845,0
-1.3476366165604081,-0.5516445841428557,0
-1.3569091094849202,-0.2916787572941179,0
-1.5082534786898334,-0.6870368321507133,0
-1.7345391775168735,-0.44809916142655654,0
-1.5409358494825467,-0.4753500214765564,0
-1.5334277203185886,-0.5329471585454426,0
-1.3989157778941543,-0.5526092580615908,0
-1.3172293609283643,-0.6251277037278309,0
-1.5290569102962641,-0.5604233070294407,0
-1.39295502672526,-0.6774818252654002,0
-1.3015422726544275,-0.7955643244920102,0
-1.4703587977649086,-0.4319200978613567,0
-1.6400426190614872,-0.4285783758627441,0
-1.3426528632807673,-0.4510682341880432,0
-1.4568060800198641,-0.5060998196420106,0
-1.4507182398201033,-0.3287013117112081,0
-1.4816365196368273,-0.5746412102083138,0
-1.3374235221816317,-0.3900313454096974,0
-1.3139305407095776,-0.6842125017628181,0
-1.3060027211029241,-0.520229347465028,0
-1.565944260977463,-0.3603179821071574,0
-1.4057177175530224,-0.6750606705357548,0
-1.4780153549658266,-0.38220214049775925,0
-1.6735102039706478,-0.3981204985273877,0
-1.4746993629876748,-0.40329768676607763,0
-1.731353719189942,-0.21917414110579284,0
-1.5260022198984948,-0.5902058102221706,0
-1.4786100239069833,-0.3974912065810589,0
-1.466187831931318,-0.22666313211399824,0
-1.478033360516825,-0.21127398961645583,0
-1.4739273099776045,-0.48974783094184415,0
-1.6505566062519479,-0.6276966753597655,0
-1.4105863924500528,-0.7379137723931991,0
-1.2331896044213546,-0.45432539649328874,0
-1.493485675659078,-0.5060432990870071,0
-1.2351416850984902,-0.35792911967049396,0
-1.6897326201933682,-0.5619915742679404,0
-1.3312471397068821,-0.6355117384499126,0
-1.4026064872875388,-0.8772037724705612,0
-1.5229547871910665,-0.4720916127298738,0
-1.3557300461370523,-0.5729078133725003,0
-1.3302241851580203,-0.7439430369572235,0
-1.4718553360217708,-0.45950426058198707,0
-1.6480560472176229,-0.27111816110498477,0
-1.4109760917370346,-0.6790806940694094,0
-1.3777101559120937,-0.6331525041105115,0
-1.5310100818950507,-0.7239580083357369,0
-1.4940907735630264,-0.8646291186948907,0
-1.4206562650837928,-0.17601604873493767,0
-1.5048482363930313,-0.8827250951634986,0
-1.509161623858804,-0.502704178187481,0
-1.428772986150332,-0.5020985910565449,0
-1.2544943682481824,-0.5229222008576395,0
-1.498568672057175,-0.43154606050565636,0
-1.3915447443707294,-0.5271956375699639,0
-1.4791434888710768,-0.6016052252761493,0
-1.3553533189018259,-0.7551920882590434,0
-1.433241762807185,-0.33997336165741837,0
-1.455299408771832,-0.7870362839927435,0
-1.469051499786824,-0.3672822049794654,0
-1.4191813152229882,-0.6751503441137263,0
-1.1574043906760578,-0.33264821392366833,0
-1.4286896886877118,-0.019518397579867695,0
-1.4853044069913195,-0.7478778952223719,0
-1.469344901006663,-0.4793645623493329,0
-1.6481993741323713,-0.3733051079039127,0
-1.322767349314081,-0.732772282257689,0
-1.530946946290199,-0.6992039231349433,0
-1.614142269865324,-0.41600351605281977,0
-1.4366112064820844,-0.5284692604012695,0
-1.4088989018157398,-0.5569129606575859,0
-1.5311091354680153,-0.5588065463424685,0
-1.4798426001149936,-0.48779523143562803,0
-1.3830844385877568,-0.6155662962167535,0
-1.4854433033271812,-0.5889049465447499,0
-1.5278000042324746,-0.35657253477842665,0
-1.5383430434089849,-0.517304650567509,0
-1.5781434465957764,-0.37131338277930626,0
-1.3080419558083463,-0.46200181437648585,0
-1.2017736701981088,-0.8492795830076182,0
-1.5363797037007736,-0.37945297448999044,0
-1.6463653248361616,-0.5195035210850575,0
-1.4390113372067885,-0.5331904191719101,0
-1.453874474117614,-0.34645683141737693,0
-1.3103210415235869,-0.7307583390504334,0
-1.6162996616477114,-0.4153722466727265,0
-1.597777021370843,-0.1660778775203895,0
-1.4612104656119822,-0.45165693231216103,0
-1.4705380064405063,-0.5533543323251229,0
-1.5412413499461228,-0.20391468812018915,0
-1.4017041764430427,-0.8337630066992513,0
-1.5290555494173623,-0.4006545889648257,0
-1.3947035304175255,-0.28206266724260654,0
-1.4139008928215417,-0.5340900859407421,0
-1.4703242765429216,-0.44128856379953835,0
-1.3788934448775474,-0.5996216866023941,0
-1.4895328074734737,-0.39401608958713613,0
-1.4297880927739517,-0.5086743076873202,0
-1.3413343891985035,-0.6168197026770719,0
1.0906917511589564,0.26010810441034626,1
0.8096881464855517,-0.5461976050367963,1
0.32747370615937893,-0.7160099095693727,1
0.509183891682984,0.12285974028416657,1
0.6934130163176614,-0.6655644816856015,1
1.3094238766044697,-0.5381336450187589,1
1.0664143357811642,-0.7114026047378126,1
0.9906342135577445,-0.5988282227943726,1
1.403672678005209,-0.3485245805431397,1
0.16829038569486143,-0.7898133365826246,1
0.23270068584550552,-0.15974973323799993,1
1.1741617062372924,-0.33297311151561554,1
0.5809682819741661,-1.1898487986371304,1
0.7917649038220863,-0.9000054306750347,1
1.24011783774234,-0.7302169835606445,1
1.0228719379515285,-0.7853186493324904,1
1.3153839778267553,-1.114343728971287,1
0.6500173997697533,-0.13476434628505982,1
1.582845518467425,-1.3693785453722531,1
0.22907983210653363,-0.20220275503480764,1
1.5384514130058429,0.02482554681938011,1
1.1420540401928851,-1.1457260544802081,1
0.933313372509609,-0.17715425333756374,1
0.9107160116350498,-0.3040233257345627,1
1.1592452723176514,-1.9854686736765323,1
-0.12265345098926494,-1.2210367963406277,1
0.852689708975393,-0.7298430061846837,1
0.20053114496249944,0.5035158041758155,1
0.7176330772319917,-0.3702807771000584,1
1.2419823285067704,0.8165307666128924,1
0.7857359867920147,-0.37704893173404624,1
0.24106266196588724,-0.5201445161376647,1
0.23400685526734555,-0.7691621355269853,1
1.1629952125515497,-0.27126137399420164,1
1.2481083178892898,-0.33660335618120596,1
1.348315582178281,-1.0937713300043665,1
1.3717534079031075,-0.8419282420260381,1
0.6396326170871303,-0.6829706801011927,1
1.65433338503814,-0.9544459778640417,1
1.034029540668048,-0.23400085786414546,1
0.8576104792292718,-0.9760960779823149,1
0.28658479388240116,-1.1980396674031724,1
1.3122957575225356,-0.9764842762721273,1
0.25609063651392666,0.09470352015085307,1
1.094564827310112,-0.5139154132192979,1
0.5683155713562182,-2.1733725516528923,1
0.45128622256792916,-0.60198945761749,1
0.31494323592468615,-1.1555880280713193,1
1.7520525340970428,-1.5453101948627632,1
0.9422042972475495,-0.9923682437369354,1
0.892444185716126,-1.2487674299440392,1
1.3530465239046683,-0.7106488954893262,1
1.587619958161803,0.3348012373333709,1
0.3839904803387366,-1.1245556532035743,1
0.19981734536902296,-1.1168558723438264,1
1.3678265749177254,0.4954535386020601,1
0.5303529094970653,0.1663222460524999,1
0.7800568395722107,-0.6708439206708049,1
0.7363624386339511,-0.015570432919341674,1
-0.12034361246693508,-0.7280674812534036,1
0.5218748541613751,0.0024647038360936725,1
1.1501271358436849,0.12430394534812346,1
1.1036113330834203,-0.2760000508409396,1
0.4323764589802612,-0.33332649322522745,1
0.6401512158125316,-0.816510496312488,1
-0.21335327935815607,0.17261668071326822,1
0.3636178794981878,-0.5132965708284652,1
1.6850869729382623,0.06635677261458088,1
0.5955017820214429,1.0515809003234033,1
1.2956433647151668,-1.0066963968946026,1
0.6037162595608757,0.15410443260832335,1
1.204040237974631,-0.2356280955513457,1
0.2592438248156672,-0.5458521663880128,1
1.208190842135562,0.6853126693716884,1
0.8923894296507808,-0.606782729659244,1
0.716887626610907,-0.16974667489245251,1
-0.01903632987199832,-0.7353823433772966,1
0.758606549353768,-0.2657271271693787,1
0.7850244271523754,-0.639212149422427,1
0.5846749592583669,-0.4408950871227789,1
1.0585072513752785,-0.25023971212588986,1
1.2721265692536492,-0.7450614302557506,1
1.098925096008634,-1.4237840227245844,1
0.6652939564825296,0.39039030690029314,1
0.408613649376498,-0.05153509329383837,1
0.5274900477642089,-0.40540948237725494,1
0.10976219903949962,0.5995188614609441,1
1.513678713167002,-0.9247823305559997,1
0.3493699117758113,-1.4740456399396435,1
0.9255586552555567,-0.35131573985408404,1
1.0898743583650305,-0.20358685621743589,1
0.3734795292604331,0.18819901958535157,1
1.547196482564458,-0.6628059487536866,1
0.5564635144567782,-0.6081270473173275,1
0.6476354139429817,0.06420544104286621,1
1.2433400032457065,-0.09095812955148838,1
0.6843345500874911,-0.442748788465889,1
1.2951671720107352,-0.08725938535925076,1
0.9246045418272523,-0.2585411794688492,1
1.353116502840975,-0.6989889702938327,1
0.3575715272957176,-0.6865745608989802,1
1.6976938079974853,-0.9619654018946167,1
1.3889575856810408,-1.1483507117938945,1
0.8418254582527067,-0.06284296539951605,1
0.6535536739579516,-0.8632851589209496,1
1.0159528884495335,-1.110998645528984,1
1.326070110157334,-0.8349058796687355,1
1.0513858736715138,-0.8341796091672976,1
0.7705151496190091,-0.5600906234916151,1
1.276847258764319,-0.11392408104659058,1
0.29596739471543415,-1.3611723829773663,1
0.2829552690980789,-0.9906730084061538,1
1.3051302064899577,-0.379180386467994,1
1.3252000474332375,-0.9644050659644324,1
0.69163774167501,-0.7532850626057046,1
0.10978361144408116,0.25804818533378787,1
0.3200490795132417,-1.2456371078490598,1
0.9546719989933421,0.14958795222857532,1
1.1883950860153496,-0.1692588483383452,1
1.5175539940291005,-0.8511955612671722,1
0.046016895666217625,-0.1467443187077993,1
0.6559493580830728,-0.09811431591955129,1
1.6964729552095639,0.1751769183396251,1
0.975318383602533,-0.8228939267125792,1
1.3302264255622143,0.1785622007590107,1
1.1974782652057296,-0.3131907502284625,1
0.41331776886725935,-0.3017679082984171,1
1.4138697558933344,-0.8944957363631479,1
1.1220225374413884,0.7693247773840038,1
1.1465711462884585,-0.08546817920066564,1
0.9149732696518936,0.002581107931877199,1
2.2568089190236185,-0.9062598345539863,1
0.5245380389264134,-0.2583229700269474,1
0.3797024294412597,-0.961024978610149,1
0.38528579856007866,-0.4570642358482014,1
-0.10513406416406638,-0.8967448431168463,1
0.2941810298950178,-0.7348196406121292,1
1.029291369076895,-0.20440802156700175,1
0.8610693402954903,-0.14956952736368279,1
0.6771053596132421,-0.5379098890383094,1
0.4651481658280027,-0.3975541056703226,1
0.6584315997843814,-1.514423113328083,1
0.8240612759090354,0.8889467126538294,1
0.0936333547764444,-0.450913224926313,1
-0.00925863494706298,0.46607919721673996,1
1.6716422626725058,0.17017568663399008,1
1.4949196673951766,-0.6010017312022241,1
0.4938804378160744,-1.3258394246168799,1
0.7855273737359219,0.05868420941250657,1
1.0148455616359042,-0.6356910190563607,1
1.5877123744272628,-1.28069990420371,1
0.4295685173067113,0.08366509561570062,1
-0.06374292153723618,-1.2819951125369702,1
0.7496102114672223,-0.12164504190671235,1
1.0920994480493227,0.2375833208760751,1
1.0550299817550852,-1.0742741840421484,1
0.6259493825553718,-0.776876806602297,1
1.1841860476764539,-0.0629952985797365,1
0.6063172631811538,-1.5232449106064354,1
0.8946330470255774,-1.4189458530946593,1
0.31626611792637516,-0.40143310158973733,1
0.9230153115610088,-0.9640835588843476,1
0.8131955660412957,-0.2918238144192772,1
1.6095859392643108,-0.04555453417276835,1
0.46714834150914547,-0.7815658073332492,1
0.9469657051455259,0.00246046102766366,1
0.7972815897467844,-0.5679610106324614,1
1.4630237465518774,-0.48022537228652296,1
-0.1066395958980345,1.1875145317568856,1
0.6517828375459924,-0.78916116050224,1
0.9713209089602203,-0.42975374783791553,1
1.1888872120743055,-0.4417008715494836,1
1.1131692173432868,-0.9723290010037556,1
-0.2629677804066168,-0.2665054972545052,1
0.32712073319944907,-1.4631676022180233,1
0.8777513180651879,-0.42020863397960223,1
1.0300908512735953,0.15243875693626052,1
0.7219400912218483,-1.4887354305112666,1
1.1639937048336977,-0.12340159688691094,1
0.3166176954638564,0.6585476414452601,1
0.43388093170611897,0.12181523014410645,1
1.1301935922575663,-1.1145152915109544,1
0.5870489805914761,-0.12211862746483895,1
1.2899498589238203,-0.9253531287049913,1
0.5123391515302411,-1.2794499789440075,1
1.4006829798680536,0.05257645815123046,1
0.7566268481505315,-1.2852552917578828,1
0.730656469011326,-0.49879903279408844,1
1.0287400494044094,-1.6073204853399556,1
1.1345386533390982,-0.6670621306778187,1
1.2590622631478583,-0.15478241419899758,1
0.3393235091465258,-0.4965349167478999,1
0.5847291297410913,-0.38205075249222364,1
0.4307374635576007,-0.7798102246668455,1
0.5847353572510168,-1.6026994895140922,1
1.0186427108466374,0.655242910384258,1
0.6160503007977128,-0.23380634360247712,1
0.6235147060141569,-2.0153728906382296,1
0.36189600664865323,0.4939662851697628,1
1.8188534076563185,-0.4976561872695898,1
0.42673123580824746,-0.004742184977802703,1
0.3817698709527825,-0.31769395331681166,1
0.8167712247831097,-0.9690244612773654,1
1.0848311178026993,-0.530737064537333,1
1.612900738899637,0.20031094460677087,1
0.8483486310420456,-1.2850043497771246,1
0.3605063902381943,0.1575815592665748,1
1.1801477588491485,-1.184439727502413,1
0.836289631085253,-0.9646130425027749,1
0.2884753487002705,-1.5422867375299636,1
0.7482688584575382,-0.5249383197690568,1
0.6286922894026417,-1.2614672697823106,1
0.9408359973250923,-0.8446902549506642,1
1.1258636630748258,-0.36044961597613745,1
0.6028013563326801,0.061670949490435514,1
0.4677180676199536,-0.9212129960704439,1
0.8368898047774227,-0.040733683541973896,1
0.725997110513691,-0.42227589636714824,1
0.9350021749733186,-0.6905680268984218,1
0.9297733988806365,-0.35706702010160507,1
0.043115273660769574,0.30694204625174376,1
1.4779183883675833,-0.3977360015717321,1
1.2888354913138622,-0.40224255444968837,1
1.1795496671327457,0.12766850781707503,1
0.6289175139955876,-0.19596303414703442,1
1.4536189105638186,0.18748992065435918,1
1.525176742133362,0.4155248076001274,1
1.100472124990816,-1.0456585277170518,1
1.109464710947596,0.09402060339451049,1
1.2230108540052966,-0.8262460650049079,1
1.1750777340705418,-0.8055496990076125,1
1.164722835363998,0.7153209437528245,1
0.394012348991742,-0.7144943139808104,1
0.8615176647699129,0.3237141654673329,1
2.3339022441108,-0.1730627223046654,1
0.8772155775144114,-0.5670075322817125,1
-0.027257483363321136,-0.47763287815840083,1
0.8934073424057537,0.3671942463232021,1
-0.12956801247960567,-0.5296430402339433,1
0.92148536779854,-1.246454902014634,1
1.3876561439329997,-0.3810776490637437,1
1.093841290096829,-0.5803745645105307,1
0.6620940038083291,-1.4823148923825615,1
1.1368900012216299,0.1484962857255391,1
1.0916697100528712,-0.9874629306740832,1
0.5161946479637765,-1.265357443197703,1
0.7094904301309026,0.37319668127935374,1
1.114580497167541,-0.9194441030512926,1
0.13622160891515064,-0.33414471518894195,1
1.024851144890035,-0.6330147490711059,1
0.648300615834494,-0.821656975405249,1
0.7060787910875289,-1.0909681731563061,1
0.9202990594109777,-0.23749036582674748,1
0.9301387999584874,-0.4160492781343076,1
1.408758910548518,-0.660501989474971,1
0.8207805149221892,0.5911731015791859,1
0.16037797143248095,-1.7341694855464789,1
1.0441936150326039,-0.6278738656751092,1
1.689363211658074,0.09998079162859472,1
1.1601883852053543,0.007528556231359752,1
0.34291658680297354,-0.43051163739062903,1
1.7546840344853811,-1.259331108367689,1
0.7936421253808427,-1.1308596369363177,1
1.089002640591848,0.06979605840761582,1
0.38404283964473684,-0.4993661313846915,1
1.4325119511875217,-0.4409913368945499,1
0.3340565850912441,-0.2144606961067784,1
1.7103401793105426,-1.3392903643035805,1
0.607305231201403,-0.6719488961366802,1
1.043881197888799,-0.3125258074732675,1
1.0794713885772267,0.6473587623438569,1
0.7896082094678417,-1.0078312894103414,1
0.8519017831631345,0.4311010206762226,1
0.7309481703146673,-0.07894484919697164,1
0.8771180480459768,-0.6051184018295165,1
0.6240524249568781,0.0643815656192061,1
0.5784475538550788,-0.6168253670668937,1
0.03527574939177897,-0.6317518402167112,1
0.7228009291110751,-0.4155167813990299,1
0.5576573812032369,-1.2992836534643106,1
0.9626947096102934,-0.16397323709937284,1
0.48241772862095617,-0.36962212932581756,1
0.581515063226369,-0.6293726598056624,1
0.8540429045547538,-0.8573205806729381,1
0.3273934798763767,0.6502706914581384,1
0.7149300271700539,-0.38426706455095316,1
1.391867970746779,0.1641904635143764,1
0.3496418951041652,-0.818219301867835,1
2.144768912448339,-0.45666089151965295,1
1.178679266591134,-0.32478856610545387,1
0.6981142576064121,-0.47319902330533936,1
0.9268012826229823,-0.29584837264768005,1
-0.3907918481649206,-0.8224140192692604,1
0.43923492377462303,-1.644089179597323,1
0.38198740938107384,-1.8648104156636172,1
1.617462939576693,-0.8179567473603478,1
0.5654319331784617,-0.05565355653494768,1
0.6860189172852477,-0.11132174199192188,1
0.6383198278294318,-0.5696955015617133,1
0.6340512901769992,0.021173371821488797,1
0.5410860963810231,-2.0568060473670386,1
0.8232163104179627,0.08361234476035838,1
0.4617495943121644,-1.1704632632028673,1
0.5123358511477765,-1.9458865873709406,1
0.3164573068670504,-0.9854059328109139,1
1.1149676720262767,-0.8070331487633753,1
1.1224853878408085,-1.35194416204972,1
1.9320371798463962,-1.0540265109983438,1
0.3135906908072343,0.28917320177317696,1
0.2783721661069495,-0.34873789178255027,1
2.091153978819497,-0.843032486125669,1
-0.09633235332732455,-0.4904184734955645,1
0.48130928160687475,-1.0936137415079263,1
1.027271176122207,0.10447580228171754,1
0.980859244076611,-0.3055721355388387,1
0.09424482941766331,-0.847528372056572,1
1.1609074496788474,-1.2089552658667464,1
0.9955256646886398,-1.0898162930890223,1
1.200830834411114,-1.0853445262670396,1
1.1420034203298284,-0.05242685576619377,1
0.8030633647940849,-0.6328807834862927,1
0.2100880292351112,-1.3607913424274585,1
1.763348583047525,-1.0418219430114446,1
-0.10109370480017023,-0.34785703242011606,1
0.5440474694973624,-0.4705687946710534,1
0.7735513139697556,-1.2796504917890286,1
-0.15743607735314186,-0.568445047305639,1
1.324226560627716,-0.7698109091907362,1
0.8837687354896676,-0.07045988191607612,1
0.5052769075899063,-1.0184487658308707,1
0.5150007933194987,-0.002601854283985255,1
1.0057080294037104,-0.3769254320925522,1
0.19886002172048345,0.6257052217043105,1
0.8090646704281869,-0.6896627843559247,1
1.0895772923647797,-0.1211870191032305,1
0.7297230827474661,-0.1262208316102284,1
1.679053512251285,-0.17228433815606325,1
0.6821272079321934,-1.179091286210444,1
0.291771119619283,-1.0159522232011005,1
0.5005531578281414,-1.2937173238435125,1
0.6493525467439587,-0.6220465118761545,1
0.30350367520320504,-1.5870679688307512,1
1.203913357959701,-0.07734844495680247,1
0.6346375744393657,-0.5077798219261053,1
0.8512890158767247,-0.09121942362574999,1
1.0427124095055587,-0.6122596110599381,1
0.5799674174368171,-0.9956045587123675,1
1.0316495624300903,0.575707892168112,1
0.8317123606508698,-0.03668467906747729,1
1.3115329581853115,-0.5513141194265441,1
-0.058801845827631954,-0.9240532459794415,1
1.257654436520512,-0.6317922801596678,1
1.3099035215933794,-1.0400564088227398,1
1.0486613341657547,-0.9729342829818564,1
0.47641858671751847,-0.09565463381668932,1
1.0883002085366043,-1.356721829704807,1
1.1388101554427004,-0.45200370816317137,1
1.1154392098358503,-0.037448344678238994,1
0.9082457902694218,0.1160486438943899,1
0.608208740607518,0.07344835323951092,1
-0.190185887626571,-0.5903413672042837,1
0.5208266533716619,-0.4664967101811452,1
1.4586486407230124,0.3510316506212797,1
1.2781460124515367,-0.42006348884506534,1
-0.04476244378225666,-0.2985683496395068,1
0.9187974083628306,-0.7989214369313816,1
0.5816797915841695,0.5538599717417237,1
1.340690535788592,-0.7689783400702809,1
1.2024987991489822,-0.19379127914465266,1
0.7749393477630924,-0.932806036136848,1
0.8607557164225532,-0.6246259684246727,1
-0.050773853679436036,-0.5248764814646365,1
1.5766682820124238,-1.2342993807142022,1
1.0640682398114596,0.00334888490855598,1
0.5597760263225963,-0.08986325572960595,1
1.7595939912135885,-0.22553132437722187,1
0.8866535836742878,-0.4730251265267101,1
1.288548202690144,-0.2150741995827701,1
1.079329329239164,-0.8667075095675604,1
0.6180366466841511,0.05927227505427607,1
1.843579897997181,0.2813487339384996,1
1.1815872285783606,-0.968886132624405,1
1.075358108208372,-0.8421578947770797,1
1.406908975794706,-0.7760398390429701,1
-0.15534190295416736,1.1101755185659798,1
1.0062758174925965,-0.6001025482900505,1
1.0442967662418934,-1.512016093444591,1
0.6516009761865826,-1.0739513486432843,1
0.38059000614268,-0.9662984294895791,1
1.160006432862859,-0.37966547799432465,1
0.7930983124778741,-0.8803330647153146,1
0.6023839386844495,-0.7891533063378748,1
0.963178789285811,-0.10003772742039635,1
0.8499172613647532,-0.5448544322519601,1
1.1908739622032796,0.0836276522313525,1
0.6449137404663583,-0.629202472965459,1
1.1530462428403385,0.3885875625947476,1
1.2494336198797074,-0.0976385893838382,1
0.9975729821437186,-1.151001290674863,1
0.41303692292794186,-0.36189598982939203,1
0.6728531500874215,-0.19844298170529828,1
1.0046345212088195,0.06813082340251175,1
0.39077067844016217,-0.3551161632757126,1
0.0676344786692526,-0.7001132011185223,1
1.2785162384788928,-1.0640688190333438,1
0.7345452766919315,-1.1920457537894211,1
0.9278383604661627,0.7730969862401087,1
0.22577376647318698,-0.7198553983913575,1
1.1082597004623012,0.1825196419296188,1
1.0120430513104859,0.03761045201262684,1
0.4255710650092399,-0.37488279029985133,1
0.6994590944679159,-1.0622222908880623,1
0.7570900013564642,-0.9669933022427591,1
0.33466108092482494,-0.3806402453308767,1
1.690175612472519,-1.2868928152221943,1
0.26733614494822533,-0.3336663458750222,1
0.09006092922030734,-0.9677460501764349,1
1.0454224419226383,-0.8791891364751803,1
0.7984051171723366,0.5084723881064712,1
1.0884207681422673,-1.3543837818699231,1
0.5353671203741955,0.574976127999811,1
0.767586725434683,-1.3098782238313629,1
1.042081165247452,-0.17168142583734952,1
1.6591005438725885,-0.21755107606012114,1
1.1970417922944356,0.3167874978757153,1
0.08565703553516654,-0.5650053148774838,1
0.7023410598033678,-0.5508423728994902,1
0.7277667337793333,-0.7635710073887031,1
1.233088312428013,-0.789415285282176,1
1.4254100074331104,-1.089648496064671,1
0.5278996279053146,-1.8584580280580647,1
0.11547739081218304,0.6838161234519724,1
0.25112198639499383,-0.4329242819521304,1
1.1247067432422386,-0.23551988444119992,1
1.4579277799198278,0.9669178251770235,1
0.7093382386974207,-0.6806701763020958,1
1.295818178445386,-0.9019155384903407,1
0.044835300047880694,-0.2993116925587855,1
0.5005182439535995,-0.785911303080192,1
0.5130821134566047,-0.6520970152015764,1
0.9337201445394917,-1.0723846558477095,1
2.196772793143664,-1.9062840732402904,1
1.4221859710536668,-0.6830005495562471,1
0.47682325045577423,-0.6382343582220948,1
1.264719631158611,-0.7337948066406222,1
0.7509674693206732,-0.6453584664693429,1
0.40909953022045586,0.18418645329197877,1
1.112191517837994,-0.3697555273487913,1
1.279230032131436,0.08057135452413013,1
0.9509683220353398,-0.6358807679510554,1
0.8063936216455202,-0.1555416772718185,1
1.3635678156692501,-0.48217101149850705,1
1.1440794383456454,-0.1107574595399693,1
0.12615377731039298,-1.2968120138303647,1
1.4454060950026104,-0.7078407946424253,1
0.3984315008625365,0.41369089540512327,1
0.1816280196147837,0.269038838710098,1
1.126136262197815,-0.32119756705213864,1
0.3886495131821936,-0.024091907103540807,1
0.4622173451750369,-0.1585169765497803,1
0.9019397940039189,-0.35845620802796296,1
0.3781810776409691,-1.3008999978844513,1
0.6988310332702964,-0.13116148278375317,1
0.6373963596644213,-1.3996974132977555,1
0.9987607389181764,-0.4263439006821842,1
0.8420996000895576,-0.5466827698439788,1
0.21842663636545767,-0.929913189899287,1
0.7473919098588343,-0.019888729582178303,1
0.9220251559756226,-0.38390468729632315,1
1.7814068267336662,-0.31007135288507504,1
0.45416675060974604,-0.3658070280191817,1
-0.39462267487018104,-0.5315094080506727,1
0.7189947666084537,-1.4554259037912882,1
0.10161175435735695,-0.04241441018125055,1
0.6782773675071311,-0.8312100598755836,1
1.075755294880856,-0.32252793354938236,1
1.1589317808961155,-0.8516179255548415,1
0.8689258882269607,0.7758574694991279,1
1.0015738490947015,-0.6873164594963357,1
1.1767371688402208,-0.08717495741504257,1
1.7006260644759952,-0.6063962070141149,1
0.9377052182114831,0.06526319252774072,1
1.0185672530113588,-0.6879202178891637,1
1.4047885206997566,-1.7562966624195417,1
0.8584379081268081,-0.2946102092444022,1
0.23836264733170523,-0.2269916363084783,1
0.6665144280587596,-0.9459828404683742,1
0.6270720300102298,0.5924291438567377,1
1.0587163138294589,-1.7881834704931994,1
1.0076228259480478,-0.4386891109835633,1
0.570950058654167,-0.5906322230851847,1
0.3806620181298199,-0.2486217792715539,1
0.55193803762725,-0.6696668193423643,1
0.33799440617715026,0.4178597088264803,1
-0.3005152965042174,-0.693398015160876,1
-0.5973419933038141,-0.35097387605035574,1
0.3049306908533776,-0.2556288435639093,1
0.4673962001201604,0.6661543623251877,1
1.5373014945598178,-0.9708101805899235,1
1.3873342586358417,-0.1253562123832702,1
0.9323065118452735,-1.0494369128169243,1
0.6841617085797749,-0.26993782295468205,1
1.370425236727286,-1.0457969841376589,1
0.9103859492750265,-1.3559317740884935,1
1.1880798031446531,-0.18688713926880343,1
0.9709772786938109,-0.2802931039763552,1
0.5606060941145049,-0.1621896612762344,1
0.9668123259480019,-0.7750342138835834,1
0.5306952386329012,0.16423866134617182,1
0.5688181557651611,-0.12023510322478564,1
0.5021263617381442,-0.8728253201377582,1
1.1188483523672745,0.6962319323900412,1
0.9165999391211249,-0.49106495788764215,1
1.1332098466396414,-0.9967951830420456,1
0.9013296659262651,-0.7895561847678833,1
0.14321480821053673,0.5464963610520063,1
0.6606204272183457,-0.906780068603086,1
0.6365036494049388,-1.0878941776676343,1
0.6730833660826098,-2.1817289451315176,1
0.940568080861367,-1.5153689833470652,1
-0.08596229466572695,0.2844144597449678,1
1.1069445963772337,-1.2984583331828035,1
1.3359782376909575,-0.2125111714227865,1
0.7587321813999548,-0.5755905663193696,1
0.36078858007548426,-0.7622777853784726,1
1.8426143616721442,-0.562899754117757,1
0.4795563192276295,-0.17627428562426903,1
0.9244071846138305,-1.122369295006062,1
0.6367918137843736,-1.201429371149467,1
1.6450497125521324,-0.1675888156892263,1
0.3490899074434261,-0.49137568782194774,1
1.4995314416818526,-0.3108301579192574,1
0.8217949970330037,-0.2994602901688555,1
0.33408596268357277,-0.173023866937503,1
0.2405119991148069,-0.26009220796352855,1
1.469673911513625,-0.5776127868760584,1
1.0846295078103037,-0.8888703879065166,1
0.9913703728418994,-1.1048087599276084,1
-0.34331594386585396,-0.4028829230155866,1
1.1010033104999415,-0.7005805597515217,1
0.4873273225756393,-0.5643306556638613,1
1.0256134324660542,0.42527885900266144,1
1.2328083899838198,-0.10083984182924073,1
0.4383526544944719,-0.8711127770349889,1
-0.3401252823243707,-0.594653763553729,1
0.9067707889340614,0.5744344540497782,1
-0.5446921820052626,-0.7094231458084529,1
0.15578782068170488,-0.5776855788881576,1
0.4703699359880446,0.9041319970384483,1
1.4300168911503668,-0.3738323986867484,1
0.8628656040426126,-1.9242598543804386,1
0.8195063020811001,-0.7542167231500448,1
1.1339208069536835,-0.9450182420377677,1
0.3029109419763806,0.20003469052386924,1
0.49852592778862825,-0.3591015826624588,1
1.0843462848301848,0.7044216256707605,1
0.8315352585070735,-0.31943688147061355,1
1.2415028615997588,0.2537849722025387,1
0.39173938019691773,-0.39663522254557537,1
1.4647460883721588,-1.3988708896618092,1
1.0909160049130886,-2.560681640487298,1
0.7852151561882501,-0.8173097294355839,1
1.0539068014984574,-0.33379206226125047,1
0.775364448792933,0.080672913330428,1
0.5370291110050983,-1.1445868585126384,1
0.0418001567591087,-0.4289051285532145,1
1.8118226963480064,-0.08240716190354114,1
0.8883525822795894,-1.750646830430158,1
1.3025810021642605,0.39282549752878665,1
0.5514568155663859,-1.1902571982396233,1
0.10483598789128429,-1.4670395116025525,1
0.9407176832603211,0.08233934513205036,1
0.9678544515023539,0.47352912272197706,1
0.7980141208213318,-0.7026166128110156,1
0.6525911638618666,-0.5546900150375933,1
1.824785476492773,-0.12245325845398587,1
1.177412638341545,0.46663123473188256,1
0.45629897681759124,0.9306825062124233,1
0.37369087830029535,-0.013101162025350029,1
1.4967265229108777,-0.36236347372552585,1
1.0780800238174575,-0.7299266193075087,1
0.5979403970631759,-0.35361270661550254,1
0.6768217277143687,-0.5466558550480394,1
0.9480446985546352,-0.08827446538078138,1
0.8899969500955253,-1.1829366233612644,1
0.7577918734761971,-0.9181917684143124,1
0.9493391659136307,-0.06433571436491203,1
1.037938989248486,-0.3898847588001942,1
1.0104326698806483,-0.884988493666001,1
1.5475887263399848,0.21790684017697495,1
0.4761784945257065,-0.579355333344442,1
1.0204375149848746,-0.22538411581490866,1
0.8196851697863264,-1.177321080732675,1
1.2895255823612037,-0.1886098018589519,1
0.6804439537630564,-0.7217441877210932,1
0.3542981575704148,-1.481933542874571,1
0.8503800114017613,0.46978379479558974,1
1.2574028856437676,-0.3495473604432254,1
1.2576529858011611,-0.4841664553050606,1
0.14143937283167796,-1.7164964949912254,1
1.3062975924629137,-1.1484830545922318,1
1.1788913648007329,-0.5499121431263292,1
1.0195568371300825,-0.528555447911461,1
1.5473316335697904,-0.3903322228728257,1
0.6858315419616915,0.05732940598857469,1
1.3372193425227148,-0.29448309962482105,1
0.5606135941965047,-1.7015065028992362,1
1.0108018792079045,-0.8169845949362127,1
0.631947596935025,-0.2159993717816331,1
1.0137443798082433,0.6795418249510313,1
0.7910380133684907,-1.1987314716059454,1
1.2228312982503564,0.4972573494773428,1
0.9069193019938641,-1.5796083777711445,1
0.35749636964282716,-0.2680600474489694,1
1.76340052908501,0.05019830320969203,1
1.263505020760111,-0.30423759597807315,1
-0.1491275084634906,-0.3586362248453441,1
0.6627727751951342,-1.6256111122587469,1
1.02702451611237,-0.2773750888927247,1
0.6977404455771945,-0.4528879052748429,1
1.2557513371408489,-1.5250485114146657,1
0.7588339146561001,-1.2505392574673544,1
1.074332233279969,-1.669201748973639,1
0.9993149742016005,-0.6839273885661616,1
0.5303520602196372,0.017974478012661287,1
1.369730976030625,0.11701020507531358,1
0.8092108142389723,0.7338979275372792,1
0.6796207683544377,0.029074270607000286,1
0.7285733170479246,-1.3273530102724755,1
0.9829458655189546,-0.7785778888485004,1
1.0317756415695818,0.34504920291180063,1
1.3107075807320172,0.167870288237995,1
1.6306793137849431,-0.8555336592657236,1
0.5773831244418562,0.20042827623467682,1
1.2005250542256445,-0.9282842797349374,1
0.43787112651518373,-0.4203479404043533,1
1.5311707349138026,-1.0691254524122624,1
0.49699000390300613,-0.8919374852318376,1
-0.07025593676793103,0.38323592354377467,1
1.195524975582858,-1.0253523378963874,1
0.9802455105198736,-0.13457558331810116,1
0.8206317866762693,-1.2841321977573006,1
1.4892411307114686,-0.5493652867538412,1
1.3122661865134422,-1.2621631340497481,1
-0.093429916031994,0.10834632485755732,1
0.08095815868771765,-0.3850909536468372,1
0.39305112695709954,-0.22581826102833044,1
0.21345112834528704,-0.1507717141357117,1
1.8779037038152984,-0.4937055963877801,1
1.4604242911806848,0.4458044337294078,1
0.6144606927925184,-0.04176138944778756,1
0.7152801154811333,-0.7424341627871127,1
1.136907030971309,-0.33301986990467414,1
1.0945787923409456,-0.7101068998904866,1
1.0424220034053502,0.11029137104576742,1
0.8831427596231912,-0.08942057029784714,1
-0.10287526892608498,-0.2328805493655077,1
-0.3126836673474267,-0.9028517707262291,1
0.9026451813957742,-0.7139918972354732,1
0.19071068049402545,-0.21893083916501493,1
1.2872466147855652,-0.780032107828246,1
1.1345451596855771,0.4856466197328469,1
0.5217926635697058,-0.9749070152098684,1
1.6329093527206002,0.43516545756245706,1
1.1186066728154482,-1.508908189177985,1
1.8874904659153415,-0.4476400755448136,1
1.137082551061689,-0.5230321623341205,1
0.6511586895676619,-1.3571002415438318,1
0.2771339422474943,-1.006901312323952,1
0.4388416452926708,-1.322518140691421,1
0.6832887405448524,0.022436382532612962,1
0.6736098930358844,-0.4791659934391527,1
1.6029345568132476,-2.0135126684107245,1
0.9232379416802207,0.03155984465079542,1
0.8709074851419389,-1.7547937417136357,1
0.4512170728528733,-0.4249273615128296,1
0.5704955814382943,-0.22756978722849905,1
0.6162625447914752,-1.1713631097865178,1
0.44404629684145375,-1.262271588396404,1
0.7416063909298622,-0.067176312361768,1
0.6451508396500817,-0.27383062323544716,1
0.5644611709793237,-0.47100751597452845,1
0.8426005459518074,-1.5428438174843588,1
1.2609966626304003,0.2952848905125926,1
0.4331845123232411,-0.9160693661062088,1
0.5986482592298619,-1.3848472723658791,1
0.30283577303889786,-0.8274725707198143,1
0.06042994738223216,-1.06072246106159,1
1.203178534668241,-0.6729618616224977,1
0.5051870255704995,-0.6441856118072645,1
1.5441688845742567,-0.05948956736038863,1
0.013493812758240784,-0.2958253171551455,1
0.9487728594883057,-1.45347864921549,1
1.2804194636879132,-0.5604431374001201,1
0.29199238939780686,-0.5675229297465366,1
0.22361456645898728,-0.15985788283085048,1
0.5548723286078372,-0.9769617322354154,1
0.4169436826137792,-0.41904419922371455,1
0.9163279370571671,-1.0740358159743515,1
-0.21938367769820144,-0.9550851672591091,1
0.6006699600059668,-0.4207344858004928,1
0.6485688988692877,-0.3799557785498914,1
1.232807167382712,-0.9345158523342235,1
0.6079054355518618,-0.8092204425861695,1
0.5265298698959995,-0.30996517889936126,1
0.9414912736495437,0.43002145151819354,1
1.0287374187422107,-0.5965029043640577,1
0.16640482731725095,0.16024596495353147,1
0.6355000621907374,-0.48741487365314673,1
1.9637130038838413,-0.7247157242123169,1
1.0769496535434793,-0.6666471719954759,1
1.268837009826956,-0.1075240470961344,1
1.2933012130273849,-1.1959265936471328,1
1.0361292365234975,-0.34067095310098267,1
1.026707346643393,-1.4842533640167652,1
0.8922600687811084,-0.31830805258561806,1
1.176239655255947,0.12679438018797007,1
0.32749939236669195,-1.449639889746706,1
1.6489690699817792,-0.9162848572668159,1
1.4189855594140062,0.42015558771410166,1
1.2126412409555831,0.25375630184157744,1
0.6919761254673031,-0.4199385603963678,1
1.181565529053716,-0.8270974226114725,1
0.47822658491858944,-0.7375290945127378,1
-0.033296221573638075,-0.10512063189354773,1
0.7791842636179717,0.4400230145475011,1
1.0113986234630707,0.5598412662358888,1
1.2697910691547651,-0.16949905110045702,1
1.3904174845163475,-1.3095247796927805,1
1.2961480210688698,-0.5239057294391907,1
0.2893742957786375,-1.2149217520158457,1
1.1920170640547343,-0.33967406762924673,1
0.6025150678428722,-1.830203241674272,1
0.7768926050288841,-0.16554440436148446,1
0.31300961393762083,-0.8550727764375322,1
0.3626574248843625,0.1666107677072905,1
0.819399588647585,-0.7490578460395917,1
0.2819546110855068,0.6408558832436299,1
0.50644029844646,0.0338482623643218,1
1.258220000206895,-0.6889942191138241,1
1.087886675972208,-0.5167409568083041,1
0.38723813625978526,-0.9832850333766407,1
0.7565073256489581,0.25100449254599677,1
0.6563146284569352,-0.41933812234663953,1
1.2398533361727946,0.16902052160230696,1
0.2557915831847394,1.1603065933219594,1
1.2670160603627618,-0.6816322336288296,1
1.004142263253993,0.34674152173857103,1
0.4743547218172104,-0.6425824716776984,1
0.5609563353420735,-1.3449953196300586,1
0.6420425063919146,-0.6218241871838142,1
0.26716515535791774,-0.5415020779434698,1
0.8493869543292836,-0.6993943390697905,1
1.1063026205423072,-1.1956518387177404,1
1.056549052839692,-2.586706298536061,1
1.8296517260718326,-0.4946919584756356,1
0.5731199876610813,-0.11448093651506197,1
0.7343293162703962,-0.6357549684991515,1
0.7993628770032212,-0.1255079614167084,1
0.2826254473119414,-0.04759704191678054,1
0.6024458243267495,-0.13530464887734034,1
0.416207372575504,-1.1914581489472504,1
0.7545249789877477,-1.1575339219097862,1
0.5269199983384194,-0.015608118773414056,1
1.137309022671532,-0.851160983989084,1
0.6935507088581728,-0.24850045550467856,1
0.4435865826521619,-1.5476528345417717,1
0.3419673431093856,0.15643962789036125,1
1.5869922949149977,-0.2586749025136314,1
0.21644319672545456,-0.2799146992354389,1
0.9954268760867596,-0.22061438203479047,1
1.612531848086293,0.16497805129913803,1
1.3996750575556927,-0.9089266652031192,1
0.6805073908796188,-0.46315955056079255,1
1.1980593056646303,-0.49415566282243645,1
1.1605473630729708,0.1593215026408422,1
1.0062177987743155,0.6687912540622265,1
0.7253319449468412,-0.04835236338244786,1
0.4505589677480086,-0.4612077295714089,1
1.2185560006877822,0.524887409416994,1
0.9457457880607408,0.34072623414151865,1
1.6507275769733727,-0.4733601082190594,1
1.4156181353663766,0.4487398565681026,1
0.7371133666524537,-0.003445637675806083,1
-0.015161324721926807,-1.6751458255514688,1
0.26728371773654047,-0.29106651867016897,1
1.137669027792795,-1.5868536252224827,1
0.7104231179103234,-0.5829114266778105,1
0.23655039960647214,-0.6906233101857296,1
1.2812111491238392,-0.4863559687558563,1
1.2705142441378963,0.01893728073031299,1
1.0813905660222203,-0.5577421426158448,1
0.9648614523529725,-1.122247702154991,1
1.3924739920480123,0.6310264546576823,1
0.2485355203165812,-1.1854432238286956,1
0.801085407701968,-1.2863625153049323,1
1.0739887378903148,-1.2585995290590697,1
1.886014136288236,0.7102982577993474,1
1.1403487040828744,-0.7903082843417718,1
1.3711214774476075,-0.7398774279662543,1
0.38321008424722164,-1.703906980295847,1
0.40973474919766706,0.45991381494074346,1
1.489932785629813,-0.11806961645933316,1
0.802253227688884,-1.400353424721906,1
0.5336834552606569,-0.8026797138855054,1
0.7285606825475861,-1.0651147062503201,1
1.139868369262821,-0.9259814860290704,1
0.5395514932040688,-0.12423017635466375,1
1.0197122666075318,0.1872510230562876,1
0.4526281207147145,0.03982247474787637,1
0.029194583599390242,-0.6570647343366016,1
0.31728444888194696,-0.5991272632717014,1
1.4191808902544638,-1.8988572599491265,1
1.4164324033519018,0.2640751285017025,1
0.6007334854250393,-1.0197448155158397,1
0.9418457876217182,-1.6657478434466897,1
1.4277183411109797,0.6420098372469527,1
0.4438067364061457,-0.8530418698709409,1
1.089007352986323,-0.998307412048939,1
0.4909815008229224,-0.03568248914055836,1
0.793069094312053,-0.07891415713048526,1
1.490222084431547,-1.0387525682449512,1
0.9075867312944677,-1.2204170619834906,1
1.271768055517318,-0.5749340585616315,1
0.8966769330333021,0.374806803670489,1
0.1216260177280705,-0.27613565264289164,1
0.29510432464676156,-0.1888882964297354,1
-0.05640601021660593,-0.7862071981201165,1
0.6023815870252421,0.24819032428145937,1
0.9939038464681046,-1.2402189915062598,1
0.48623562647222757,0.1666796726354532,1
0.654167361988921,-0.37786727796021063,1
0.579115562933789,0.04170673542480384,1
1.3018531408811458,0.8719055458053332,1
0.5028893019451508,-0.90165585747607,1
0.8786518162101736,-0.7377573460430961,1
0.07886333749831125,0.06445283972665017,1
1.3161046689141547,-1.394100653203492,1
0.5867823486029909,0.21539003457364925,1
-0.1956880248999887,-0.41105725211833966,1
0.8950566338579068,-0.8732868178087703,1
0.9614281079518294,-0.21735921594026944,1
0.14309736615815472,0.14021168899076997,1
0.7096038307919155,0.4298783011891654,1
0.16124538139771655,-0.7972124952669296,1
0.448133552452313,-0.8643705069455697,1
1.8174531239392246,-0.7644228503876515,1
0.8015355406225643,-0.5833678615034907,1
0.5703030778380183,-0.8967807196486086,1
1.119167970158134,-0.9643095926019838,1
0.9817628895638184,-0.10339840837209448,1
0.6981204755334559,-0.3162780949353299,1
0.4436116907441426,-0.5912228718056394,1
0.04371088076803982,-1.0405552807599536,1
0.9225109574399745,0.36281471778831575,1
1.0465312691503204,-0.22200197658345266,1
1.1564670565977617,-0.998074395046537,1
0.6766046569570173,-0.755981595613573,1
0.0031388596570124452,-1.3456443303296186,1
0.9799856602206839,0.22407805538673883,1
0.9659619269895483,-1.1836905029126248,1
1.2604410301347901,-0.8133801503827516,1
0.1881720320280555,-0.10669439202020936,1
1.1295972330568482,0.6219990990653013,1
0.6264448977506976,0.30652663169881467,1
0.7295392526456669,-0.15321654961931244,1
1.566667359897238,-0.23175622296512052,1
1.223362552307548,0.29811501579740396,1
1.3749847103535453,-0.8403776823214679,1
1.5508949569269188,-0.5687259475164677,1
0.5182985332104458,-0.45473812850293527,1
1.6746258421911129,-0.8622048188298203,1
1.2175528661191208,-0.6588305033574646,1
1.8656488142701428,-1.3579919459951466,1
0.19416362431892686,-1.3984262507732454,1
0.715296574868474,-0.2577706321318987,1
0.1810822703532324,-1.7640246372256991,1
0.5706570343731849,0.22202789858784452,1
-0.08044156773929502,-1.0587698784726403,1
1.2619033525688148,-0.6321913141083462,1
0.8417495976363916,-1.3484001195068767,1
0.9455304350594023,-0.30325329948654023,1
1.2048093701005484,0.023919072671327295,1
0.7624366851663481,-0.09370971958011261,1
0.2286504038567178,-0.7769396593882314,1
1.1375092648749952,-1.6299672060537378,1
0.23163090995361038,-0.9140223281768827,1
1.0598965112676733,-0.23780595553010866,1
0.3096091122419932,-0.40686092396277496,1
1.383438714804056,0.2871749446836155,1
-0.017138527123167567,-0.7717016683555298,1
1.2536669192378462,0.21774552738619643,1
0.6341368112157838,-0.6920248820666727,1
1.184540586544868,0.4972838949076581,1
0.5935858492889264,-1.4101991193006778,1
0.6368484816638305,-0.022006491811807735,1
-0.2908430989396033,-1.1058519634651627,1
0.9904910000224623,-1.0010825020105851,1
0.6785891785455075,-0.3539767843419301,1
0.7998795657413734,-0.6797076077154416,1
-0.1861541612686902,2.1467593256419937,2
0.2470629917486505,2.253761676955705,2
0.2185924957230025,2.167644929644854,2
-0.20706031859108476,1.373846833083236,2
0.41301876833278484,0.4515670185586926,2
-0.24467795751236557,1.2981181965023916,2
-0.16577708714643788,2.256440772913644,2
-0.13101974555969192,0.9525856443742602,2
-0.2548634363143628,1.2285438127833055,2
-0.13170266188504196,1.227033158923532,2
-0.07114868404113044,1.3395871317894679,2
0.06616853404468549,1.1024572002760709,2
0.2952583692639948,0.8399272541993393,2
0.18793726081230672,1.735187546542834,2
-0.029428989961345835,1.096665062730747,2
-0.10854839724208033,1.465724384292816,2
0.3576574646364515,2.3111386982957574,2
-0.2831711751878162,1.9977456594091394,2
-0.1330115519347555,1.421840228145166,2
0.22966006581444978,1.173875245533058,2
0.06482441467741912,1.966088413773532,2
-0.11846396896499008,0.6933557300231777,2
0.020325675208817888,1.3247422976159315,2
-0.2688310519173555,2.470264714388772,2
0.42700589783958043,2.060349706976115,2
-0.31108107398263857,2.3539574855402345,2
-0.06077375760610696,0.9080302985293501,2
-0.267393663693791,1.792814671749525,2
0.22754969989745946,1.2385949519956925,2
0.3529915889308523,0.3816582877140582,2
-0.34138082631000616,1.3591974595395822,2
0.27660475562036607,1.2787258982095515,2
-0.1456459403180698,1.7096703798177701,2
0.09364395529503225,0.803625773413018,2
-0.24452095811160465,1.1624996306932722,2
0.13882386351441864,0.8247822962376128,2
0.10931492775312411,1.7159063013554379,2
0.2274564653408547,1.2665661978623137,2
0.10906493120200586,1.1313386874103397,2
-0.2372126489618565,1.2834489458797547,2
0.4200752712731129,0.4235554878131483,2
-0.0802437882460793,1.440448489288766,2
0.026153981901817044,2.264538409996731,2
0.009884810239518902,1.4582380315579437,2
0.0717554130030142,1.4933703315317846,2
0.15339225293613679,1.8218742729675788,2
-0.03545160060719596,2.2145937344604665,2
0.4508738406111188,1.110324654486412,2
-0.0985196386579256,1.142698494481263,2
-0.38440912016044404,1.7694812025797928,2
-0.21458440963494801,1.162562963020045,2
-0.37427966222463116,0.24140419457270015,2
-0.4061629597805049,1.3541328703047855,2
0.48175710859996124,1.578165910227111,2
-0.06707976701848958,1.0438019431653227,2
-0.043779072970622265,1.1513510563686826,2
0.22563156959939373,1.9251939867838341,2
0.12985583080823393,2.0471486959550456,2
-0.4276763540614313,1.0835726123147065,2
0.18885001133036158,1.1463800947985492,2
-0.27391308863986025,1.1962862285019478,2
-0.13391851617387657,2.0357351186771613,2
0.08170270301323378,1.4498952599838175,2
-0.13364665461095146,2.0627770802913883,2
-0.038688770145292595,1.258039917675809,2
-0.03345858098581107,0.9326895723470243,2
0.1476836743100467,2.003896076349544,2
-0.2634253046587655,2.1079274157216736,2
0.07407062481678867,1.5690992391293,2
0.019355909821600497,1.040347285729355,2
-0.02104483333780055,0.5348019575787606,2
0.003294156125354019,1.465962525825389,2
-0.2244386667436671,1.3544210171376811,2
-0.2804044759641918,1.5433904184375926,2
0.018321268989734865,2.3776442994625824,2
0.16003650020861537,1.3801117566226992,2
-0.3585499170460461,2.8002192694392027,2
0.23974405401986132,1.2134108959767387,2
-0.08260776982493584,0.6602141242056874,2
-0.2166291580957938,0.6261919945998714,2
-0.2587248332112146,0.04867557447093098,2
0.132459435529296,1.9810641977464034,2
0.3019976231037779,1.3254996371678078,2
-0.30942929604264335,2.1136011091113143,2
0.2654881677888107,0.4278157743180831,2
-0.4052080133450428,0.37254577905536246,2
-0.10406204891522353,0.44440348724049966,2
0.2630216339523338,0.9852342953050263,2
-0.19715063630291305,2.3309506441921966,2
-0.23640328753944545,1.888204996580199,2
-0.1652085187469269,1.1807155093364945,2
-0.5000079243877921,0.9201357162360126,2
0.12431670540104958,1.8175314677265464,2
-0.027971294314929483,1.9033849143089194,2
0.2517526323533963,1.0129968724243354,2
0.3350160111957074,0.8948476822977781,2
-0.44201390894667203,1.040921300594005,2
-0.1220015598522216,1.334819415625804,2
0.05434683869533174,1.568521830790783,2
-0.44780539756325194,1.3639059575505965,2
-0.3519408146366984,1.6877844098890458,2
0.031686241188665656,2.320649832968615,2
-0.3396774825978177,2.7487970676582942,2
0.0986902077633139,0.4661248194269639,2
-0.030600615384785076,1.8751792107284937,2
0.2431096364055052,1.888350010110324,2
-0.06029110470526716,2.832960910501693,2
-0.048751682694784325,0.1875482802998604,2
-0.1647195042743743,2.1452086116315043,2
0.01682487426984615,1.289889157577066,2
-0.18815191879542745,1.5564479333184191,2
-0.0881947366153352,0.5475998458933069,2
-0.18924083557834287,1.4111274084419565,2
0.21352186009350094,2.0524030533070965,2
0.1390508381700778,1.7028778538297908,2
-0.08401835519325072,2.055355022392019,2
-0.18832596366531199,0.6450201933841337,2
-0.10390205759274385,2.199950514438013,2
-0.24128378685446644,0.9652097996761042,2
0.2649939374382678,1.6750772465402455,2
0.12051268230897981,1.2347373673011048,2
0.3873106301623685,1.6836376093102272,2
0.20836420916710874,1.3357350196277171,2
-0.21023465393885227,1.2034880764570066,2
-0.07137526373830061,1.6378683148774402,2
-0.3702763576040153,0.5169251400638113,2
0.26616359011876434,1.1124206135306813,2
-0.186793466076927,0.22864456829926666,2
0.2796695455051562,1.745124628109844,2
-0.06736376624027529,1.509771552372827,2
0.49807038727982256,1.5828701831206535,2
-0.3544519539661407,1.1594556279644177,2
0.11586843180491481,1.7087725357513657,2
-0.5008621387608763,1.6539564433249072,2
-0.08894188742966053,0.9964102301328261,2
-0.08386720316257247,1.3267131990433183,2
-0.21498843161919692,0.8690274249224673,2
0.14169330198535254,1.3151105195865507,2
0.0624142716934639,1.283729358966166,2
-0.5890067275190966,2.0911551335480194,2
-0.09539675302789477,1.1596439301217092,2
0.07044130717046981,0.8190350037232209,2
-0.05543379898145499,1.2234179350253442,2
0.071141605101416,0.3932030337630676,2
-0.20241954388210184,2.1673882329426557,2
0.7168684618087496,0.2682632961200964,2
-0.5905965454614557,2.8117582996905033,2
-0.12455926026505222,1.1584363591613118,2
0.059185845442628136,2.050647598454557,2
-0.24725393459621925,0.32698643843396064,2
-0.3701080473688835,0.8245995431881823,2
-0.2519511197921019,1.0672872618817175,2
-0.09504483788784732,1.682906067107463,2
-0.007878812927970547,0.5598436948208789,2
0.053498320179577036,0.5154885832088596,2
0.15090304896654277,2.35527322125449,2
0.5188960963304138,2.089560058928123,2
0.3001930576543339,2.019442765874192,2
0.17058244450352023,1.95717664263954,2
-0.19290453686603737,0.9309573657750594,2
-0.3708978084269708,0.9511966899774092,2
0.11023399830362694,3.1561008209845776,2
0.13792059343409982,1.7732888237222255,2
0.008315438292705517,2.31937946388682,2
-0.03467891691340681,1.1337876517351526,2
-0.08865928860602017,0.7173671241832159,2
-0.0599967460307777,1.7483915842574982,2
0.052872765843139824,1.499442189997536,2
-0.1358297046717438,1.36711211699453,2
0.06301697979035238,1.0864235224077516,2
-0.24040707630153088,1.5900269908611044,2
0.20683558042281572,1.564303984877022,2
0.26699687064402067,1.34529196046351,2
0.21941376119695055,2.6273883022288165,2
-0.11263561876285888,1.1167702168839968,2
0.002918766563711773,0.35746397131691315,2
-0.3919699898486458,2.2065989457002275,2
-0.04174688802367223,2.296647352868658,2
-0.2551113669735036,0.35865963258433375,2
0.17516350810192696,2.003796200412274,2
-0.2547237904400197,1.7347944989999398,2
0.16049963174416151,1.9413258148111658,2
-0.05388251147729101,1.2358482746194228,2
-0.2986096893785078,1.7360622218362762,2
0.07412894509664796,0.8501414341926412,2
0.03563246633992227,0.8023673039682899,2
-0.11864705453643012,2.6353233185981857,2
-0.2007173387170559,1.2561724236282052,2
0.07299896838539878,0.8388681705755379,2
0.15115052838758422,0.34824215997991437,2
-0.11706877975045016,1.8666865580960552,2
0.23330026345066618,2.4688075975851764,2
0.06384551408823537,1.6739896049663814,2
0.24059160908796137,1.7024336553639121,2
0.3052139053018189,1.0103480886179756,2
-0.28102073284211765,1.0152693549841636,2
0.13658380323265326,0.744790109163435,2
-0.09232724479679727,1.5000461756503984,2
-0.2138181406157573,0.48637888576075256,2
-0.33440642261378906,1.5105988714107428,2
-0.16987667961776293,1.485324102255431,2
-0.1697888497054627,1.5601206023111447,2
-0.054228640750645575,1.853242337179953,2
0.31870858641834326,0.7496680424299836,2
-0.30664968584122415,1.966788268222754,2
0.04367080147806199,2.855678337115519,2
-0.343035257269951,0.43638832197641614,2
0.21427889908827857,1.3847002195150113,2
0.01329949624568307,0.900139397200136,2
-0.1555846155530447,1.6587114498996771,2
0.05065409918076787,1.4895597271376109,2
0.2193421707349741,1.0209426801622234,2
0.013829005001330549,1.7612962584216134,2
-0.12832993302413692,0.3224222857407566,2
0.20435592507900302,2.874491556256693,2
0.5768119262174091,1.6799567549191614,2
-0.16560155448192782,1.9418605260398876,2
0.31264363868028605,1.350610999732165,2
0.048694196079594264,0.8731804802594482,2
0.2117709595055184,1.3847562146391457,2
-0.2745985108311982,1.9531515436957174,2
0.020944712082873768,2.1607794461031857,2
-0.08670473853775686,1.7350908166251984,2
-0.024401283288402794,0.9504480882483824,2
-0.24373464303994755,1.4874617532890149,2
-0.14196706006103418,1.011964800817824,2
0.08701437707150671,0.3706081482187617,2
0.09542183028317493,1.0359393433986428,2
0.5283808708206817,2.182484480673405,2
0.16069192437884397,1.4453403704351526,2
-0.2218895785792329,1.3178129554149869,2
0.040363373532248684,2.0903650285159845,2
0.010331165636025798,1.1720845798545763,2
-0.1285446138235201,1.434354777644979,2
-0.2540211729591622,1.2156650071381458,2
0.2476079651945255,1.1414400121334076,2
0.10132658386046547,0.9277146824644533,2
0.3989689213656522,1.1319039875317602,2
-0.08022403527976037,1.0035629470933545,2
-0.29713234773103264,2.698945416684979,2
-0.3395123743804624,2.550711570029628,2
-0.11935961147938388,1.3963189681095756,2
0.2920011446422542,1.559374502254676,2
-0.3903773666907194,1.4999771929418042,2
0.1047943149363339,0.7927752390936951,2
-0.20841954646151625,0.9071041637039383,2
-0.28609559463053774,0.7311229862982487,2
0.20057173650897542,0.949024506548276,2
0.36829854250945615,1.4802600609848895,2
0.09678600583411448,0.8129105201078485,2
-0.2586284349222614,0.6236370040806165,2
-0.1423357294450908,2.2485950606920366,2
0.07858269323307654,2.3110932533185506,2
-0.0059415055687930055,0.8521870717127676,2
0.07621777000554503,1.7104448248552362,2
-0.06969400209934863,1.4275221968389116,2
0.17131996550005785,3.0340154680654816,2
-0.34903152930873316,1.5547377895452157,2
-0.44528890291096096,1.9012729840812486,2
0.38198035766396937,1.0681241430412154,2
0.04900702474450812,1.5551248947951382,2
-0.2543324351557563,1.0787915913873212,2
-0.1733024498987079,1.106678619133276,2
-0.3580710957878928,1.748745783520589,2
-0.0245993342593586,1.9688555797520972,2
0.2663656697368464,1.8697738755439421,2
-0.34797028071453573,1.7587837099511454,2
0.2540235576162351,2.6669907875389676,2
0.1207313261157915,1.437093570090351,2
-0.4335255995661566,2.1819769555888615,2
0.03726885463569874,0.21305584916207992,2
-0.3055349418193629,0.6815711600523897,2
0.07717933551790317,0.6497007205008862,2
-0.008864185962193438,1.6031526484506757,2
0.04401209866664751,1.4803431525183737,2
-0.15512930535633954,1.9652390383850733,2
-0.23798505606017556,1.180180595190328,2
-0.2826449388915484,2.242378207654545,2
-0.3099134910047537,2.2284756183358443,2
0.19336049804495395,1.9149699387389298,2
-0.011902282282707937,1.5376608616290919,2
-0.17676577370361385,-0.10551612253455445,2
0.13009717948393748,2.060583388251544,2
0.004934568782489513,1.2090120507877766,2
-0.4821422516117398,2.1148876644483674,2
-0.2475297036481127,1.4800497899538687,2
-0.1826838574679293,0.8533881315954231,2
0.24477352190110102,1.104475235394825,2
0.025495789454875618,1.792706662829548,2
-0.34550309169820803,1.019540807397061,2
-0.015466089177509957,1.1189658394724478,2
-0.16718001075753153,0.6096262478538038,2
-0.12406893408068823,1.1013391594803525,2
0.04562730439950628,2.2653856559155496,2
0.2967474928496952,3.700958907374749,2
0.30960707928542736,1.3732095838042777,2
0.2779665117796219,2.563144994988484,2
0.1272891787429523,0.8343242666336992,2
0.1726544357991011,1.469056629249312,2
-0.6277699576383476,1.7024569596925583,2
0.08516696404257539,1.5263024822733218,2
0.011803891782517558,1.4633510040048185,2
-0.03448540186017196,2.8236798580948475,2
-0.40074012473855947,1.5865365220551846,2
0.03328618676733003,1.5010548067424423,2
0.12486382964611778,1.8447964197268956,2
-0.2070113616554491,0.8164034809975598,2
-0.05973799902441288,1.0838858767313722,2
0.15030306355641468,0.9004790319588445,2
-0.11447139750202283,1.3584718038663763,2
-0.034331775093205195,1.8784764645124776,2
-0.35957993351595785,1.2063408796141308,2
-0.3019483341714629,2.0641941118981237,2
-0.2209549810310474,1.9652255852745701,2
-0.046906658947144346,2.022891353854341,2
-0.04172761309770438,1.97860605118762,2
0.11956634870230308,1.1480710579750877,2
-0.050111386284276,1.341068013782645,2
0.273375487455424,2.6522541909222754,2
0.10258787484700269,1.5619826505044152,2
-0.19475528056187977,0.781802498880216,2
-0.02084002131568023,2.3008804806671987,2
-0.4384897843607442,2.078168781307135,2
0.14886647925079577,1.7457274715974092,2
-0.11661711985457927,1.1092968387272515,2
-0.17205813208004786,-0.6485187579512647,2
0.01961500247917859,2.5600502083109378,2
0.03863216476432259,0.7774620588403963,2
-0.033166499148219473,2.48120910675292,2
-0.28333820152763073,0.8269006273784025,2
0.052927770224135896,1.9058013607297968,2
0.0022052833993496447,0.4222799480137974,2
-0.16093722162377286,0.8831247342849591,2
-0.32052987510306225,0.22228506589529873,2
-0.1447164215892531,0.7941312392654897,2
-0.169090946726561,0.345955539430548,2
-0.01205903932121865,1.4158166632612015,2
-0.2804291895259593,1.060816370021131,2
-0.1673475603817354,2.3527553730602695,2
0.03807730849085741,1.9586895605642625,2
0.17831073794013186,2.090118793795237,2
0.060843546133843296,-0.4095984994096714,2
-0.03190986163915266,1.6064301732872563,2
-0.23681348883185263,2.064473498733596,2
-0.08458012287508936,1.1430310000868589,2
0.4558211178105479,1.1856345288048213,2
0.10756875479554884,2.9979932150440507,2
0.1806635806777297,0.8017428439565641,2
-0.40303102415186604,0.17003409978239814,2
0.06680638873381951,1.7226284159686873,2
-0.12340797229953364,1.5529333526745603,2
-0.06872048437750687,1.3354454696221627,2
0.28698132562238027,0.9671907571647389,2
-0.2733129285090275,1.6123677858054686,2
0.4272366632382623,0.8131502921125282,2
-0.07367554499024204,1.087817585137658,2
0.06502351948052572,1.3095532525372036,2
0.044247938137125506,0.8048967014923675,2
-0.06807665527955045,0.21334849355752042,2
-0.5060893942624538,1.128892828960744,2
0.01781206678409163,0.8651355436786449,2
0.24983818306853461,1.232871266470932,2
-0.150192016240309,1.7890444913379793,2
0.01355643649044862,0.6790309211143278,2
-0.29852181365018043,3.6235381679831264,2
0.21538109839949246,1.1744027221789661,2
0.12886510105822105,1.583174732287019,2
0.3800425180219337,1.5564127448063239,2
0.047591308053481426,2.76272787776044,2
-0.3427073874708399,2.3061852886690306,2
-0.38746734088257134,2.1770814727956505,2
-0.4482570156718253,1.152582844433048,2
-0.06265967214425473,1.631061636588869,2
-0.009527302720876221,1.155323167092427,2
-0.5028490138991487,2.4704258393321497,2
-0.10140809094040701,1.4791636092970168,2
-0.26969776020284386,2.0097529794692623,2
-0.326527831059693,1.2418995022944286,2
-0.2578455729431625,1.7011359478050594,2
-0.07296415439076319,1.7806263854918614,2
-0.07461049677126091,0.5952356245847263,2
0.32900561531285333,1.3032457871897467,2
0.04417603178072344,1.3582234560653874,2
-0.27008805539775177,2.0425493553596863,2
-0.1830366943931059,1.8703484396348962,2
-0.0020280145650447795,1.6325359646156976,2
-0.2000100320382403,-0.15432793897676741,2
0.025251476019461143,1.218242106696529,2
-0.2736296190611114,1.1425967015693002,2
0.3772810310793453,1.8331590169135352,2
0.0732964768818026,1.589271392890064,2
-0.0804776338515892,1.1563636272559115,2
-0.03256887292180952,0.4538344825463241,2
0.04206095841978889,1.3967100779944328,2
-0.05366967707316229,0.852202306112942,2
0.2275624396615724,2.1287841915259293,2
0.17796201587788998,1.5953722231721064,2
-0.12223450679392263,1.0163440411319562,2
0.11552754022921757,2.2665637884322543,2
-0.08221194030021893,0.4830554997511154,2
0.06797470299699795,1.612946776886504,2
-0.011120530435647912,0.3591978434701847,2
-0.05598317618699032,2.195647035703146,2
-0.1318001844029551,1.172458127351761,2
-0.09541775083695958,1.449487348412515,2
-0.25557783656867444,0.8735259528802853,2
-0.05753534050132461,2.184794017735391,2
0.24383968405540352,1.2217734342905515,2
-0.34103090104932665,0.45120383765403954,2
-0.10702439928255789,0.17689386467846463,2
0.0687735896625221,1.9224560778749116,2
0.07559919619023911,1.1287957846360308,2
-0.11058054136471446,2.3573608953670604,2
0.19384563779747657,1.4813721868995025,2
0.011970800583094443,1.2063642563121912,2
-0.10546952284620748,0.16999604284078212,2
-0.29282105529362257,1.7865022850262502,2
-0.4197101985043765,2.1489513277971417,2
0.54340480452557,1.8182354196078165,2
0.01750124403755069,2.07859699993973,2
-0.3208507141558036,2.370246295250526,2
-0.16998956679065091,1.4283598303712683,2
-0.1439983368333532,0.8854814066280975,2
-0.40017971819930664,1.0827128342655454,2
-0.013609246613087737,0.8478379234921152,2
-0.18226001030157338,1.6009351572554649,2
-0.3484183592808247,1.1749050012506157,2
0.2609368204532901,0.8192343455986313,2
0.3706738263806192,0.397795850779349,2
-0.5023419394443108,1.7316965470073045,2
0.028509357636967738,2.6911816105333286,2
-0.44875983572346806,1.215894275860218,2
-0.08659276088981736,2.5647670565866,2
0.18683421942855674,0.9970094089415527,2
0.3557392949544555,0.9094076870351452,2
0.07575694794941583,1.348382885862877,2
-0.15481214776060867,1.198335688931454,2
-0.07952628578288229,0.7332776334463249,2
-0.14012918144116038,2.4127622120892194,2
-0.18516711846559952,1.4986762192351677,2
0.18939149148616163,1.16036033897678,2
0.15514283438926318,2.0426594111396015,2
-0.0895063199090483,2.1682479865059516,2
0.1971260898313449,1.8389491324736809,2
0.18261050917820768,1.2623472190421496,2
0.20251664668018068,2.7748180020035567,2
-0.10693311355271622,1.889895829874812,2
0.021701519710709678,0.3568242648440085,2
0.3091724464843283,0.753171099922161,2
0.4710652701842271,0.13926781889146822,2
-0.005475713085789206,2.368183589160867,2
0.08193662727982629,1.4314948489201125,2
0.15111505387212043,1.876956080567547,2
-0.3310733114489932,-0.6183771954840873,2
0.05867450720395364,1.2824288527919603,2
-0.06578253078863182,1.875446947722527,2
0.320130307319773,1.9839197762626086,2
-0.30265512799177247,1.5184868309079753,2
0.058412486703591136,1.3801987046270252,2
-0.28257062117263676,2.0155935624256616,2
-0.16647141562141746,1.0963715499942883,2
0.056976977656485434,2.007901359062278,2
-0.1355202594779896,1.649714817381457,2
-0.004075278935258381,1.9921633511883063,2
-0.2666552724166684,0.4702448126038171,2
-0.20962628826538457,1.3365494488930207,2
-0.07178403562706191,0.5175470962086384,2
0.19325729572638342,0.23668125366341225,2
-0.35573239106622384,0.6319259593037663,2
0.13827760115908802,0.6456812109334246,2
-0.07580548503260823,0.2157712046439588,2
-0.02376239169401662,0.5236140386133795,2
0.22112850961698424,2.11866644679164,2
0.36887895074054783,1.2403248821054744,2
-0.2565586711499613,0.4435587882079878,2
0.3905415476111538,1.8575870672630983,2
-0.2625164588729898,1.121765086664334,2
0.043730364801526325,1.095425078039891,2
0.2798374675565475,2.375326491118822,2
-0.41124399204176526,2.463544681989739,2
0.1358474817516343,0.7536369034917197,2
-0.10284892297730512,0.3588437781446808,2
-0.04967165140716602,0.7624435832908462,2
-0.168515331402263,1.0801601884649032,2
-0.2017727239832873,1.8480474059775551,2
-0.4411802427201613,1.922192346490561,2
-0.010037508791303485,1.004641429203341,2
-0.33538309071485384,-0.5453926899252262,2
0.26138345056625945,0.2852740587135236,2
0.08638255535400315,0.6685872990925151,2
0.019591383273299717,0.32452651048094194,2
0.06197137755192662,0.4884583467527825,2
0.12805398286726835,1.6434544345246604,2
-0.7310086576860965,0.6037012605428923,2
0.5613466321063878,1.9358018853223995,2
0.29381090871536203,1.0004716519669514,2
-0.3361195594897353,0.42184557800447386,2
-0.12911987769049318,0.8640882712625387,2
-0.006415778939531473,0.5005105751946615,2
0.060380292304221796,0.2774357880591994,2
