0.16103841019445805,0.015743368046091676,0
0.068028280609638,0.10726631340473006,0
0.11466665382720763,0.06062680100885294,0
0.01426853195633143,-0.07626412467721048,0
0.08306664781530901,-0.030094653607677636,0
0.1255041135253498,0.035023359167015655,0
-0.006993346885978827,0.04234954137379126,0
0.12200064219312216,0.03707681945485343,0
-0.0036755454030853165,0.04715856733151025,0
0.09793885734149395,0.09884869853317735,0
0.13253323465645903,-0.048718096004956496,0
0.030083705572995965,0.0859825670727863,0
-0.07074597134641958,0.10415614054084996,0
0.006167554495490708,0.0033608647208571824,0
0.206071778213765,0.037940784794807794,0
0.05779654792176494,0.07165670526578169,0
0.0781804130553872,-0.0034116225010181484,0
0.11018465416007447,0.24057650644339804,0
0.17023248593646156,0.0969526178360569,0
0.11504165121973538,0.13235670450793335,0
0.1486499047455834,-0.00718642611397143,0
0.14031403133183348,0.0761498171271804,0
0.24640664154603534,0.05771343983449305,0
0.20779952978694297,-0.019831132207270303,0
0.12802269649101208,0.02341255341363818,0
0.026369716094130025,0.15821223780324448,0
0.01828097448601755,0.0827769499502042,0
0.04347226848307075,0.13407962377273572,0
0.1288598096675384,-0.08348012302856718,0
0.1660479178378267,0.05673030811257165,0
0.27936154638164723,0.19164118211544168,0
0.18877950080922154,-0.08446948472544437,0
0.2577370671782691,0.13103487264600025,0
-0.006256214928331549,0.15936316815728016,0
0.21807021637419757,0.001795663831209218,0
0.19780065135800898,0.11563933004821708,0
0.05891484028897608,0.11273757784984509,0
0.03608406068583811,0.17113437820741537,0
0.12613550740163468,0.2479999422750175,0
0.22210814198373424,0.13763726351202565,0
0.1933635275701323,0.07170603921940759,0
0.15460255192620767,0.08269698562465501,0
0.05156840581121072,0.2326033580573481,0
0.03482846364251917,0.2283153453947219,0
-0.02779553802670692,0.1320006328029485,0
0.13736402935938433,0.32454047823205406,0
-0.007386868263836852,0.33615876050788546,0
0.1092414254143003,0.3994772770473142,0
0.058744448091078386,0.1709821310705527,0
0.10838529863897615,0.12785250256644326,0
0.08844353362854522,0.21905531664238517,0
0.18563046262520866,0.25863235052553074,0
-0.03441684153299066,0.12441080933658552,0
-0.013419034567372624,0.06622898595158204,0
-0.11733975199639181,0.4242658433964622,0
-0.011092909331970645,0.35963906697800613,0
-0.007846804927549078,0.22138992170110994,0
-0.09384204150349192,0.36804420995297943,0
0.012375233258091811,0.40742517147892304,0
-0.018593469180078058,0.37997096661096763,0
0.16149210587136378,0.14761999905710257,0
0.06894433388933394,0.1922558280098162,0
-0.07292398506753243,0.29463247550368027,0
0.08801451806963716,0.40393858986570313,0
-0.015604834482519423,0.377635022974371,0
0.05508438736349103,0.29616728988826063,0
-0.07924816960977454,0.30452168431790305,0
0.2939492932976325,0.22502062247784857,0
-0.02629024836924548,0.23215315237126777,0
0.09870481235116634,0.46696635897560207,0
0.08898060332585835,0.4856734966851805,0
-0.038761029720293556,0.4628294051762734,0
-0.10972975780820504,0.4556269020535907,0
0.0805482542562874,0.2715854534759855,0
0.026645757182302325,0.23528300193703106,0
-0.18152215467298408,0.21091637499470134,0
-0.16386396331399697,0.23485989571490812,0
-0.08681097394588054,0.4855081814908937,0
-0.10714878322872891,0.2642006815981779,0
-0.035007901064445464,0.3180022049054261,0
-0.09377786564909088,0.37533931369799156,0
-0.07241232584835904,0.2834866106632657,0
-0.13949321503978648,0.4248563814342453,0
-0.15907323645431037,0.32464430496126206,0
-0.10897008139235408,0.3830117649154999,0
-0.1712135476972071,0.39609914264171303,0
-0.1532218626277948,0.2345474980627545,0
-0.10556094673918157,0.27319715578305537,0
0.09399488990138621,0.37409096551221604,0
-0.2033336640186161,0.4229148756278306,0
-0.06160914066538347,0.48048203344511825,0
-0.17068880123014024,0.4417182830177665,0
-0.1451031003260003,0.3561242420313377,0
-0.34556205975539,0.34946978446972576,0
-0.4460375298981986,0.2694212312107968,0
-0.11584253653367263,0.36057573350456634,0
-0.24651401721449254,0.2676092199885791,0
-0.3260022378010733,0.28206993277251546,0
-0.38178923980697965,0.14209901259341112,0
-0.18204137013525637,0.4806877326260198,0
-0.3357067232726594,0.4010220652923813,0
-0.396576249083602,0.361907217265692,0
-0.4193157531400672,0.4074114543026292,0
-0.30449831448843345,0.2141311897194369,0
-0.27114977015158054,0.464807644979706,0
-0.3275004257162299,0.3139131330325175,0
-0.33646112164015446,0.32425246630223276,0
-0.23874103165156127,0.42122223165077566,0
-0.5383851985813507,0.40940304699075825,0
-0.3829687934076038,0.4444010614691486,0
-0.33479720615012204,0.37809064221695043,0
-0.42823947378105337,0.1725696819823939,0
-0.3721363881830353,0.3672373992661034,0
-0.33828627447633575,0.3455703430796437,0
-0.39137894247322386,0.33385218975895314,0
-0.49121448637279774,0.2524064453557981,0
-0.5633402205873803,0.2534890059234891,0
-0.4642351880859421,0.25592459507008525,0
-0.35574796770534534,0.24963852929190364,0
-0.7057772904970676,0.3560304139092708,0
-0.44958415068396246,0.296706590564561,0
-0.5395947966688256,0.29322137235586254,0
-0.3464506306205144,0.0723237214181127,0
-0.3807420115565029,0.1233028809476518,0
-0.5616211214401676,0.1962353204037733,0
-0.32202610901652545,0.02983934982804288,0
-0.5655091056512994,0.18179696189029798,0
-0.46112880227505754,0.15895611711381308,0
-0.48755091219869706,0.0691256961570994,0
-0.4648122392309437,0.24143600298606485,0
-0.6341045182588251,0.07090304789105144,0
-0.5107960475530012,0.15846120371295325,0
-0.5057206998203227,0.012498996542825337,0
-0.5919161304267364,0.06565350856069609,0
-0.445959170324641,0.08945950124650916,0
-0.6134376431703727,0.007433938797034806,0
-0.5751455345051919,0.1797379402212546,0
-0.7156240170456942,0.07409270180573338,0
-0.5414519049948079,0.22657058348853887,0
-0.5314398133606195,0.1591060614924575,0
-0.5915170541188945,-0.09317004345053603,0
-0.7237619756371956,-0.04665478036300157,0
-0.5923294523861307,-0.021246204827138366,0
-0.6488193427629866,0.1499355377772098,0
-0.8205166166449906,-0.11327942320226879,0
-0.40676385153967937,-0.007158711900322112,0
-0.6769636122011282,-0.1456512172291669,0
-0.5511989307835599,0.0009358731948617212,0
-0.5533429416561614,-0.1872805377261749,0
-0.6146045816849847,-0.1064057396693318,0
-0.5897943166131367,-0.24236053973490435,0
-0.5783306359121854,0.02034552541927586,0
-0.7510648181803973,-0.05124731892516142,0
-0.4866118079717196,-0.06394851774989103,0
-0.6374893080199109,-0.1440691050234585,0
-0.6799918378924357,-0.15007618042901397,0
-0.7246452317639749,-0.17871880649599176,0
-0.707064425499956,-0.32515510476517856,0
-0.5020391705885112,-0.37486199492604555,0
-0.47617547660329834,-0.41779355757192926,0
-0.5493043790811457,-0.2240140812839169,0
-0.7712422097139566,-0.29967452176617654,0
-0.71724658286608,-0.3533934291846621,0
-0.5488443692611962,-0.38764949884452593,0
-0.7920461462558539,-0.2005259798435402,0
-0.5867760415478106,-0.31313402674096213,0
-0.6426729667128391,-0.266643759022572,0
-0.5818967702022753,-0.35266353608613754,0
-0.662470183907507,-0.2622505700945433,0
-0.47916094433999257,-0.33033979788943735,0
-0.3396919489048324,-0.3663203256553444,0
-0.5810133862899215,-0.2668648432701329,0
-0.5663061221014433,-0.3922610207775983,0
-0.6179839512798948,-0.3875554930248068,0
-0.7284918454134929,-0.5086906118749627,0
-0.669589072842335,-0.6515891675727261,0
-0.47263614962447,-0.5023572188522648,0
-0.6388484317253926,-0.45394064756328784,0
-0.6636549458113346,-0.42236451814654175,0
-0.4233036765510064,-0.6419584506523757,0
-0.4347562923953683,-0.5115902711908781,0
-0.43123342047847535,-0.5259937614907804,0
-0.5963408643595708,-0.698122230823823,0
-0.6108744737890689,-0.6152371737162217,0
-0.4115308947819757,-0.5282982705890218,0
-0.46792874934474266,-0.4682549382785714,0
-0.6460478108042063,-0.7145954315544338,0
-0.5746672570649953,-0.6180013616570253,0
-0.6097724325408701,-0.6884024056794416,0
-0.33288311679058336,-0.561380268420539,0
-0.30568838435117857,-0.71191563196837,0
-0.5201613361414003,-0.6504533376094485,0
-0.4988431434323476,-0.6941692881340755,0
-0.417454597616284,-0.6510042752092905,0
-0.2668849114968576,-0.5874781602119121,0
-0.2979740977667068,-0.7392239253779351,0
-0.3089055366059335,-0.7657850093029736,0
-0.4333072380419468,-0.8775129094395838,0
-0.3898686128437464,-0.7097317161075164,0
-0.2652959881937855,-0.7606032592866216,0
-0.25994667755881207,-0.824264252926382,0
-0.1501948408089714,-0.7710029929855556,0
-0.3091951646708717,-0.7352907329254538,0
-0.27936882032207605,-0.7735474056650672,0
-0.12022144480404873,-0.8831687103901338,0
-0.25856042093171255,-0.8362879593145568,0
-0.21376900558319145,-0.6616574933683796,0
-0.12171868693721782,-0.7212087686286729,0
-0.40796417784857597,-0.7994938763602424,0
-0.14235458259890077,-0.8029404846485644,0
-0.14766876206484475,-0.9158254741617915,0
-0.06989637932696365,-0.8815890741596472,0
-0.11531867942506528,-0.9235470176813941,0
-0.11524061799997497,-0.8308650829491573,0
-0.008362069480944246,-0.8863602021851381,0
-0.05444124562607065,-0.9066401036868301,0
0.03398934429976727,-0.9323094938115322,0
-0.051160966396949434,-0.889659361683301,0
-0.0445868123081119,-0.8778081179293635,0
0.15506812854048221,-0.9081730949902698,0
0.15897187603199348,-0.8288940500993552,0
0.06592887519463501,-0.8525032740379568,0
0.19560728996164484,-0.9902860583714204,0
0.15068312804689787,-0.8091587425408461,0
0.04420163305210657,-0.8020864266695145,0
0.1860158409535614,-0.9922801579087404,0
0.18809962518353554,-1.0469127667181766,0
0.06080610678538152,-1.0562030561983051,0
0.20904107211232592,-0.9582682878534885,0
0.13930825710834177,-0.9723219809946857,0
0.21718557916513206,-0.9554457842646691,0
0.2006743085995866,-0.911601589779859,0
0.18104327231762846,-0.9717829486521776,0
0.3849021536679283,-0.8921760103007441,0
0.1467978277381903,-0.7846763536444195,0
0.24994203004112484,-0.7729556741796247,0
0.353106968236736,-0.8298141570185497,0
0.21023072684426164,-0.9792697396710652,0
0.32791088992565004,-0.9573031309649765,0
0.33549331599894033,-0.9592749398006113,0
0.41280355710751143,-0.9528828672695988,0
0.43031559199357844,-0.865370874774143,0
0.3094897170452802,-0.9092620582125045,0
0.3988220738347486,-0.8910617842903318,0
0.5554983693910884,-0.9975258267249613,0
0.4891417810505366,-0.7886396647640076,0
0.6329616777850523,-0.9067376682791858,0
0.6394275955140858,-0.8270113984823693,0
0.5866808665616974,-0.8876993281090348,0
0.6249374522649089,-0.7760181236591265,0
0.5635151933471744,-0.7848032166576124,0
0.5405506993184112,-0.917973012243242,0
0.7064747219264707,-0.8242573290298612,0
0.6082525089354953,-0.7641884215646612,0
0.7579238455144802,-0.7787075520752228,0
0.8422071464659401,-0.8306362243114388,0
0.6778020073417361,-0.6792768605741368,0
0.6658038594366644,-0.6846742404003989,0
0.6316295233112075,-0.8192911090832179,0
0.7729771961156716,-0.7550671131771826,0
0.9367841753841024,-0.7886446908572616,0
0.820088394914827,-0.678148145569423,0
0.8308735624104386,-0.5787590853194108,0
0.807988883575147,-0.7063172604885534,0
0.7887338188214889,-0.5702380534207361,0
0.9121868183521714,-0.6061920601630144,0
0.9242341229038347,-0.7093648164561095,0
0.9644123635369242,-0.569080890843039,0
1.0599022588880922,-0.5428176832435295,0
0.8853267990415814,-0.587830739610662,0
1.1210522485330394,-0.646626140609501,0
0.8656936582527773,-0.5045716365295835,0
1.1194569911456826,-0.5000885142911885,0
0.9099890456999578,-0.29902082717647593,0
0.9582724310038888,-0.39700462264246433,0
1.1598253207625122,-0.4396338497767678,0
1.1007486388803625,-0.3006530620859648,0
0.9518395771288446,-0.3396069285457258,0
1.1743001124804942,-0.27835373799317087,0
1.0492756707712982,-0.3262836273161736,0
1.0468664010793614,-0.3952672531289039,0
1.0267899287046374,-0.2682431593882205,0
1.1335145730328078,-0.2025974496006776,0
0.923278648054592,-0.3541973720386743,0
1.1639626851970368,-0.10599451547151355,0
1.084012279371546,-0.38368368952486714,0
1.1041176343203616,-0.21472908148983968,0
1.2320980474199128,-0.08717298207601322,0
1.2314368475767692,-0.1683111527235943,0
1.3565043184511216,-0.1954312472320571,0
1.1845193177858313,-0.06102295315382432,0
1.1471018547260754,-0.10696483773662185,0
1.2514436019494228,-0.1401171726854725,0
1.1860074825103772,-0.051008708706102406,0
1.4003307693564186,0.05817351879492259,0
1.1531361564325546,0.07805676299170088,0
1.1258621021216517,0.07549560193981633,0
1.0793224035081412,0.12729173386719184,0
1.2083291857242473,-0.022878669955552513,0
1.259931316965429,0.18885255792052869,0
1.2590033735874202,0.15754190171554355,0
1.115644041083476,0.237380626162391,0
1.0434095642616144,0.14567903635244273,0
1.394621258518126,0.10204645646186074,0
1.0751974593350069,0.16678745091921723,0
1.256168741377289,0.26442464557619283,0
1.3064328315380906,0.30152933116359093,0
1.1305582857721368,0.4021946619991845,0
1.168471909140455,0.4063261445996582,0
1.3301909973098331,0.4190040469182177,0
1.3186965715815713,0.2994534497188919,0
1.1686553878504273,0.44471253635762353,0
1.1001951113373847,0.5684256253121701,0
1.2983679216625788,0.5222632855037168,0
1.2388664592954495,0.4977240835564619,0
1.091749452741063,0.4825330778858178,0
1.1526967862522512,0.5805615149972174,0
1.154907008025229,0.6107902044027812,0
1.04619993204633,0.5490312809474006,0
1.162895918681279,0.720390292765877,0
1.0015598785251663,0.6927274934847755,0
1.1903536772071064,0.6844797800750707,0
1.1247349067519976,0.6812357808230602,0
1.1032158295113694,0.7087450588949895,0
0.9676256421682675,0.8801549867705021,0
1.108918912253494,0.745912077238661,0
1.1805542771221773,0.7915699142695928,0
1.1093445504787391,0.6979865871796771,0
0.990895408674274,0.9548925228216069,0
1.1503060235858396,1.0465902085466499,0
1.1319031147166452,1.0640095158983238,0
0.9378876685153836,0.8156642493154376,0
0.776363824335679,0.9669135483481345,0
0.9422657035245624,1.111335775129015,0
0.926063290089706,1.142579579769042,0
0.7941173265150527,1.1769868445853522,0
0.9033304928565868,1.1654907372477272,0
0.9748399379466607,0.9957582817285197,0
0.9485657020090893,1.0396726236974696,0
0.9281051354715553,1.1632306886058712,0
0.8679590291328741,1.119534419408998,0
0.7901440342059814,1.1589656734458873,0
0.5839396793256236,1.2577025302873233,0
0.7611600622391115,1.2113661173321988,0
0.6658744383592885,1.2376038425487703,0
0.6828347849839372,1.3663943615244338,0
0.5784309286668348,1.355226862124675,0
0.6067018417158683,1.2964911882569152,0
0.6292417419729622,1.1982372043957634,0
0.4495178768864598,1.3624452042994855,0
0.453290721150246,1.2740074534086814,0
0.6881896117781788,1.4455813390663268,0
0.574571735380072,1.2043654598367897,0
0.5120843877803037,1.3652737820791214,0
0.42731414575890614,1.4890703490930446,0
0.4899012726048455,1.4138111057017226,0
0.43312291093621536,1.2813686982844006,0
0.33433602648815375,1.3270998595358237,0
0.49125761263191087,1.4272238652118732,0
0.39740718959221777,1.4710885160151845,0
0.36472073309252384,1.5910164238846127,0
0.37437968369737296,1.4825779220250774,0
0.28521621956960325,1.592754362726804,0
0.0876642388745546,1.5916918124586255,0
0.16843547409704235,1.52648601244844,0
0.1602197978666838,1.4949135834416138,0
0.1321606988818754,1.1843703455760528,0
0.02410185280587444,1.4326387720882123,0
-0.025128804015238305,1.3457437016238114,0
0.1024574316367124,1.4236073210513613,0
0.0348620238880816,1.6207029129041979,0
-0.09908529704615378,1.5050029220426104,0
0.06088877924187267,1.4968325877388813,0
-0.10151242342535166,1.3412726934016623,0
0.014981294667356572,1.5059450936903644,0
-0.24993246868840224,1.6016052511961458,0
-0.20281426522315465,1.5221233557557787,0
-0.2552771945161318,1.592121109782154,0
-0.1729390072585035,1.4872217272816945,0
-0.2611220019449625,1.6609445212744007,0
-0.28159510719239955,1.4849564436704172,0
-0.20576228910761316,1.465767800136418,0
-0.352785352859084,1.413772051310277,0
-0.46705943274403733,1.4666223205653097,0
-0.37569286433403487,1.6004849242932806,0
-0.4937905135899751,1.5702618560171646,0
-0.49551738719400296,1.5601413555042716,0
-0.5873856553832211,1.516330087429147,0
-0.5644022694049348,1.4971451456306615,0
-0.36725283478400395,1.5032022737681048,0
-0.49264349056199364,1.5630725266646623,0
-0.7770593342787103,1.4961257762758895,0
-0.5837429737651973,1.3161119031873079,0
-0.7770071770102243,1.738986175625523,0
-0.7303847535485983,1.3913796760106187,0
-0.7658565860076949,1.3435944984595698,0
-0.7902590193745214,1.424427979193806,0
-0.854743616995412,1.5145189510495414,0
-0.7128644828096817,1.4677017611847645,0
-0.957278152493035,1.3172935780416635,0
-1.0367851534815402,1.381132710861161,0
-0.9914317502218918,1.281930231683401,0
-1.039150921587368,1.3338874144270254,0
-0.9962107157212211,1.1955374007047002,0
-0.9070195915057847,1.2924575403724916,0
-1.1849243522288715,1.332463669540306,0
-1.169468491356363,1.3972960491832287,0
-1.0069730439489832,1.266551506343714,0
-0.9481604086974752,1.121064459928121,0
-1.1509412005161153,1.1544937863863582,0
-1.281638538196143,1.0435754664478734,0
-1.1338800189205724,1.111737136546658,0
-1.3391834216213456,1.0635722692708363,0
-1.0134908471261446,1.0880048524820995,0
-1.3680390094951291,1.041551678123038,0
-1.2292064819034942,1.026195185073286,0
-1.3726626009795868,1.0041625142284323,0
-1.4255290203084232,0.9614326320695425,0
-1.2840579035359798,0.9379019461833229,0
-1.4336672014405094,0.6775710884181014,0
-1.3883693697332657,1.0095210157289414,0
-1.5295859134532215,0.9146666815719875,0
-1.5857031917041196,0.8721637204966508,0
-1.4813225494441264,0.6206356666767937,0
-1.4382732991622307,0.8997109238793849,0
-1.5644816418420662,0.6596421501164836,0
-1.5714398241917662,0.7112199033746531,0
-1.508171815354403,0.6882014546675115,0
-1.6173963870538395,0.7489636493351304,0
-1.5657548546369993,0.6385767555057841,0
-1.6979657975193183,0.5322951730935505,0
-1.7123735563546363,0.4955562501537195,0
-1.7010058767226761,0.6352743490179692,0
-1.7121678099985667,0.4773755063831597,0
-1.8738140080004018,0.5558788945075472,0
-1.7412146064937064,0.4867223877662599,0
-1.6776539889697029,0.3397322683443834,0
-1.6898241347784164,0.23211691524247333,0
-1.803554914297182,0.4571701511737905,0
-1.8345603462613687,0.32840570732653757,0
-1.76110684094005,0.18566153690997186,0
-1.642954711954256,0.20744448956898198,0
-1.7136261010610672,0.3625735323382512,0
-1.917327064999124,0.1372427776196879,0
-1.714438403669542,0.09908882564129012,0
-1.6980639981027879,0.12567183884822214,0
-1.7853880720106834,0.0744675981035998,0
-1.8791617937431422,-0.14134634020282452,0
-1.9724440710801483,-0.019182469395181537,0
-1.9041328944681615,0.03683532257305533,0
-1.9242681107408104,-0.27302316384336706,0
-1.996150770569241,-0.03512847463939289,0
-1.816275610073224,-0.14751183380634028,0
-1.928109579915228,-0.09948665680723821,0
-1.9500948886615137,-0.2770213313076486,0
-1.8567997545564805,-0.22088865263056665,0
-1.9144326170307107,-0.3871173915091588,0
-1.8387975553926292,-0.3951939444246777,0
-1.8058341319776245,-0.36343979495748746,0
-1.7187272613968307,-0.4936177440011456,0
-1.8072095835517874,-0.48822024119339474,0
-1.7531884082981979,-0.5500945629505976,0
-1.7323097713654134,-0.5527949946055452,0
-1.6999596225562479,-0.6713009432463445,0
-1.7423855918724251,-0.7045133234986815,0
-1.9055384268131548,-0.7540545234396547,0
-1.7260280482266803,-0.7748336256638854,0
-1.8141870805201792,-0.7089308483294543,0
-1.6091378716198728,-0.7461394947801757,0
-1.6420122439500495,-0.9577887791812465,0
-1.6406516603237853,-0.7355070906314742,0
-1.5585306117259827,-0.9075635900889707,0
-1.5547238096039835,-0.9730155067039415,0
-1.6689087283143595,-0.9471923907517147,0
-1.5848515520791975,-1.0774975867377203,0
-1.6207028172415672,-0.9659193099079367,0
-1.6276898662245056,-1.0809920262074655,0
-1.5373147772362197,-1.0444785539436787,0
-1.5514367129549538,-1.1388962139865197,0
-1.4199705962620315,-1.2396596169179948,0
-1.5573681077440256,-1.3544654426778646,0
-1.4153953523845937,-1.307095836328768,0
-1.5034634519907788,-1.4553307606196546,0
-1.470476347737408,-1.4162127253871455,0
-1.434732441666029,-1.394906598742056,0
-1.3799233683277565,-1.2559719532181743,0
-1.4503244292446094,-1.435249541520902,0
-1.3776031171693752,-1.4842949317178111,0
-1.2866869801984278,-1.4118680428079797,0
-1.262400161309242,-1.498589148742141,0
-1.1851122278631019,-1.5327237368764386,0
-1.2481090138036224,-1.5742719696162077,0
-1.1690984687195993,-1.737145474622594,0
-1.082772524312691,-1.6122233398320802,0
-1.0555021794159614,-1.6341457378618616,0
-1.1882933686015407,-1.7356737619049958,0
-1.0512704618712976,-1.8091014519650468,0
-0.9156860084374471,-1.8318862138178527,0
-0.8432810656390899,-1.7293193522670791,0
-0.8997630105711385,-1.8783555211093736,0
-0.937062699615572,-1.831134955170883,0
-0.7588730996055485,-1.651548720823567,0
-0.6855915563989723,-2.0483025064802707,0
-0.7963201425442097,-1.9680469273271053,0
-0.769316158941779,-1.91783256815036,0
-0.8640381282766776,-2.0006870197047744,0
-0.6329432808349976,-1.9304890001180326,0
-0.7013813386118743,-1.9274551984891188,0
-0.6996879671872144,-1.9019374243641534,0
-0.6010935793591318,-1.881089349700331,0
-0.6979683117564327,-1.957467017034515,0
-0.526369059688226,-2.116865752274728,0
-0.5326363291836057,-2.009798172738809,0
-0.3592353887791014,-2.0647916613277992,0
-0.3842009121451826,-2.0810216173252423,0
-0.3703206657150089,-1.8908988094620296,0
-0.22501735705758796,-1.9306453263832375,0
-0.2761363638174601,-2.037994783459848,0
-0.21082930967206706,-1.9926592636082996,0
-0.1357018239842092,-1.9528423861378916,0
-0.0994167052715501,-2.1278047518252987,0
-0.1541802799968475,-2.1524441606517604,0
0.034688643977431585,-2.1503372179951303,0
0.02057501379119352,-2.0476499878566385,0
0.1622219788236349,-2.208337087740157,0
0.07694364539955488,-2.2256865039670815,0
0.15603663396797976,-2.128890700050604,0
0.2014567024896476,-2.231843465900991,0
0.1915475949754653,-2.26864615800407,0
0.3239451238398373,-2.1687812200261396,0
0.2605652361612965,-2.1005348045087153,0
0.41569824987581533,-2.167287037180824,0
0.40536562399441506,-2.09547231640906,0
0.42120466190692224,-2.193710635400288,0
0.4315831739555349,-2.047618513144756,0
0.5498353041226859,-2.199360240382131,0
0.5354664472879952,-2.0408687972644395,0
0.6207855336011545,-2.155490856731529,0
0.5657769771285345,-2.0655865620862706,0
0.8450265197640817,-2.084319800525873,0
0.6792123442022131,-2.132484467333805,0
0.874819053564914,-2.2125809108416212,0
0.7931986586145667,-2.042821529995464,0
0.8250110193719721,-1.850780601141506,0
0.9368672250424324,-1.9949489740609982,0
1.0480398009389424,-1.994745755233495,0
0.8639388942692723,-1.9536226791814657,0
1.0063867830692697,-2.0039497281276053,0
1.1919948290054556,-2.009332704928927,0
1.132753952392752,-1.91692212177853,0
1.196386853753036,-1.723985382320539,0
1.1392412015510243,-1.878980338776886,0
1.3439844217437338,-1.8477935847584186,0
1.2337481720354637,-1.8677439848321087,0
1.4278591658504034,-1.9097232440288132,0
1.5136199412690372,-1.628057208834945,0
1.420075724678227,-1.7201451095535856,0
1.4890007211541567,-1.7516556360980433,0
1.5176699655701367,-1.8702560698429984,0
1.387823731543116,-1.7458247250750378,0
1.5024929407255136,-1.599531700691603,0
1.61319563100383,-1.5453766619002454,0
1.63243726400211,-1.57922735155383,0
1.705068992356782,-1.616143636594847,0
1.6282424914862752,-1.5672318257118534,0
1.6197703175328926,-1.5270481158233438,0
1.7477201193932534,-1.5366513361067988,0
1.7284432065650972,-1.4658512022956456,0
1.9220985327761324,-1.270876194381176,0
1.7954449085174937,-1.2563432705701045,0
1.8869242502703638,-1.3925151647538612,0
1.9011204288656693,-1.3299079649473768,0
1.887778384496687,-1.3482970576284603,0
1.98780909744148,-1.3244467709668506,0
1.9491960715579069,-1.1142439527503651,0
2.171720935798446,-1.1291096098072448,0
2.0612828787526456,-1.0182757098929989,0
2.0638568596131206,-0.9307315255358074,0
1.915938320686154,-0.969907861686903,0
2.0537153870726073,-0.9433381414258349,0
2.2510775732494985,-0.9102446619059905,0
2.1312353891627493,-0.8627694627170833,0
2.150165310292962,-0.8192661681403183,0
2.174309706686252,-0.8445542252635039,0
2.1119790123876294,-0.6906852594930333,0
2.2154644273351156,-0.799517446506162,0
2.158736237581644,-0.6428103031648994,0
2.2022338818402107,-0.5877222004003675,0
2.3775230107407395,-0.2964498512946081,0
2.331932096105577,-0.3792188482569351,0
2.191571126039591,-0.5122057065865857,0
2.3453881503779748,-0.3754283088900824,0
2.216420030762004,-0.2787133807139335,0
2.3979468999405493,-0.284919757878222,0
2.4009554687833266,-0.30628088744419996,0
2.451567317916576,-0.1997244076387584,0
2.3509714409464695,-0.12240646723625269,0
2.300439594012537,-0.15037415043997074,0
2.3566561536669246,-0.0484154427590965,0
2.3672611185765864,3.2543859302225414e-05,0
-0.16304051363480462,-0.1225338404972407,1
-0.021656083191780154,-0.028077318962296458,1
-0.1220885645662574,-0.004756989551398787,1
-0.03807268328119792,0.053645265177572704,1
-0.032200119137036264,-0.08869775099130031,1
-0.06383587285112564,0.055493368048106555,1
-0.024456499286658884,-0.08232470473389383,1
0.02127093434763936,-0.091874554993952,1
-0.09336720799527799,-0.1834900375673991,1
-0.07457078695892523,-0.014537736520848376,1
-0.10151629341938245,-0.044088091495555724,1
-0.14553045513785048,-0.004853488291931111,1
-0.13277828695528845,-0.0030483306134916404,1
-0.058512539335857615,-0.045149698348584136,1
-0.06772991176196559,-0.030227861599299806,1
-0.10758213917612922,-0.17804827784933186,1
0.03515398053718273,0.12552007948269142,1
-0.07393010340788464,-0.12031875669527538,1
-0.07697456171885701,-0.17130323569417003,1
-0.05256099047931744,0.06630078460553268,1
-0.058477803279739345,-0.024906110993148857,1
-0.2562727961763666,-0.09966950015060574,1
-0.20404158505990586,0.05951308569874412,1
-0.10868942610361633,-0.10525154756828617,1
-0.057889584988556946,0.0022584538326061243,1
-0.050485697676675254,-0.14704626600616663,1
-0.07252437502021458,-0.0474503105730047,1
-0.1264894813623332,-0.037968236035700105,1
-0.16140985786572368,-0.05384387629208399,1
-0.009771936805226143,-0.06818110989789308,1
-0.1726511588890631,-0.06928360151536442,1
-0.03075363046455214,-0.053812785598222786,1
-0.17494783395309488,-0.1197091889275749,1
-0.0925952115765192,0.12997453533068812,1
-0.040502468732524485,-0.14388744307453366,1
-0.00027728339797784265,-0.1476868727730669,1
-0.09482716472472674,-0.0011259224771881327,1
0.012188680597283995,-0.11295071253845772,1
-0.15294659127365579,-0.3904763823063793,1
-0.08103498529188106,-0.2287127373976114,1
-0.0019582415188215373,-0.0619249947689076,1
-0.19294915047585554,-0.2702871185467086,1
-0.12314453917793101,-0.16034798711719167,1
-0.01017911955258287,-0.28456087921243917,1
-0.2614486927667556,-0.2111602214619501,1
-0.13101334156159292,-0.20396778164979612,1
0.02934153019436942,-0.24391919243000945,1
-0.0022772294954018783,-0.22498272305875044,1
-0.044200002099919276,-0.14029340783493144,1
-0.09016442648838498,-0.35219938441591536,1
-0.1627417858673219,-0.24018635299050073,1
-0.20355077964518664,-0.3449698542910971,1
-0.11871375586801028,-0.3224897513281406,1
-0.010184380209349593,-0.1841830364646582,1
-0.28001479175847543,-0.19986207108331083,1
-0.1257906062682971,-0.27142468785547563,1
0.05686548493142131,-0.24692285493386196,1
-0.0768632381624875,-0.334670012723663,1
-0.03685593876930704,-0.21880394274131224,1
0.027214509739975398,-0.31107143205538934,1
0.12786999549393996,-0.2818896445650184,1
0.12191453073689154,-0.26870902642789957,1
0.11898049248177282,-0.14259050211764268,1
-0.08322854900680722,-0.2970232711604016,1
-0.02439835334363494,-0.22587869879413025,1
-0.07700306557123232,-0.38895988085507366,1
0.25742001959747923,-0.23152558567592757,1
0.11007358937479536,-0.27974573315572493,1
0.04817628938763175,-0.2352599074273585,1
0.0514724521043559,-0.32162504203157055,1
0.007962407625214898,-0.18655967254226685,1
-0.018971381683159674,-0.2532145499601161,1
0.054271825266045334,-0.3332831778683637,1
0.1248936263670705,-0.3542922859470381,1
-0.12015674755221267,-0.2471476471566371,1
0.08085527673196438,-0.2929202084602552,1
0.1677564182793161,-0.3368955559093172,1
0.18976296122612332,-0.3539395250550846,1
0.27444567794844743,-0.4392347287146298,1
0.09019701530201513,-0.36550418909475296,1
-0.009939348370732641,-0.43032956177381576,1
0.10356368595745472,-0.4987568660678228,1
0.10657651870017565,-0.28934651181459914,1
0.019298555252145543,-0.42505681116512634,1
-0.002546406324691995,-0.399915074919067,1
0.1137353397835144,-0.4315955833861045,1
0.07522999319055701,-0.3483677416906685,1
0.17763081531478964,-0.46543700959784085,1
0.11054693021656462,-0.42355978265152333,1
0.02631101192145808,-0.36758834965440385,1
0.20895318819590503,-0.3418131566091217,1
0.10793203785815096,-0.2679106583962903,1
0.26268007557604384,-0.42063339246055803,1
0.17309007103187604,-0.28449344848999875,1
0.16896015871643022,-0.2605772634598151,1
0.35044409856588044,-0.36160533453002625,1
0.2357421626659391,-0.3503681928514144,1
0.35280172279839017,-0.27734550275883435,1
0.16440116376022706,-0.46488599057531205,1
0.20671888686578105,-0.3753147368208514,1
0.18368314272172145,-0.2690354025170582,1
0.28623011539732274,-0.2633110592627275,1
0.3739508665329929,-0.41449937085520255,1
0.47119172532121756,-0.19594952949357555,1
0.2909752409644255,-0.40365080317091545,1
0.24781451511848535,-0.28212345293413416,1
0.28081310264897286,-0.2972257859259856,1
0.4878939201622381,-0.32545489066460553,1
0.31522542288718297,-0.2774572350398055,1
0.38033351167827856,-0.3970323015800563,1
0.21155101086385425,-0.3219185621329767,1
0.3354021906966743,-0.34323544343886947,1
0.3831596390182986,-0.2548186899482985,1
0.3170437418615185,-0.22520173373759242,1
0.3264773945378816,-0.2964106026001755,1
0.4257401491131776,-0.21136750304798188,1
0.5236405883145294,-0.23036269279077684,1
0.42193325712094987,-0.22497819652100368,1
0.46912169255988073,-0.30863887226236697,1
0.44467759028096754,-0.2723038912285913,1
0.4768392143278123,-0.38119966175376285,1
0.33959573286318534,-0.4191533620083726,1
0.536947475261934,-0.2574366715046612,1
0.4755179650461106,-0.3807770832742723,1
0.5313030894757717,-0.18465242899377726,1
0.6066088247916019,-0.06571796491632922,1
0.5348577135481876,-0.17554923282669982,1
0.5362708554291614,-0.18491478995926938,1
0.4907686512828791,-0.16761537430238707,1
0.5403131855937586,-0.22359351964852647,1
0.5012014472833144,0.0121992259519922,1
0.4914723459673905,-0.17292399079027662,1
0.5803675808450104,-0.20633478346041817,1
0.5147881190977732,-0.24251604656553133,1
0.5470694339566541,-0.18772195662815913,1
0.382179451881504,-0.06241594509629516,1
0.6278649261227046,-0.10406421006615386,1
0.7294884077397304,-0.2208011606886711,1
0.44166331070035864,-0.054599805993755794,1
0.6611659211479873,-0.06182137444884209,1
0.5472580055519587,-0.13140426252000656,1
0.7476615804181019,-0.07544538038064687,1
0.6488304740163944,0.007134218128735948,1
0.47404013775399084,0.07305720924204596,1
0.5453324056995653,0.04816940650670884,1
0.6511575847457878,0.00894482074816651,1
0.7572372421948701,0.1602714022733921,1
0.606083143195317,0.12597814759202866,1
0.7251012491454767,0.22365822616588674,1
0.5918797249151405,0.2602422391330455,1
0.5425767717176282,-0.010653460749562462,1
0.6800306579761872,0.02333037203696435,1
0.772119428126484,-0.0438968320139768,1
0.6240977712958324,0.19049188484603571,1
0.4788061628677358,0.24071075593235394,1
0.4983571540098485,0.19151007044193988,1
0.6443101051255018,0.19664904786951132,1
0.6985297521994207,0.26250823413652175,1
0.5532125193688668,0.12312835094803981,1
0.6321910105214036,0.07310688805793868,1
0.7383040976672683,0.21751420353398943,1
0.8259168557012958,0.2979677505930134,1
0.5665046973147002,0.17360909287291273,1
0.729749726754045,-0.006357573317686817,1
0.5769023754893623,0.47701358455091525,1
0.606932100425297,0.3662354675768698,1
0.6090575348045313,0.37037358624207084,1
0.5346712378826071,0.3435327739868434,1
0.7115648872886325,0.35078269117774596,1
0.6106499450048533,0.4728956181003948,1
0.686909129445986,0.3985297994923619,1
0.5205870573309223,0.30044311278024766,1
0.6042505460354368,0.41264483243187766,1
0.7317041024631854,0.7023769351569586,1
0.7186219921431165,0.3967971268244886,1
0.5442339846861973,0.31400313558634024,1
0.5865202286796273,0.4920588168376365,1
0.6377868227468643,0.40066003858631266,1
0.5749257113712187,0.496692778277291,1
0.6263305702595454,0.3850777459522968,1
0.6463844103383081,0.5271103687861306,1
0.5191382436327091,0.4304363087717509,1
0.49614179995294144,0.576181832598918,1
0.48152331405559584,0.5791300062661919,1
0.3934856656530017,0.5746481636668882,1
0.4031384808819809,0.4253114142406401,1
0.3531892062946527,0.5770680762229583,1
0.49615716215349115,0.6228051917151329,1
0.5735088671661543,0.6591933752358038,1
0.44996118098687454,0.5983625317146891,1
0.4802169760080641,0.6488997038052562,1
0.25809021067043125,0.6627172745359785,1
0.4080241197213094,0.6692312698544216,1
0.6387826621137501,0.747819861071038,1
0.46073786084040996,0.7610263250479412,1
0.3348143624151198,0.738896755004669,1
0.3847956542922937,0.7540404667866475,1
0.2848176571554802,0.7689960909173282,1
0.30621767022104646,0.6447554787967934,1
0.23025421466065604,0.7241200736337129,1
0.29831933566012653,0.6551222544782803,1
0.1528873067849801,0.6915645575381943,1
0.22697932353070782,0.9219679541148155,1
0.30115541497812753,0.5999761047255072,1
0.19668733226930385,0.8186120830527676,1
0.3190152911237687,0.8061416317683986,1
0.36764643868103025,0.7630326334013449,1
0.37735419095274986,0.8033006170482492,1
0.17521464013163612,0.8757534754064162,1
0.1190449780313932,0.7549649131137719,1
0.18618276607417625,0.878175059831689,1
0.26942274518196563,0.9424553826651649,1
0.061761145513351844,0.9221299814163658,1
0.02680568546699319,0.7340807809684203,1
0.05597756362668863,0.8297092009223831,1
-0.003561165486722717,0.9686358507552282,1
0.03297786381869989,0.8071297286716272,1
-0.025200798434954822,0.9144402200020091,1
-0.1818467375517936,0.937081493977168,1
-0.00122789974415111,0.9408594941132147,1
0.07569113188401481,1.0153735541595068,1
-0.09790495925460238,1.0043488264131228,1
-0.05945716850117038,0.8071564073117545,1
-0.09814930331177585,0.8992608945698624,1
-0.07318376967512097,0.845597600505646,1
-0.2062235378137459,0.9447258812958675,1
-0.21612355436072048,0.8784972802781277,1
-0.23222232593625927,0.950116079971258,1
-0.174686938191004,0.8817269215890954,1
-0.46200236068465206,0.9781912517414971,1
-0.3144631633808104,0.9292476909804994,1
-0.29736750659693784,0.757296480463581,1
-0.22931489775860536,0.8690394039100581,1
-0.3029875928520433,0.9226816483355317,1
-0.11537808199903694,0.8668512366057738,1
-0.36269913263996995,0.849859832599864,1
-0.3819517406424179,0.9287549621231679,1
-0.3990356125973792,0.9158337590585988,1
-0.39902610570133756,0.8869348476160279,1
-0.4310096033570482,1.108276762169983,1
-0.5042331304520498,0.8915169601427698,1
-0.5378881595779139,0.9418373654471495,1
-0.41679800887731655,0.8666165883434034,1
-0.5790474691470486,0.9358269776229787,1
-0.40554251506762373,0.7257996490499474,1
-0.6013835005367103,0.8477002454357889,1
-0.5571564463847969,0.8545432506239807,1
-0.5144473675060105,0.816784180558525,1
-0.5950912292912167,0.8950975953345496,1
-0.6360093633510935,0.9569039606528751,1
-0.6110334986841032,0.9126767015872701,1
-0.6138239425962692,0.8871015761870125,1
-0.6498130381864108,0.826832488732425,1
-0.6314086413847624,0.7665807876677887,1
-0.5518816104452136,0.7359089183976238,1
-0.6000237964175202,0.7553781339176776,1
-0.6434780159048922,0.8166811807156367,1
-0.6304211433053997,1.0165242864637871,1
-0.5394739053231894,0.717489567207084,1
-0.7633070165269612,0.6732644755311261,1
-0.7708315987279869,0.6159277055435461,1
-0.7729271935167868,0.5830342423571379,1
-0.695672114814475,0.6593536407718094,1
-0.9511626693312701,0.6291635040146611,1
-0.8538584582149539,0.5569997694286929,1
-0.7421811538901064,0.6741859741756907,1
-0.9479056647305014,0.5119891975180545,1
-0.8985033446105273,0.6381029204045426,1
-0.8693601554459612,0.5751292759989204,1
-1.0251943762778941,0.6376548086758983,1
-0.9763953629540992,0.46141826388233453,1
-0.980154802293871,0.5107578701679308,1
-1.0356263702442245,0.569347278205632,1
-1.2371079134430674,0.5534489451189352,1
-1.0625358465190464,0.42128078030472266,1
-1.073065626649361,0.472723867287064,1
-1.157733439885559,0.41651274845878594,1
-0.9795500310936869,0.47280069163714084,1
-1.1686179963436425,0.31393303949245055,1
-1.2153905832559024,0.23922792447011096,1
-1.0271610210460351,0.4223624352868257,1
-1.2168739899294192,0.4842078452538191,1
-1.0033348677635485,0.3500913550979197,1
-1.165768987005542,0.23128434265193734,1
-1.0681180256027545,0.30124351668349997,1
-1.2742987204185101,0.25182531331940994,1
-1.137145133883049,0.32924913176303067,1
-1.2366387410849455,0.156243480289904,1
-1.1865965744200548,0.14514235835192776,1
-1.2295062279824323,0.2551212200504101,1
-1.2595994388088818,0.06813553680365052,1
-1.274522961952211,0.06504880504551656,1
-1.10584930108438,0.08063774599820901,1
-1.136766105086068,0.09131997050242562,1
-1.221174248605423,-0.1415747355972614,1
-1.1926063123377513,-0.013033659669044354,1
-1.2347185318782237,-0.07468001157925042,1
-1.2356631329364711,-0.12218601489486826,1
-1.2873678381912874,-0.14145164048047315,1
-1.201869945040806,0.036455566980777024,1
-1.1681560832784408,-0.3015753199609461,1
-1.2100280381450708,-0.11682031823774311,1
-1.1498649943196453,-0.23762263700880304,1
-1.356751574048969,-0.14073416501760197,1
-1.2596032063531095,-0.07819483288744472,1
-1.3193570049264656,-0.0924068795084672,1
-1.3204394170144038,-0.12234022914650101,1
-1.1949405991310473,-0.2307239315687626,1
-1.1574945104879066,-0.2437480583340502,1
-1.173870443585649,-0.29006241646814557,1
-1.2960557294920514,-0.3967614904965524,1
-1.3000784515191148,-0.4206485450841494,1
-1.1674447248786493,-0.4497813303338351,1
-1.0876680509891805,-0.3941040912573776,1
-1.1196626626071902,-0.4090974508354461,1
-1.0386236634112203,-0.5871453468408122,1
-1.1915675619074009,-0.5403690017804488,1
-1.2355901288435538,-0.6152033303768153,1
-1.27810514844684,-0.7033622757470251,1
-1.0191183788344391,-0.6477694751294345,1
-1.2928614206700584,-0.6311005810942381,1
-1.1522437115779636,-0.8478929714900003,1
-1.175997114284889,-0.7312732047240876,1
-1.0793426656468368,-0.783389176008136,1
-0.9896687934329783,-0.7766239733701134,1
-0.8716466269326234,-0.6958396265492643,1
-0.931203983340919,-0.691080574488507,1
-1.1516241159685245,-0.7167502493333835,1
-0.8020829188675855,-0.6993227250532492,1
-0.9846057819556135,-0.9651590514918031,1
-0.9020023056408158,-0.9392085512337159,1
-0.96144599899004,-0.8423594087670917,1
-0.8675405078990326,-1.0160754878644038,1
-0.8676647246707452,-0.9220570696727729,1
-0.9574378789660661,-1.0174785690466168,1
-0.882060753687148,-0.8636717927936445,1
-0.9300937148982449,-0.9551641064948438,1
-0.9497374943532,-1.1018452096099403,1
-0.8623620509622527,-1.0882114954637527,1
-0.8518136675905654,-1.1646175743601797,1
-0.8739596582873087,-1.156890277030397,1
-0.7427253986220742,-1.1103165449728214,1
-0.7114672351862354,-1.061300239182711,1
-0.762546753408565,-1.2367901525029814,1
-0.7981846199376228,-1.058118364049992,1
-0.6356144509776098,-1.085224584831053,1
-0.5878404481889199,-1.246821184128738,1
-0.619644623877844,-1.2410103205454546,1
-0.44933191014484186,-1.2191698368455715,1
-0.47784173955529047,-1.2743017332119038,1
-0.47573655425131317,-1.2780005609616552,1
-0.6167606859133281,-1.2013958674236855,1
-0.597404334523586,-1.3547252982632088,1
-0.4439850790155652,-1.3103706422689279,1
-0.5194854666176063,-1.3545786180552608,1
-0.34303479133165987,-1.4340098138130037,1
-0.650079725556005,-1.2953195136603022,1
-0.4477895998735939,-1.42625277416929,1
-0.3092997561836488,-1.450401139127024,1
-0.3675622374384024,-1.3253770680117327,1
-0.26427323264038727,-1.4394079010405096,1
-0.36294947716740594,-1.5286279082858463,1
-0.18305215360425506,-1.4053286092744253,1
-0.31575977490510615,-1.4430474008096836,1
-0.3859154883350447,-1.41622715735935,1
-0.15068779284584688,-1.5458629330469473,1
-0.04841451580785415,-1.457516534865335,1
-0.1445926560666519,-1.52708033808301,1
-0.11103193400210616,-1.4322718446334546,1
-0.001679781065674176,-1.5479397320322865,1
-0.13009474944184474,-1.5342468733183376,1
0.0378069680797939,-1.5905914436870199,1
-0.030686115633575022,-1.5380580864730289,1
0.09448439919449977,-1.4709381424412649,1
0.1921550675549047,-1.6874093088938176,1
0.21915399900358853,-1.4984661180799068,1
0.11481087629608819,-1.4599329009216866,1
0.018181805063409478,-1.6937274390661026,1
0.39535279311199384,-1.6467651876120175,1
0.2758834491773039,-1.6276525532017685,1
0.24760232595855178,-1.6196808654081611,1
0.40739230031075696,-1.703336801306673,1
0.34995555380557386,-1.6142316562594894,1
0.2910715734624651,-1.4519801504709762,1
0.3351995078631607,-1.5276473486018145,1
0.4875538497123169,-1.5052814633048255,1
0.5355984551537134,-1.413660804256206,1
0.5337117047050935,-1.5267920551109626,1
0.538477105468393,-1.5277907616817228,1
0.6597578605920275,-1.5445710324022037,1
0.6375334581895628,-1.4172209270050176,1
0.5781938577914579,-1.598995411568804,1
0.7438010227052394,-1.4462469929254895,1
0.6937908854999899,-1.445388054623967,1
0.7489139756873875,-1.3985869496575647,1
0.7558407906840263,-1.4750090437417673,1
0.8389887311978748,-1.346071640990224,1
0.7706780548347193,-1.5611512055940227,1
0.9468016287271177,-1.3037729465849672,1
0.9543261948680763,-1.4027324006338242,1
1.0183678803257756,-1.30928267304713,1
0.9208854899504669,-1.3956733618836699,1
1.1217372565485737,-1.299353998374641,1
1.0060604016780492,-1.3789925092961606,1
1.1011317521803987,-1.2965029504877887,1
1.2154713674282698,-1.2443765445534059,1
1.1370993447839064,-1.3118313704172297,1
1.0170843330163746,-1.30084306373389,1
1.1040042599987647,-1.314204730323205,1
1.080083962356565,-1.2933701661756538,1
1.2363197691353032,-1.087392664002961,1
1.159138147903552,-1.006397236570029,1
1.2897902698545916,-1.1055116942609595,1
1.3026241127748814,-0.9351103112641398,1
1.363639846434085,-0.9646947091588107,1
1.5907072003636857,-1.057510488980249,1
1.3363692625659094,-0.970601467425466,1
1.2946763116350737,-1.0415343943644642,1
1.3299308375530823,-0.8033480842505697,1
1.4690026518593529,-0.9690436682061178,1
1.373369208469491,-0.8420926107624068,1
1.5492495975460567,-0.9080502729779648,1
1.570199774940564,-0.8980954954052863,1
1.6139626605217723,-0.770656664127509,1
1.5072835413975036,-0.9042140282565019,1
1.5558028268118407,-0.713789085150621,1
1.7289789875843382,-0.764916310696148,1
1.5727297400573734,-0.7692971953314998,1
1.6452194398720836,-0.6839771185378934,1
1.5338567961295262,-0.6598606140196893,1
1.6105725383524534,-0.6749136785659662,1
1.6737532822534487,-0.6224212755888466,1
1.6219446401285909,-0.5395304004230517,1
1.5367354554433457,-0.4875127960583359,1
1.6591288610788326,-0.5363103693784901,1
1.8632757591714226,-0.3958078586410894,1
1.6487318707568663,-0.5291093827290281,1
1.664654167368428,-0.24969941083008165,1
1.5500912971262109,-0.29265310013019913,1
1.6531425929852128,-0.27484911129593725,1
1.9528595638928525,-0.15697552561764722,1
1.7993136376093242,-0.24365014414407674,1
1.8420925665365184,-0.26001770435388716,1
1.6947538396453456,-0.14197348404295948,1
1.9459307537406794,-0.08451628569389161,1
1.897004051921266,-0.12506107488739984,1
1.8119980736755248,-0.16087024984497966,1
1.8197541532519481,-0.05351646573583318,1
1.913970957381387,0.09856848593114395,1
1.8650352769176568,0.18351715060696647,1
1.7807892958317824,-0.08438117702823945,1
1.6607622976171568,0.1502164325320191,1
1.6995990836263957,0.11915266936822315,1
1.7544180334034134,0.24541146672866157,1
1.566594562768532,0.31711840036090216,1
1.8528015855399873,0.2914663054422899,1
1.788538184655693,0.4956967049999909,1
1.800510883575573,0.15960047583255035,1
1.9039786110687538,0.3122295310143783,1
1.790192478248996,0.5932725485312891,1
1.695314341587528,0.46410933630527823,1
1.8304744951180496,0.5110280174276339,1
1.8304641605782548,0.5232676096484739,1
1.7195317603850153,0.6010813932324891,1
1.7373049948651238,0.6828042503944269,1
1.8216563860845885,0.8001721852810256,1
1.6170344904819924,0.6905099766691122,1
1.7230063613061994,0.8507464493178344,1
1.7830177347984775,0.7132401491759036,1
1.868779169522199,0.8232486937954573,1
1.886407919915942,0.805884053350118,1
1.6173862252041813,1.0478296389254023,1
1.6150372761471157,0.9566814448020781,1
1.7366133800433508,1.0357694402264863,1
1.7984758155359,0.9676031248564146,1
1.6216147626807527,0.9988603278807144,1
1.6490910057682522,1.179143296176269,1
1.6099780459039732,1.037231464229617,1
1.5881770048968562,1.0795214780338789,1
1.4594254437595604,1.1606194608567448,1
1.5109214216997404,1.2726403709621203,1
1.4130201360996826,1.2437782271712827,1
1.6174478198856337,1.2825334126559294,1
1.4624742209965238,1.2718028712100065,1
1.597327557937343,1.3011019634331211,1
1.3599231314021314,1.366688884527409,1
1.3263688514659144,1.4933858555332618,1
1.2965410228417027,1.506434720764336,1
1.4589319994346261,1.386618443417268,1
1.2240374993032122,1.4247828590610996,1
1.2363258178062058,1.491984507990922,1
1.247193977386595,1.2772169642414906,1
1.2524347272391918,1.5338281315246665,1
1.1590312164875718,1.4387566827841256,1
1.2084350863521767,1.4639851936446953,1
0.9560062950059643,1.6850248126977436,1
0.9472077392513134,1.6259199221934488,1
1.1790291002857178,1.753808315248909,1
0.931790520610472,1.6879843920246875,1
0.9945650008264569,1.8253739041762813,1
0.866492406320586,1.6108507261422293,1
0.7982648380153314,1.5865206084558119,1
0.72839133639773,1.872849381349386,1
0.904842178559316,1.9558552086069314,1
0.7957573981441425,1.9512253780526945,1
0.5803865873124701,1.9394578411366237,1
0.518364001256844,1.8176218537734483,1
0.6514693577481317,2.11127693705616,1
0.5498418015692829,1.8649337475753407,1
0.6125055860944142,2.029664904072169,1
0.4230318700315421,1.9947470514818548,1
0.41943140329534856,2.0585779705992238,1
0.4808372390996211,2.022977498468979,1
0.3952859415477356,2.0630706142698343,1
0.29035685462681815,2.1868709499507917,1
0.5058634641942927,2.1310759972291007,1
0.1959988072163177,2.220502629224221,1
0.1255554575787279,2.1426726679421666,1
0.27431606007700177,2.109731523020715,1
0.2516335330659106,2.22886081093839,1
0.01965621122784958,2.205632136947017,1
0.019309010297096158,2.111017564700987,1
-0.05519268141691357,2.0847035167427883,1
-0.0052858749850797655,2.0812155108364334,1
-0.034885225450194825,2.0968209427926086,1
-0.12194445889950128,2.1093424641451497,1
-0.18518194307586394,2.25604196029983,1
-0.2872683477062737,2.274678078948942,1
-0.25862863071675074,2.0178290376268038,1
-0.4020204502114731,2.0792233372798625,1
-0.32754823010778095,2.1542298117933605,1
-0.20791023278716858,2.007089290143725,1
-0.34378384916176613,2.18548070858935,1
-0.5331985792133179,2.154837352297994,1
-0.35731904561351185,2.2125245390153445,1
-0.5929700909051242,2.2260800324027676,1
-0.5651633856157908,2.0795875144787335,1
-0.657283225304972,2.1561248401475734,1
-0.667529437100078,2.1259168984271013,1
-0.7371364874049472,2.0580765601456537,1
-0.7212152624031488,2.0861151156204216,1
-0.8286841587747934,2.043076102987401,1
-0.8765646679174458,2.0378078788338523,1
-1.0049358193203513,1.9621855849021035,1
-0.8344617446830923,2.019943254451813,1
-0.9716978804072228,1.8799358253909104,1
-1.0026713652658215,1.9443831664060687,1
-1.1018192168527845,2.0764483803661067,1
-1.2585789585322857,1.9427149500647811,1
-1.0453216686923748,2.0039420396281495,1
-1.130762148526913,1.908226685780089,1
-1.236125687795887,1.896788619462162,1
-1.2594719005117927,1.8410343756841985,1
-1.2948640118000854,1.9197368488971602,1
-1.3398446483353819,1.7380395307154117,1
-1.474964673463284,1.794453548274622,1
-1.5820530671580642,1.84245929618501,1
-1.5294055444771602,1.756892438425176,1
-1.3752284750211246,1.7507104233070703,1
-1.4029541978514735,1.8779089321225788,1
-1.4916329908906218,1.5360324501250755,1
-1.4726152656187552,1.645598800715435,1
-1.5322568156147778,1.672369830513491,1
-1.7656809195030707,1.6556872374725728,1
-1.7884770290387944,1.4858329355325306,1
-1.871293590773726,1.6026447533965151,1
-1.7977283901522836,1.472150409260775,1
-1.9752568972187567,1.3278027618622235,1
-1.7819591696182784,1.476963210145859,1
-1.8856592505769652,1.253745203861357,1
-1.922667051404901,1.3011361567147577,1
-1.9090584175153484,1.246505505732405,1
-1.852256688200114,1.1476872197724173,1
-1.946145061381427,1.2091371627539798,1
-1.9376088814156107,1.0225855838221025,1
-2.0655957700656953,1.129169411207951,1
-1.9937584386824414,1.0762448601441204,1
-2.0196118163229495,1.0180760134761468,1
-2.152709659067913,0.8645564050091057,1
-2.057595023874712,1.2210351500456242,1
-2.304581754195458,0.8579584155946749,1
-2.2695296794839432,0.8703805870635123,1
-2.037468292004504,0.7740750172589228,1
-2.1208963615072993,0.7714429352104966,1
-2.3369425009613565,0.6327210002663911,1
-2.173138164331049,0.6461605069987066,1
-2.1557692483335544,0.6642103191761495,1
-2.2652477338987165,0.4804051434710176,1
-2.3437381485354702,0.37283442521750726,1
-2.282051685580664,0.4735952194111533,1
-2.215101837908324,0.3862915409087603,1
-2.329869880919996,0.34760165810381816,1
-2.2836466131584805,0.23828537675618866,1
-2.370689642525386,0.2559727395054949,1
-2.5755633562226325,0.16584904980065973,1
-2.279082058551092,0.2891631900557666,1
-2.411983383324653,0.2778448178155627,1
-2.367196933759283,0.1604950000253202,1
-2.4112308434746734,-0.020981787879818588,1
-2.4247796733080604,0.11911470967557636,1
