1.7047492462163356,0.35798973587540295,1
0.43586013776752097,-1.657346618191078,1
0.38906872202500625,0.5053740339933562,0
-1.3008250711732467,0.8860762221598204,0
0.515633358510183,0.10615602067671223,0
1.5699727528533258,-0.40630470946129393,1
-0.7059361533794727,1.475071725715559,0
1.053070028529232,-1.5003591676182377,1
-1.2347457788505865,1.1427050886400771,0
0.3753768541103466,-1.5814063050257825,1
0.1293721729174733,-1.296075211058709,1
0.6774142645231623,-0.18180699318112095,0
0.4849865144545063,-0.12090207475063841,0
0.14073495112831064,-1.1855611737360037,1
-0.3199659568379243,1.2968876886497722,0
0.25432498531685666,0.8165317058881469,0
-1.570134116513658,0.08124005576675754,0
-0.06873059370058639,-1.3294116519031147,1
0.07060993346758834,-1.4766946107483812,1
-1.1874106820426307,1.0975361659426028,0
-1.0702032679058902,1.521505972780769,0
-0.3982011990671384,0.5042787203465853,1
-0.5327577931368825,-0.333680305285328,1
-0.9418306690978415,1.4683544256784882,0
0.26196720888697866,0.6645309102144592,0
-0.27632525702229177,1.5955363851915403,0
-0.5180515096278251,-0.21052322928437628,1
-1.5774337363137039,0.025472230570021803,0
-1.0001836338039403,1.486579797288078,0
-1.7336336420724103,-0.3756430915989027,0
-1.0666477091508813,0.95351106804858,0
0.5084130890416563,-1.4745767758594017,1
-0.5569061818364209,-0.3456071136492111,1
-0.449769677332639,-0.8485838739932471,1
-0.8345815062227043,1.2774656932312514,0
-1.6746664129085402,-0.7144705410622927,0
-1.117289770034835,1.0333055533180537,0
0.5066660312385238,0.24642464296314467,0
-0.6530785298026722,1.2823186941064135,0
-0.5307006905083475,-0.12899253329436808,1
1.3158674252407798,-0.6547002372917909,1
0.37110463961220436,0.6032706551304081,0
1.60989607694108,-0.4650118412104426,1
-0.7434951404295368,1.4175074340706306,0
0.7508752963831716,-1.4899118784697525,1
-0.7863709458598945,1.5338150654016154,0
-0.9838987483522589,1.5578081820944643,0
0.42548496593205215,-0.09706773982917921,0
0.4404009273385086,-0.08230066329244767,0
-0.1518496343337079,1.437915805955586,0
-0.2231961299142295,-0.7304441648677104,1
1.7630584120053368,-0.007635269609326409,1
-1.0072385175045886,1.4730692345248482,0
0.058176870818913304,1.0074766596069342,0
1.6799000987301889,-0.33303022289865936,1
-0.7315848783142588,1.4495452550526495,0
1.1803013417840673,-1.3024906341242701,1
1.6748487478706373,0.34572886707683614,1
1.0453661552210471,-1.155334003391972,1
-1.1104731300730097,1.5246507714958486,0
-0.6508774160900743,1.525111581023339,0
0.24971203620164006,0.687737769193536,0
-0.10559431504956869,1.4381141662763177,0
0.5304361012820554,0.41561126333548576,0
0.04943547216979236,1.1319599082342464,0
1.17894161249296,-1.2554022990810292,1
0.6330039270981296,-0.06486259189374863,0
-1.3763218581693817,0.6524386344614145,0
-1.607754537946885,0.06516511379040131,0
-1.673546373562122,0.33974164642701155,0
-1.3452274336645749,1.2006573401304967,0
0.2753896443672131,0.6933233727401572,0
1.6418748910011634,0.27256913805323857,1
0.3743564168518507,-0.1081112603025816,0
0.39472462192152424,0.39520228162483284,0
-1.3119849118315146,0.9402789750030061,0
0.26673070077942457,1.0579773322086277,0
0.6201591752099677,0.30969521030835123,0
0.7031618978025346,-1.443576305020668,1
0.23916436413704606,-1.5205521511573432,1
1.7479862272777138,0.04005697076840449,1
-0.1365777838935788,1.3043146657877862,0
0.21597890034019296,-1.5841512526072565,1
0.44367517803594975,0.769538204479902,0
-1.6524915938360787,-0.02172359138500904,0
1.1874037507125368,-1.2270459206456914,1
1.6677951917921159,-0.6045097096206902,1
0.062143527506123286,1.1122423674473252,0
1.2343823911102725,-1.021181347677555,1
-0.5254743026416607,0.4990371269950924,1
-1.6744732269173461,0.39054748619618296,0
-1.573636431550144,0.6535463080474067,0
-0.42041815726226106,1.3699561846317203,0
-1.1162956868012215,1.32678344853309,0
1.244989157396918,-1.3419640108848858,1
-0.7759673491247331,-0.33861405814921164,1
-1.557959200311038,0.22009757282460635,0
0.7391164898358179,-1.6602665063491429,1
-0.6593240314469001,1.572097054595658,0
0.36406347033389697,0.750875345080819,0
-1.6413901378531666,-0.2614694497218854,0
0.312253423984756,0.9465162845080223,0
-0.2563377287319169,-0.6809480078021646,1
0.5545182537021365,0.5434480616341844,0
0.41210669754504214,-1.4266559466192366,1
-0.3106285473485806,-0.9503716607011666,1
1.5199709844893996,-0.4132147795868102,1
0.6603105486970766,-1.4453731712564502,1
1.6884562949943083,0.15917699195502213,1
0.8597183269819175,-1.6763401665717719,1
-0.9912932224712391,1.3817214649265888,0
0.5728685314421975,-1.6904200997800862,1
0.33233961333985684,0.9962501258876906,0
1.127068485027859,-1.3332427501828048,1
-0.522508569321576,0.290541180880951,1
1.4308137584715748,-1.2063459319885756,1
-0.2290702046686264,1.481577492190084,0
0.188352318550804,0.9236522130990196,0
-0.28554695552133386,-0.8551081535905205,1
-0.10456245087690072,1.3334683446902942,0
-1.6914258709689522,0.19974460894692064,0
0.6261042317348059,-1.5772314394285454,1
1.1581206280345648,-1.5010797829961668,1
1.5258887839604236,-0.6092045618622307,1
-1.3532866147911924,1.1060645572976127,0
1.622233125037751,0.3427330140048048,1
-0.685611137637085,1.6265664389621952,0
0.4165232696852666,0.933809024205999,0
-0.4538495223896604,-0.6071232404069066,1
-0.56773669733252,0.27888412394186607,1
-0.5182448427646986,1.7240663413533421,0
1.753483749261766,-0.06542507288247226,1
-0.6810187806891285,1.412572779891344,0
-0.1743417644534096,1.355472047833507,0
1.4542042687660834,-0.9803414681096099,1
-0.5244448173404773,0.2692685513025542,1
-0.5219587114300618,0.02312976851623265,1
-1.4404995391061912,0.7925946685437921,0
-1.4348058818926719,0.8349818770094789,0
0.6527245582326915,-1.4402828547204165,1
1.6637374044672597,-0.4501801879538248,1
-0.6448962491121365,0.22454321937696228,1
-1.088650535658488,1.1605144595634782,0
-0.6614767425593444,0.08318099866179836,1
-0.2192698710523198,-1.0399665571313825,1
-1.7786877245827142,0.2710591007230684,0
-0.4142353053357637,-0.5118892374425824,1
-0.5268590768086328,-0.18037507271813974,1
-1.7347865549944796,-0.5752333113949861,0
-1.3092666618620623,0.5957277103154888,0
1.6606074483166624,-0.6273421888400948,1
-0.630036862317515,1.5701408640593295,0
-0.3254847998118565,-0.824876686911059,1
-0.06910395572130291,1.229938808641,0
0.9692934711372427,-1.4759163037704277,1
-1.270383175405418,1.2866142697646614,0
-0.8141385919602397,1.4915300770580604,0
-0.35816870597437583,1.4535798373123594,0
1.6022789028791458,-0.44518952246501986,1
-0.5961402872818538,1.3580839355493466,0
1.5350306699633947,-0.6977880717903148,1
0.7008948051050183,-1.545357049775244,1
1.2952708978582528,-1.2027923019288762,1
-0.25012412912244564,1.5349550631432418,0
-0.48391424753199225,1.6019292943310295,0
0.020309077667799116,-1.1427909750158813,1
0.4422341720336298,0.6029331740096011,0
0.48438768723705133,-1.3141674528802252,1
0.13178355738363662,-1.0161720850426763,1
0.5306777923642885,-0.14573862724464182,0
-0.2655114606209335,-1.0781155665222901,1
0.94322387651798,-1.2663652848399414,1
-0.45162141250933147,1.4845517876258842,0
-0.6386851543758826,1.6144638242007556,0
-0.08577140206522156,1.31538303132844,0
-1.7373747777585393,-0.061910642295080996,0
0.198153192240579,1.0989435163046843,0
1.7264816323556278,-0.07384082554241903,1
0.30553354066157656,0.2679931973384068,0
-0.18887247878700336,-0.8827259880582344,1
-0.3467973410412873,-0.4610118541276499,1
0.012523296590829255,-1.436800957295514,1
0.021751078395929435,1.3069936207482522,0
1.3854736057232537,-1.1659715531615198,1
-0.4409714938804891,1.6175178628599383,0
1.1697067057466302,-1.343144980018486,1
-1.5344940536885738,0.48325574859651327,0
0.05612229814088316,-1.3934085469418687,1
-1.3065863308171597,1.2123169176748678,0
-1.7666354774992732,0.47463606561954685,0
0.0733079195515568,-1.3268413401448462,1
-0.40872582227725324,-0.44880839699456543,1
0.6388298489925331,-0.569406475570582,0
0.3523722805609105,-1.527545193954575,1
-1.5621282100788958,0.7840928188411821,0
-0.15832493453780372,1.266468860873438,0
0.500148204113456,0.2854050464021611,0
0.6668161079852406,-1.698166232658544,1
1.064779641862013,-1.1787050933603704,1
-0.35748779981093404,1.66392345304553,0
0.14301901360774388,-1.2894039748726454,1
0.6498250204903171,-1.319534278524821,1
-0.546160709975254,-0.033531782304110934,1
0.8845426120303995,-1.4935781033926965,1
0.4921733284589017,-1.5945015512484166,1
-0.11822285605769889,1.191091814363871,0
-0.07359866221357646,-1.1069221356745225,1
-0.430889419702393,-0.5983298730925622,1
-0.3656919853457827,-0.5535555740805927,1
1.5955441705047193,-0.22767481241226806,1
1.5536103884437757,0.8227468134151142,1
-0.12331591669165139,-1.1190390352780022,1
-1.3019347068682332,1.2418703590078262,0
0.5887179791596573,-1.5950663740519064,1
0.868405048276456,-1.493919221437877,1
-0.32209419874609424,1.3469154796987801,0
-0.5600497670364838,0.4610912053394599,1
-0.1831269651111254,1.476224408097704,0
-0.5042318455912483,-0.32325694457101783,1
-1.6786174912117269,-0.007902857445825081,0
1.57510385495461,-0.05303961320635415,1
0.8860022998367698,-1.149828975239125,1
1.1117807328834444,-1.1678171674973576,1
1.1486889948697088,-1.3451278769932948,1
-0.5122166921061769,1.709541216941861,0
-1.5759805634029638,0.36850694581811777,0
-0.28117392108632094,-1.1892551396062752,1
0.5525829967968158,0.42739986295232074,0
-0.11102007772882684,1.4697372174200747,0
-0.4627332563572563,0.25752586360316293,1
-0.763730944153565,1.3331077266424172,0
0.21987205016820763,0.5267452573667407,0
1.1382246358806718,-0.9517051470505189,1
-0.6670740032262554,0.0025410328609110928,1
0.9033311419933266,-1.4407659017400587,1
-1.04054103664364,1.225138257247386,0
0.46833074219138554,-1.2589164295434159,1
-1.850787424220189,-0.004126412017950809,0
1.7279383852323174,0.5996517231327406,1
0.385903312317004,-1.4885249483318232,1
-0.8545212755446816,1.2658149199455588,0
-1.080307165513532,0.9300472005624806,0
0.6726721004750491,0.38181038716026006,0
0.44133880732449465,-1.395416606020984,1
0.2673646320352617,0.8854113308474222,0
-1.6869549429227164,0.15955801076023765,0
-0.49228353412191683,-0.3792786616170958,1
0.62876486126247,-1.6304219206903492,1
0.5914473925303746,0.06517633162244793,0
0.12191700183653051,0.9095902558702801,0
-0.24495184403121367,-0.5345637965928698,1
-1.0696372867314965,1.1260839099353708,0
-0.9588794480532769,1.3759014835354282,0
0.2057741626592994,0.9156295824857997,0
0.630705639806596,-1.4657765830786542,1
1.364462389414292,-1.1073136914772221,1
-0.017507008748550316,1.342671860251237,0
-1.655254475511444,0.37528631583995953,0
-0.33406954267951755,1.4972817930550313,0
1.8065155098981818,0.24383977998728487,1
-1.547945677018793,0.6785396910369104,0
-0.84473485145385,1.2507453691258759,0
1.271319153492503,-1.2463028329276906,1
-0.590278627436846,0.43134335984961125,1
-0.4424906298300443,-0.28522250941473737,1
-0.062322795988584014,-1.1629013643893944,1
-1.5414366783107245,-0.13617832037678923,0
-1.6926091756617112,-0.35738082027711077,0
0.8414106525555632,-1.6718558514090407,1
-1.4067099443278697,0.6951273854079878,0
-1.7481247280412795,-0.3410491167260895,0
-0.07508240160299497,-0.7893290398245482,1
-0.6780366225518502,0.18596538364779291,1
0.3231491825167825,-1.6336379510941996,1
-0.48424041971188514,1.505291270326651,0
0.5849043809710396,-0.20022053002397217,0
0.44594815666110155,-0.45382233590413357,0
-0.15318253630350626,1.5732002670220993,0
-1.264964604647253,0.9944792703006233,0
0.16514873103331654,0.8936290293501555,0
1.483942617371304,-0.5919397812803013,1
0.3158219712846159,-1.496716331488754,1
0.51437062075456,-0.4632615612927737,0
0.12748402252056198,-1.2805273540441868,1
-0.4897740358766884,0.4987275747320346,1
1.3525673127802311,-0.7334785984217169,1
-0.6212161750119412,-0.23003602036620033,1
0.2960883488823794,-1.1424976625349088,1
-0.10415200455813171,-0.8975641606904016,1
1.4897778880032024,-0.8237611088772506,1
-1.4328084489550987,1.0618773806588675,0
1.6425772901767322,0.2847599671362628,1
-1.1944686290064075,0.9793829803865873,0
1.8142253470295324,0.00873338218164747,1
0.37827185070951036,0.30824682686772037,0
-0.1304790763973137,-0.9614866035156585,1
-1.545144284860409,0.7237767334697007,0
1.2271731840873634,-1.0394675698830265,1
-0.007649134228248488,-1.2161543234326995,1
1.7115247096090254,-0.015098910110720423,1
0.1657143372412878,-1.5472493904803117,1
1.022144924969077,-1.3340977072890077,1
-0.13954084670301511,1.4647310346967755,0
1.6548125387632062,0.20576300668991443,1
-0.32074629472962307,-0.3851565600597722,1
0.394790905564963,-1.451879577794555,1
0.742857881647528,-1.4873175601336408,1
0.47648226687226164,0.24700106295194546,0
0.4701043708702573,0.3556282097795089,0
0.13427992789856072,-1.229854566610425,1
-0.09944131571956137,1.2629340868764563,0
0.4777682680448691,-0.4228800229595346,0
-1.6313388642781816,0.7448294343478086,0
1.7085238023563534,0.16193362406241205,1
-0.5877954904308875,1.53639591962592,0
-1.003411627631598,1.138526103118312,0
-0.26163275011084997,-0.8867857958044383,1
1.2827029786209174,-0.7107239159657011,1
-0.4629856650858788,-0.5946492794729058,1
1.7268557765311565,0.0016971757572740204,1
-0.4868307555357425,-0.793834424472072,1
0.9971672946996192,-1.1051047458891468,1
-1.6172721938903813,0.12936370025809107,0
-1.6775296171512908,-0.6798459035202943,0
1.546471564507148,-0.2549072967446365,1
-1.7591393270988989,-0.16253194613888752,0
-0.361304335547126,-0.8187993121017124,1
-0.44315218307772647,1.3899125984109302,0
0.9922352769206118,-1.4710169569711047,1
-0.20176836025211736,1.299261029757963,0
-1.2994428570172865,1.3372406861156934,0
0.6156084707998432,-0.15676896570871962,0
0.4910424841500071,-0.4657511244498436,0
-0.652251992221695,1.6440557839533214,0
1.50042000773495,-0.7465978915287701,1
-1.2949711583679597,0.862838107372609,0
-0.27852930345858784,-0.5789072268285526,1
-0.08273473933388158,1.290119062051755,0
1.4930855646451544,-0.628026380737653,1
0.6334009137942208,-0.3280935015299115,0
1.7047566701460735,-0.09150828514059554,1
-1.0165870173648068,1.400716836592877,0
-0.03600053443109937,-1.0503760787577772,1
-0.1938233081443882,-1.1276161471081363,1
-0.46645428410060574,0.08938377288522989,1
-1.5855252500550938,0.829694876779437,0
-0.3551778991876112,-1.145319056702921,1
-1.6339632258729528,0.19103834403067596,0
1.4781945698729693,-1.0748888525132432,1
-1.2683907551152676,1.1893867835530705,0
-0.3201133086306942,1.586108333649897,0
-0.4081625798373299,1.6773565995743418,0
0.5878930229949882,-0.12461627236140316,0
-0.8426594910304356,1.4956161076985715,0
-1.813141793616948,-0.3329257810480497,0
0.5479377128428883,0.23254956219922562,0
-0.7023502271285813,1.5118406585953685,0
0.42164858945570644,0.49631154087938517,0
-0.07176582851431916,-1.0431877531043385,1
0.4492377165191903,-0.11494841098241596,0
-1.5738977231889093,0.45232725886879027,0
-0.10576138551627964,1.2441929182292526,0
0.3782301311248138,0.5830215953910962,0
0.6179304198616672,-1.3715557677222576,1
1.508203079208342,-0.5930049437088829,1
1.5185140178035983,-0.4033782226852302,1
0.517222594689843,0.11076038201284107,0
0.9102010320979302,-1.269510200783119,1
-0.29909958971995587,-0.8818444416825366,1
-0.2531148814045486,-0.3816508251913523,1
-1.6332519788717896,0.022651808462805286,0
1.4421704286162251,-0.6099650832042105,1
1.413901094079543,-0.9763396222294327,1
-1.7340387777405422,-0.1896518561226134,0
-1.8378852689337934,-0.37579397856464614,0
-1.2237415910499099,1.116273675976342,0
1.180491683177076,-1.2048275616448547,1
-0.7089011162976203,1.4675623133761455,0
0.6089357772149594,-1.3600784361377525,1
-0.6475073616103161,1.5384919241078132,0
0.0861971635949737,-1.3662733663248894,1
1.7997564731965694,0.09758962770730617,1
-1.5708262523145098,0.33432133160910155,0
0.11664924363040405,-1.3226168387279127,1
-0.34729024005823544,-0.6216296246612575,1
0.5709473835530668,-1.5157229851441514,1
0.584457747793286,0.2032441308432981,0
-0.3431185383383079,-0.9042436179018375,1
0.4841702486367299,0.5339769106125061,0
0.5065919894591023,-1.3027963900443638,1
-0.7202458496144301,0.3262569998939072,1
-0.7335027376759741,1.5234724318413706,0
0.7967113156283561,-1.3480046563948,1
-0.5055069586059708,1.5653418964999815,0
-1.2711613381142082,1.1179954303112358,0
1.6781190464241613,-0.4916315956023589,1
-0.8217183416890022,1.3522023447762257,0
-1.2397590858014547,0.9113470170554282,0
-0.42010443331507785,-0.09093102191676786,1
-1.6791725719689066,0.09459031759097702,0
-1.4714567774489533,0.9039976807995087,0
1.4374649574932281,-0.7018307385447031,1
0.05444296506832107,1.0239003384158853,0
1.4787420916915965,-0.8674854691918968,1
-1.260610085648357,1.0905458618026487,0
0.253129147196962,0.800639120436907,0
-0.8525445858217732,1.2673507918490372,0
-0.12068958338635766,1.3278302885012752,0
-0.3788238102921296,-0.6905939156894022,1
-0.38148123044740023,0.15865812698498385,1
-1.7102098639533663,-0.5330824679830959,0
-1.3721411471701648,0.8960711168113452,0
-0.2872861182758042,-0.36663079581365454,1
-0.39264738070896993,1.5842015368554299,0
-1.50150670955361,0.8670163088686217,0
-0.4453090491400199,-0.09716152999222444,1
-0.7327050886342609,1.5615644042245616,0
-0.7233857350333028,-0.08399329461446367,1
-1.7194542270241777,-0.12388229461799664,0
-1.4888030067637774,0.8347938170568062,0
0.12461089577369824,0.9533362905220575,0
0.3069099263827897,0.9034611686331736,0
1.8494616778154283,-0.05472569299361767,1
-0.4278916255763911,-0.5184913823799615,1
-1.6236045023742403,-0.3530247503619805,0
0.5722671169266152,0.04618470182964713,0
-0.2558282322388284,-0.9956707918543624,1
0.2792311410889172,-1.6431161525806244,1
-0.2295304507582279,-0.888291971572954,1
0.40987531719825476,-0.17135792189046165,0
-1.5851991684132254,0.07453704032202758,0
0.1421014299270461,1.08583608909754,0
-0.281767232346548,1.6312852222820213,0
-0.7071959011525041,1.4998153102307445,0
-1.3584627518211487,0.8839006347840521,0
-1.0807559396924686,1.426584055669742,0
-0.7069901164120318,1.585224965614629,0
-0.4569571559826647,1.3484941546851779,0
0.9020548165722849,-1.5169694202626176,1
0.4585205861993256,0.4956604754188864,0
-1.5350701224507017,0.6568363109168212,0
1.3576423909682864,-1.0417262137695884,1
0.5832060439835902,-1.6290667920733304,1
-0.2381605556250028,-0.7335933044538585,1
0.7987973850923065,-1.4511800486967796,1
-0.5618724925807156,0.2087264849899869,1
-0.1333163284419119,-1.3859064902325906,1
-0.1850895039193416,-0.9561493351951577,1
-0.39611326812171044,-0.376160788363224,1
0.5006375832189593,0.08695398706492898,0
0.03809606025688832,-1.3276575222021774,1
-0.3538794532683422,-0.7846075645410124,1
-1.8119625761810447,0.1753512246835843,0
1.5241557026715304,-0.5943323231059996,1
1.5014101132926074,-0.5545013929432673,1
-0.6220662444388161,1.4322883806308253,0
-0.2504198610055729,1.3885210559802947,0
1.0040996781638034,-1.0355006348859337,1
1.2445790344541936,-1.0755036644557117,1
-0.6174319482204098,1.7589635950453915,0
-1.6510677067168587,0.1047192474686,0
-0.21499657746059073,1.3326679318946077,0
-1.1227787096123518,1.578712797540622,0
-0.049391876852747686,1.2494096260614862,0
-0.006377665517592823,-1.2712875079531616,1
-1.399156068174839,0.6648528118358625,0
-0.43226522465468686,-0.6166954766138942,1
-0.6563426881186074,1.592485254648172,0
1.5439277601312387,-0.47093295004702035,1
1.6312997594803453,-0.6988350130322483,1
-0.2572959190869918,-1.0512397475051314,1
0.6457897909208381,-1.424249449452621,1
1.6910067676062785,-0.13152595137842824,1
-0.27704051943759306,1.3351598617721796,0
-0.18937252165612276,-0.8587774485659829,1
-1.798789017263666,-0.4476636100797035,0
0.5802899464153137,0.30212654950828816,0
0.5440347107379598,0.37099882584464194,0
-1.8223486961292463,0.08982258376760073,0
0.5875086835445109,0.03863947931262212,0
0.4407392275749286,-1.3874032358251565,1
-1.6524652925084848,-0.30579217557622596,0
-1.477280079272015,0.9462707479103021,0
-1.2873589943512598,1.0440069053220868,0
-0.2636241414416278,1.4033641780370425,0
-0.04268410468793927,1.3299079634119046,0
-1.7533746642574273,-0.28863133910039535,0
0.15103795717066199,-1.2372114285485416,1
-1.733885292517358,-0.5157529594799434,0
-1.0185902879544686,1.4199242065999,0
0.07688581955913469,-1.2572746957378311,1
0.5250543409984488,0.2903862630889684,0
0.48718590155439323,0.35048897219079295,0
-1.5703473138257449,0.33336096661526504,0
0.3753924633996268,0.3018367520975744,0
-1.4143245101235673,0.8240469863294462,0
1.807688967108118,-0.10554618198232149,1
-0.6343489822608512,0.44105638555161536,1
1.7424392478716297,0.3999739323258175,1
1.6346796844408327,-0.6620378040444298,1
-0.3171987804068915,-1.0843243847427209,1
-1.3395897693724905,1.1992009877125345,0
-1.6964384056180346,-0.34488143169260327,0
1.4636955583758837,-0.5380083745375064,1
1.4797769644537722,-0.9433866096049328,1
-0.9187216579828783,1.3808672272402678,0
-0.03284511914464178,0.9346344774171926,0
-1.3835772045245616,0.9831639059772551,0
-1.8410786789983724,-0.20891619132974776,0
0.5668461489480554,-0.2746840371872116,0
-0.6328605963964653,1.5246381414933179,0
-0.48451158671720523,-0.23810126223328326,1
-1.0749665026325723,1.056851962364814,0
1.691183969145775,0.5361048567262992,1
1.3194709208637667,-0.8519463854285012,1
1.530353107937097,-0.7142582508809098,1
0.2532874377573802,0.5599873148659105,0
-1.5761487300613015,-0.03312686204410928,0
-0.5141542748056788,0.5457049358131574,1
0.41792573543861344,0.25927202481850936,0
-0.43955641700051784,1.590609330736006,0
1.333887842389733,-0.8509028947824249,1
-0.34576745849521257,1.0849819589214686,0
-0.11295660861647139,1.5038617949403756,0
0.27951533347936086,0.8757118603941229,0
1.6066155721137554,-0.45566014873049715,1
-1.0222902065980264,1.4205355088830451,0
0.32757733364547187,0.7709456744010132,0
0.029369264519143762,-1.2022076792468925,1
-0.20652300345447736,1.367284585297666,0
1.7476753314099396,0.0011412598494824429,1
0.6015315001604785,-0.4955825907255656,0
-1.456766211790071,0.9352178427771253,0
0.2649222449697102,-1.5259380629173047,1
-1.2212320284314115,1.4009589847867205,0
1.0466644772684333,-1.5077688806431373,1
-1.3946688710697956,0.964562910414413,0
1.7522146105434753,-0.016376848112837503,1
0.3223453188669805,0.7857023151928912,0
-1.5659011516380446,0.4221029571593163,0
1.5336813462344907,-0.4222137223114563,1
-1.6366239526275401,0.28556358552410754,0
0.13660209214207247,1.1984592513416057,0
1.7498169362867404,0.45382074065678607,1
1.2451478504799558,-1.0065790176826326,1
-1.5984223239252864,-0.3807236824187902,0
1.794555962681735,0.4842109871174483,1
0.7439560212058581,-0.5823162780148161,0
-1.6120790577876107,0.019378200670530112,0
0.1529368398288693,-1.302976945884604,1
-0.991362775839709,1.422240393039889,0
-0.7702796132011529,1.1468773275292854,0
-0.37199531273622954,-0.5171740268402226,1
0.2794500376300489,-1.2820246612337451,1
-0.14062637377340984,1.4762950766494112,0
0.509852552839888,-1.5270790384716926,1
0.1477851079051711,-1.693097743542633,1
1.70378148791145,0.08754324449819349,1
0.6389515025414993,-1.6774156366850357,1
-1.7074263074609877,0.16631634358362493,0
0.055818287770854486,-1.2995519692245885,1
-0.22502655970433752,-0.8503789058794003,1
1.344724273597824,-0.6607939582107157,1
1.6995474887438613,-0.1323807781843191,1
-1.4069285993256961,0.9603176189059697,0
-1.7199199723584409,0.2393230955464822,0
0.9363753955088342,-1.7106156853973078,1
-0.15363804622350105,1.5203534297200543,0
1.3150356414059143,-1.0744423485138668,1
-0.17480711577474,1.0396655768488503,0
0.5451844141370752,0.28338499121374955,0
0.30868219181958123,1.1226138021350727,0
-1.6458848697781299,-0.49156938508294623,0
-0.3849556503487808,-0.6506264778824976,1
-1.7762925136923433,-0.346094437086023,0
0.24041968819588874,0.4798340365735812,0
-0.16442879338863847,-1.171275038750781,1
-1.0691328550387558,1.1231484369492353,0
1.0260015119387358,-1.3953752423613075,1
-1.4912752341060347,0.5949129955145716,0
0.5288952335201342,-1.7321735666719897,1
-1.564724782315877,0.5668159578745438,0
-0.32908081718744797,-0.5709718992778536,1
-0.8511231825551414,1.3419361936074923,0
-1.212347770901611,1.2147405797236017,0
0.7907778935833428,-0.5678304617522191,0
-1.0884563141168115,1.511369364861999,0
1.7244047344746762,0.004157332355764897,1
-1.4487025574462316,0.8351906949629264,0
0.035431207696785726,-1.2080417065929037,1
-0.29830722267686177,-1.09333717756789,1
0.11779613212448861,1.2776185107959657,0
-1.3453758649629062,0.9835438482198297,0
0.19124990782840506,0.6272439145449088,0
0.6108720007893036,-1.3133711668273773,1
-1.5191233619128643,0.321002683683246,0
0.3706472381455525,0.6218781335599947,0
1.680668857455781,-0.06377393645732607,1
0.018339063953554304,1.0726401514853985,0
1.2866393940798804,-1.1003334805517737,1
1.0343531245197546,-1.0658021332677,1
-0.29587987262903354,1.3436746503390529,0
0.5903932509035908,0.04506118486754602,0
0.18408030122182686,0.9530442410374839,0
-0.4236986181474422,1.4436632637493703,0
1.6498931484818922,-0.34789471192364185,1
-0.7313427253556246,1.4223922597005711,0
1.2407640615769648,-1.064449989203099,1
-1.654870511131214,0.45519264875261567,0
-0.6516124637024775,-0.21679076424076454,1
0.6792469802038141,-1.4620213223056446,1
-1.535069093838989,0.669363962672748,0
-0.926743697915252,1.2588971464942817,0
0.9934145311483236,-1.6799346176693244,1
0.19105425260118683,0.8565904754713658,0
0.6895795068841447,-0.1705053613853812,0
-1.631470733100859,0.519864815486764,0
-0.049655536788741926,1.0806402525352248,0
1.4798691358348133,-0.5859965962828269,1
0.15815667602491787,1.1257705505648126,0
1.501111754487859,-1.1053398408478632,1
0.1206090712302026,0.926847415656225,0
-1.6353776487570368,0.6562545560582057,0
1.0026816281084603,-1.2490037629143946,1
-0.25775179294370837,-0.35170716495210386,1
-1.577614634454874,0.39873315122408254,0
0.48996446294654183,0.17085378466555676,0
0.9234959107963315,-1.2934476251339253,1
-1.697297557317126,-0.1245649066258085,0
-0.2150482807435402,1.4306709343736745,0
-0.12838787455030112,1.432825803680275,0
0.8427681968422426,-1.609065090460357,1
0.3100896712358779,0.83718881237937,0
1.713832681580105,0.19223518459548092,1
-0.4247503737196135,-0.8957858924349161,1
0.869012955982728,-1.560475696563677,1
0.09545250370605064,0.8171263486079403,0
0.7673743282892083,-0.1089675751153786,0
0.49215836649383776,0.5307221996817908,0
0.30246937880027125,-1.221121215761613,1
-1.6120957483579261,-0.2032337050331479,0
-0.5443263341094585,0.12500302205209782,1
1.340648138781795,-1.2040580025950607,1
1.8628470310346805,0.11439031131846009,1
-1.438399756263001,0.803004588558987,0
-1.4933756944847134,0.6691473345793743,0
0.6584992349891188,-0.3221727436328047,0
-0.5882099020750882,-0.21317886702476063,1
-0.5186028716767698,-0.18350561814757757,1
-0.18536617049692122,-0.8315258270429308,1
1.1501651591748128,-1.3504744260753565,1
-0.9090836143349992,1.5539413064492615,0
0.2642439127843692,-1.3401959454383123,1
1.337416531509244,-0.8650670067434202,1
-1.1255687987685696,1.3157367061182554,0
-1.5364439435861712,0.6551366261529072,0
-0.37551205786644387,1.3968251250941774,0
-0.18301809301690575,-1.0086645026633991,1
1.0429579879905004,-1.2460519450856156,1
-1.3992072797110218,0.9281518888837792,0
-1.007130727397514,1.2623848131277904,0
-0.2871974765734774,-0.8372333569570735,1
0.10713197171918076,1.0021411788416823,0
0.49019077607859374,-0.41757703913620947,0
0.9346188967972083,-1.5275842740939396,1
0.06525782671765562,-1.2066038332376348,1
-1.7430651963221402,-0.368400683384917,0
0.3934147639764937,0.11338367876244539,0
-0.40133284180078893,1.4910298956809256,0
1.505499285744661,-0.0863191353557834,1
-0.5122032075668229,1.542972034729667,0
0.2293664605819527,-1.268778137248935,1
-0.8005893965399815,1.1990266602322048,0
0.44213300221452806,-1.472042639264182,1
1.1355119062610113,-1.0423509490044924,1
0.4012409312270988,-1.3798786936382994,1
-0.33369339760605016,-0.4850094110635893,1
0.045314754528505016,-1.343124194468543,1
-1.7378856378364018,0.16645860709510132,0
0.3049478728454287,-1.4960073862703973,1
0.5994556887697023,-1.6368407478485216,1
-1.4631922178449288,0.8714551954252234,0
-1.0367178013532838,1.1267755022014918,0
-0.5540168685253066,-0.10695563418548357,1
0.6227937233601643,-1.6093051790150747,1
1.0151538949720804,-1.458469311863266,1
-0.9330141091423252,1.2599337845913652,0
-1.2243996486224675,1.301927356627389,0
0.47193695493469606,0.3666983948367353,0
1.6237368626608637,-0.01569791912952405,1
0.47723600954940826,-1.651635089816492,1
-1.5276317143952685,0.38215856306737594,0
0.8388653349983852,-1.4466637824696784,1
-0.6534977006858804,0.4850075943219465,1
0.3926670929336431,0.5908447268049721,0
-1.2715829002048096,1.1588676468945145,0
-0.5399068799424326,0.476433194737564,1
-0.8001246865898517,0.46478164576247966,1
0.3368246396474681,0.3747087769530653,0
1.570028199976812,-0.22535841413609056,1
-1.4643020134799885,0.4701601294113382,0
0.39650200980735484,-1.4192696226927064,1
0.704808937802916,-1.188551905696511,1
1.120725322510852,-1.1902613881057764,1
0.6516518024790772,-0.1585346943407533,0
-1.1889942983584303,1.1981150114664822,0
-0.11565596679158079,-0.8328941060180608,1
-1.6040847893111843,-0.23264041720313486,0
0.6721987444373988,-0.16780200332555217,0
0.17799175288215674,1.022094644171759,0
-1.3020549355198519,0.9467189813340756,0
-1.8527617454714524,-0.24117174812699146,0
-0.5005355744979239,1.320141495274687,0
0.02254183889065307,-1.642878276503297,1
-1.2172316097354408,0.7438598826643466,0
-0.4533688622709753,-0.40646118543211385,1
-1.6302530698836164,0.06586215299364258,0
1.7935781000507762,-0.25418816945111283,1
-0.40262616093142234,-0.357144124594128,1
-0.4401681344073913,-0.18163232016326336,1
1.3883118854999834,-0.8526346975500823,1
1.7942465262740026,0.15853784677228244,1
1.1370296168749783,-1.0020310801753303,1
1.3994437900581922,-1.2143620098564454,1
-0.26501257821925855,1.5541098063600827,0
-0.9679989499795789,1.342303932951871,0
0.5401548915648897,-0.36698800253404434,0
0.5248243802486617,-1.6156307328707278,1
-0.5855000037364141,1.4769525784529305,0
-0.6278013873464173,0.42503617855882997,1
1.446423910814116,-0.8800121484750006,1
-0.06478563490636105,-1.2728646917193225,1
-0.17195772041506477,1.2609725603909958,0
0.1328420156093103,0.9809988326612349,0
0.4557968945486536,0.6955524083876317,0
-1.600014798822843,0.24728986699560832,0
0.4635480180819042,-0.04652208487311284,0
-1.0020462403749724,1.5403875774725357,0
-0.2531832652482833,-0.8186920962800817,1
1.5296969770865605,-0.8133261142553839,1
1.6301425273342982,-0.3026161718527832,1
-0.6583359443880993,0.3668372342300564,1
1.202336325457238,-1.099314451550484,1
-0.8144721859124353,1.2348781780205258,0
-1.345914929926051,1.0812301575221843,0
1.0071347903306445,-1.4869163072927534,1
0.08459512108342863,1.057243574605323,0
-0.06137372233808313,1.2451971988820767,0
0.5925033996565959,-1.6760264166892234,1
0.7467034109818754,-1.4375233830822072,1
0.44547540429979854,0.4882216324372621,0
0.6046607704008952,-1.7279692607667951,1
0.445667844650162,0.22363415765039413,0
0.5554850211379444,-1.497003366367239,1
-0.4353662823440237,1.4203029113641397,0
-0.4280724838370472,-0.3839742676734687,1
0.4564761907962551,0.191555335004669,0
-1.3944476933028158,1.146153409235023,0
0.09431174585150907,-1.0497660548466403,1
0.24391529639700724,0.7753122266381671,0
0.4873188013496459,0.4897673846421353,0
1.4057035051527238,-0.9975915379640571,1
-1.6647190079286809,-0.47821917024321625,0
-1.4265911987496365,0.7920321802215639,0
-0.37146206135538556,-0.42792145434718437,1
0.048775084346455416,1.0522161668935255,0
-0.40330423122617376,1.4178359346837819,0
-0.2613259898778436,1.4459375497982392,0
-1.5893987101216838,0.3932042986441021,0
1.5905432451140904,-0.13905458462076364,1
-1.6758726046514751,-0.060205065078477345,0
0.37411898433408336,0.7394576429201024,0
-0.45535308587555734,0.03401907165678297,1
1.6755252591895675,-0.45795670410785083,1
-0.12452011473875338,-1.0923211838145799,1
-1.660543041276575,0.3012695239455594,0
-0.678231096679104,0.1632762243148197,1
-0.05612014314699267,-1.178931403750341,1
1.0602491069767246,-0.9196343094474592,1
0.3365635707657814,-1.0713588447833133,1
0.2690835823117288,0.8676721066156939,0
0.43212953351883315,0.607364446049888,0
-1.365800568050481,0.6760296749264303,0
-0.3058470964151766,-1.3290227143114082,1
1.143852488708231,-1.4582636147003685,1
0.48032844252547685,-0.052374993118844616,0
-0.6020043208802329,0.5353355756467891,1
-0.06743997688329749,-1.0584770813910134,1
1.0922023518048982,-1.4197779625878255,1
-0.5620058747467563,0.05779311433475193,1
0.6739304674615482,-1.3993757032897811,1
0.6281913319059368,-1.4314878590268856,1
0.41456608676474327,0.6992437311716556,0
-0.599464118028843,-0.09631456686163728,1
-0.9265649586764999,1.0170503413793606,0
-0.44267001715522514,1.3374511003361478,0
-0.608050998400841,-0.17204223807809566,1
0.6401146778719149,0.09559175504734954,0
-0.887703090289763,1.6006894580262636,0
-0.2169947894953095,-1.246099398981014,1
0.0949822412818208,1.2959704299620673,0
0.37810536671556866,0.3646160071509135,0
0.692596609754716,-0.6992347674442919,0
-0.615113048735782,0.3368808127640623,1
1.2451437472554077,-1.2278039672972014,1
0.5716882437295367,-0.03867995343604099,0
-0.30854894348160367,1.486747921171482,0
1.4199678913099052,-0.4527404170458376,1
-1.2795901508079817,1.0791510436094205,0
0.9987640406517596,-1.4985160205032542,1
-0.27374105334681803,-1.1121682901516277,1
0.34450931869909335,-1.2851728577889716,1
-0.3788048343840748,-0.4283726452726644,1
-0.5124011068449669,1.6379816752483614,0
-0.854631011987215,1.5563593680166299,0
0.33173704741109583,-1.3968259480034217,1
-0.7583595290099941,1.3317866065069368,0
0.3274543991352511,1.0466427093823,0
0.3920650430701529,0.7286877986056014,0
1.2476807711428897,-0.8279370469776645,1
-1.6745802484186139,-0.3121736824528574,0
-0.4845651489510104,-0.2705603240372403,1
-0.5134757073324618,-0.09302153053457618,1
0.598488269224611,-0.11973075798370639,0
-0.31545452956774844,-0.5425398385889592,1
0.14415460185689147,-1.2254738151786926,1
-0.9098097870811653,1.4679086062223632,0
1.7086269429567311,0.20944968275562525,1
0.19144829989374232,0.822225385451824,0
-1.5578065528647334,0.6155377697932619,0
-0.49836685310998335,0.06732145500823768,1
-1.1972823116381466,1.3498707701973072,0
1.7798429747828044,0.29669723565954714,1
0.8055055689444786,-1.5548740549927405,1
-0.7765016921175514,1.3421498015092506,0
0.6702778885520427,-0.5127580389893432,0
-0.36519227385514275,-0.47392520896069146,1
0.501155949654988,-0.15429800071518246,0
0.07608023324797744,-1.2172507741325689,1
-1.4384547866619317,0.3584470638233308,0
0.11461832405706393,-1.3831782620539808,1
1.514314461022908,-0.774414115256283,1
-1.0748329814655704,1.3589977073130703,0
-0.0012316711258729175,-1.2453487186285301,1
-1.538570103778419,0.07244825103708835,0
-0.22417271758174145,-1.0497923721469076,1
1.4224792059029698,-1.0037332899078384,1
0.4236020331098931,-1.491211448708144,1
0.6744501189388847,-0.18819577415028374,0
0.073232307419238,1.3346994616171612,0
-0.33803079859666124,1.1936214331246628,0
-0.010478765095171049,-1.3796163757230766,1
1.3807014351345592,-0.6525795330335732,1
1.5728439428325607,-0.8752881451708858,1
-0.07123330715053937,-1.0906726009295247,1
1.7134996913009217,0.37281399954366856,1
-1.519236087461294,0.481548547315091,0
0.34136464878555534,1.127141363000488,0
-0.45434085226341353,0.24944226356423246,1
-0.6391284243581223,-0.0068486992529349,1
0.3509533582749795,-1.6602241983800057,1
-0.5147606857658699,1.5432242180604778,0
-0.4290825673343558,0.3438541972155298,1
1.654262717559461,0.7428600889088756,1
-0.4569690547588745,-0.39732493745354625,1
0.3841930949330533,-1.7110327443165054,1
-1.7155809118574983,-0.11495760850889629,0
1.6436078938310772,-0.017733407852635923,1
-0.3701010326513353,-0.8132739174732726,1
-0.01266147980921263,-1.1661788841600018,1
0.4419193820059414,-0.38245957043550804,0
0.4649146291298885,0.672092861862974,0
-0.7066240198365479,1.4824666601079113,0
-0.18110096257394528,1.635573443559901,0
0.900125320177516,-1.588430145425161,1
1.7463118828066873,0.37410912417631376,1
-0.0050897788757314774,1.0640912201898818,0
0.5099660035859328,0.5972683070595861,0
1.842899902304075,0.37170377790139486,1
0.5390922384012578,-1.436390164156019,1
-0.6847020947964226,0.4704167880341804,1
0.21463580970422846,1.2227318038859112,0
-0.5693382961064037,1.7492189571867938,0
-1.5723090338581283,0.4461852657455043,0
-0.8492811190158046,1.551754170951985,0
1.1864831731612098,-0.9774902707844425,1
1.1221242568017196,-1.3564873130268962,1
-0.17153963715025544,-0.7818743195035509,1
1.8596757985434587,-0.10121335967976187,1
-1.5496116626095662,0.19470981277093471,0
-1.128708771622616,1.0790514365463,0
0.5869587407071192,-0.004089988946650954,0
-1.5286959478237427,0.458615295709451,0
0.152269389802763,0.9739740295973811,0
1.4372391252672403,-0.9417920654319268,1
0.1641326804832966,1.0166920898964988,0
0.7120771167214083,-0.47437872783199714,0
-1.6570038675602652,0.32552177320949394,0
0.5829483565788843,-0.1453643253976435,0
0.05690537504983317,1.2153430701301844,0
-1.7326760082514518,0.09788210423284431,0
-1.692306254118486,0.19978778734818017,0
1.037499479012547,-1.573352768288963,1
0.6334114017892306,-1.3879529225602705,1
0.23927006799621564,-1.429723155875009,1
1.0087553167028613,-1.1727901016947129,1
-1.596546731066769,0.48234240200053824,0
1.7019370166456,-0.22483399493161554,1
-0.38787764651726586,1.2002495600580336,0
1.1842194622904076,-1.055984055778985,1
0.021125746697447788,-1.101331245415092,1
0.825750340433881,-1.4375695719599666,1
-0.1666867772911497,1.5809107591963956,0
0.4762056266293873,-0.17609751152308753,0
-0.5468665144057826,1.5753514421462884,0
1.6011466510083638,0.08848899706213975,1
-1.3218183830943007,1.2539329174892706,0
1.6850325432807036,0.22881560153401811,1
-1.0164393831819223,1.3543447268712243,0
-0.1492561128617919,1.1582217509639885,0
0.44002638712910114,-0.0279788157678475,0
-0.5100818451453898,-0.2897931478345781,1
-0.29882447374037324,-1.0080627584280244,1
1.7271033346724625,0.3673092070132815,1
-1.1781877989216885,1.5558787598542334,0
-1.3563912165197969,0.4383785618695455,0
0.5575642639541474,-1.3468674116293688,1
1.7186761393305399,0.13288470389459842,1
-0.3736375193735772,-0.41422921924622924,1
0.6035049537619601,0.14785653949902283,0
1.2245822634439691,-1.304634353913122,1
1.6876840875123311,0.1414480619764939,1
0.06554371464280591,1.0956651468839016,0
1.5490099138943845,-0.6264480916294932,1
1.5983034680586647,-0.34600459116548543,1
1.2280416036874604,-0.7729757051686225,1
-1.5821219099853776,0.3618307183703406,0
0.8318158355076111,-1.3622874203979771,1
0.9358311412093433,-1.2263405981564408,1
1.819220335861662,0.3442786003536256,1
1.560336912647363,-0.5608557753112033,1
-0.16450496218591798,-1.2626308424537245,1
-1.7338336114997335,-0.088257149380681,0
0.22123643432605497,0.952856417311046,0
-0.4803573351941612,-0.16969247390837552,1
1.7088538554362755,0.3853217560282179,1
0.1632487700512739,1.140920026301357,0
0.15590418206136017,-1.3296231154540168,1
-0.3875606421495343,-0.6249982161119985,1
1.1786396005120439,-1.2804310481217593,1
0.4166438773170958,-1.3004526181768183,1
0.46178906692526983,-1.5999116072658168,1
0.5559370533083852,-1.705394424011524,1
1.708725428860304,0.4071821131606322,1
0.3711726540827938,0.8973404933800784,0
1.1386556194918565,-1.1997701844077884,1
1.1466934396811885,-0.9237677514911452,1
-1.5737979076081734,0.6262340451208289,0
0.4986314167936619,0.6628973789716653,0
-0.08058936182709314,1.448985701453068,0
0.9813616116670859,-1.2970551242952189,1
0.37293007554002094,-1.224495456472615,1
0.35409358358326964,0.6076177649434698,0
-1.2437529402491831,1.0979397339055235,0
-1.217547207430552,1.1575982962026388,0
-0.5201094834993945,0.45508979129362204,1
-1.655248757443859,-0.3190848092505552,0
1.5817779650260848,-0.6771691379706014,1
0.6853225019759516,-1.6642568930547506,1
-0.5712091324980176,-0.10471747919541646,1
0.3083902824624058,0.5322904911930398,0
0.47051382345916093,-0.045132036287298206,0
0.3022438146769575,0.9076885484886736,0
-1.2761478734446905,1.2243164288583825,0
1.7397078130705703,0.3213596221324364,1
0.05565034060995544,1.2177325322943044,0
1.746758424916209,-0.08299734515946962,1
-0.4455161656304884,-0.2513950790366136,1
1.5681493686612364,-0.5357315148489384,1
-0.28894752626795245,1.5394365541873902,0
0.5088113968387902,-0.5010152765052805,0
0.1174365559565854,1.0862034840258032,0
0.4324669866286606,-0.03578631641801374,0
-1.3123039809031554,0.9753286612163171,0
-0.4746002820497157,0.08053519600228519,1
-0.37175832493885824,1.650888353863324,0
-0.6307657223891034,1.4989578547572942,0
0.5277090292672051,-1.4342195853123896,1
1.3388582648574623,-0.9153428158033013,1
0.35900169522975717,-1.3294415290092765,1
-1.6546712780204273,-0.24679617942472454,0
-0.6020745613316417,0.35349296189976487,1
1.6194622758382504,-0.04912543266465324,1
1.394824969001275,-1.1654022674430777,1
1.7076365990363196,-0.012260860758172312,1
-0.3561556763284166,1.3990938430244668,0
-0.47349047999289157,0.3152558268644218,1
-0.7032999983900392,1.5984977844117678,0
0.998372705755553,-1.1891866150111698,1
-1.114250144061144,1.245803814812308,0
0.3242629861563787,1.2062690011714912,0
0.9246413090276092,-1.40027673001725,1
-1.344176211174377,0.987992127139714,0
1.0298723863045152,-1.4971904580685051,1
0.9753280790725131,-1.3736406842754103,1
-0.05109157333958704,-1.0871632680880903,1
-0.5641311453735128,0.16510965969104405,1
1.6039566218504693,0.41910262538932835,1
1.7627224175355325,-0.009692039662325,1
-1.6276276708946766,0.2354129656544964,0
-0.5540900178000336,0.004820929497034314,1
0.8836840458089019,-1.304319918127299,1
0.7913881917466294,-1.503807013860919,1
-1.5316876338962075,0.4251288265570779,0
0.1944663654584137,-1.175826281062387,1
-0.4922929139736951,-0.46885757967761527,1
1.5397642707860808,-0.8126854492772198,1
0.15390404457039383,0.9523189051787192,0
0.22305693604861307,1.1480784920560063,0
1.7904634373834147,0.30856599079198377,1
0.9872456052141938,-1.209643965078006,1
-0.7760854290009894,1.5219732212376218,0
-1.2394666640715608,1.6557971633356445,0
0.6756882976264817,-1.5202472626304206,1
0.7662776357584591,-1.3464342690548865,1
1.648206692895939,-0.1576057722456458,1
-0.6579538864911881,0.049436035464452695,1
-1.5059219115507816,0.7934915757125461,0
0.14602307622839183,1.1999336945678296,0
-0.5450192955733775,0.5326424269508979,1
0.3019057161164726,0.8213426725879694,0
-0.2444407240730734,-0.8949649009589964,1
0.9795366122324406,-1.1829620262261216,1
0.03845760398183815,1.2358808450968453,0
0.5721281826919284,-1.5130255589972357,1
-0.46415580580099625,1.4289066169320077,0
-0.5059992291755367,1.5508215242878292,0
1.4810565274488374,-0.6246150663764827,1
-1.203315706035541,1.1369750649998678,0
0.20933707393447074,0.6670304013784693,0
-0.14762359082432439,1.1866799153958236,0
0.14521205354628836,-1.241973553579946,1
-0.3363121221993568,1.3230885660488758,0
1.6367030693658358,-0.1985851346786396,1
-0.95503250629152,1.154570782048183,0
0.27361124098128625,-1.4000670148825531,1
-0.03137434031873953,1.2788363581506623,0
-0.7004349989447577,0.05492463837929529,1
0.6841766932469328,-0.4493605293014447,0
0.4020562503643417,0.4639592815695818,0
-0.5180428035411789,-0.48025611610155483,1
0.767258675680244,-1.321006588106546,1
1.4321442210648487,-0.689518093843613,1
-1.5003233256635273,0.9251793946329212,0
-0.6059136427298548,-0.4734048775613776,1
1.7671623315859382,0.7036410292686178,1
-0.587167293377087,1.5960033609356932,0
-0.5698019159336507,0.11758795068343805,1
-0.2917676318054115,-0.562747231992691,1
0.906488739830338,-1.430419802044701,1
-0.4243604697491039,0.21060119453372722,1
-0.8238080330398507,-0.03741462769916593,1
1.67727872398826,0.3562945168756301,1
1.5678995947016838,-0.28837545023822386,1
-0.06504914095848906,-1.4856421771509845,1
-0.5803887116905402,0.0834532769900937,1
1.235438026619157,-1.340551280864254,1
-1.7200932291514783,0.3268967696273095,0
-0.5697712413035404,-0.23028061999498037,1
-1.88182969713977,-0.14693566958065352,0
-1.7049713409959255,0.3266789469519331,0
1.3240751637535368,-0.8001463773893013,1
-1.7394399340217928,0.011465003093810494,0
-0.20829344745996595,-0.9628784069084708,1
1.6287666831926886,-0.43539967304503296,1
-1.5129188122453547,0.7021204643174793,0
0.4077870346750705,0.3201115220438186,0
1.2110558242011245,-0.9477764433337351,1
-1.6911981788935784,-0.24141311896488565,0
-0.23644716591262604,-0.7907624937756724,1
0.39884820040695673,-1.6044290925971836,1
0.469502101170924,-1.5968044831995472,1
1.3091653256531355,-0.9209780384453838,1
-0.008129233920647181,1.3247147653907665,0
-0.9993340153023186,1.37374492606742,0
-0.03928752194792469,-1.3704263711989528,1
0.34114305980523174,-1.5164560956933926,1
-1.0679718394149749,1.247897285412436,0
-0.21708260802186655,-1.1342176509884763,1
1.563824703859266,-0.37597228048747644,1
1.4199848304902305,-1.0935188909519298,1
-0.5485612588890866,-0.10490636146893717,1
-0.4145718350518923,0.18128478728077482,1
1.0279531300707911,-1.4547620066888918,1
-0.38284240467155484,-0.8757513487935086,1
-0.271913512390661,-0.31117137663018724,1
0.42887237709994785,0.6124160621260024,0
-0.028159612427204973,-1.2567188598200556,1
-1.176708882535723,1.1314242963325438,0
-1.4791068796989988,0.44784315697849747,0
1.34974976341895,-0.7869911597080277,1
1.4357008772418731,-0.989921661509255,1
0.6869934035073211,-1.5564567745000337,1
-0.004639668211432162,-1.1842624426251087,1
0.1145333996079614,1.1548893031204586,0
0.329559361194211,0.7357063502410182,0
1.455472063645735,-1.0595771597912045,1
0.6100546272641094,-0.06534105496912754,0
1.1877405740731315,-1.1576121229169616,1
-0.040091242753637735,1.3960657723115024,0
-1.0886899891939958,1.171471264220066,0
-0.4628747539066967,1.5325075027945803,0
-1.1854113808319457,0.9275589752374127,0
-1.1970522041384843,1.4430129514520988,0
-1.6935361096358865,-0.35086869479120836,0
1.4505577716895182,-0.755070445231694,1
-0.4583275972324639,0.16047671317925222,1
-1.7112589937236813,0.12905071206689153,0
0.5027130207180691,0.04955946836877589,0
0.5065049312455292,-0.5281499443912134,0
1.4101122351723077,-0.9638011786849968,1
-1.6328754395774439,0.611124682823383,0
-1.042156585157985,1.40473976810706,0
-0.06639131540014105,1.170478560079188,0
-0.011232033365255065,-1.0629751816134225,1
-0.019489176245869842,1.4338231220008322,0
0.026355971196564514,-1.1637600219277984,1
1.5385028928589615,-0.6046870408417006,1
0.49739398388821926,-1.6479809723564731,1
-0.9343212822457411,1.2515208855518967,0
-0.37795544767528116,-0.5855330023265031,1
-0.6343813223017317,1.6379547744086087,0
1.1938862348797523,-1.2095790261606647,1
-1.4759480894575308,0.6120303736587307,0
0.10157506541279111,-1.0688947110462965,1
-0.39485320968976956,1.2228405994810634,0
1.189612242165991,-1.4853814994158923,1
-0.10273968626785575,1.213057199114365,0
0.1997948401436786,0.8599173946659043,0
-0.34207288157487925,-0.6523056211203029,1
-1.087001273024367,1.40666011556564,0
-0.25881634087817607,-0.4054097482541697,1
1.6298157357303862,-0.09548740191943433,1
-1.6652213635404645,-0.0721721500389939,0
1.2729349001076264,-1.237747176576655,1
1.195265589161435,-1.0977695635613978,1
1.5961207151373917,-0.5506677947503273,1
0.007396184216635337,1.5594846205644728,0
0.41711125754192907,-0.06150580262210625,0
-0.12738609247975097,-1.027188065147913,1
-1.6272485942667396,0.40238136786306095,0
1.7301215385831186,0.2938113152666079,1
0.324993729301059,0.3900312837822897,0
0.44661899202547917,-1.4116614908385756,1
-1.8515959782852112,0.011607941270492727,0
-0.0827637734148176,-1.0359923026466125,1
-0.3998739574963291,1.3686534773628796,0
0.6655727490315542,-0.4356480479566295,0
-0.7526014659584315,1.4124977148004576,0
-0.578198039639204,0.38485389083287713,1
-0.9821779842035304,1.2917590467556592,0
0.12249690221140776,0.853231325798231,0
0.261928175739728,-1.3417675488877208,1
0.5055356595811362,-0.6036668454685412,0
-0.5064398755784343,-0.0015302519024371973,1
1.7189341130140332,0.3100896355492687,1
0.16966357327379306,-1.447676453337705,1
-1.7916073242622463,-0.1562211413212832,0
1.7234040934718118,0.20776383097163717,1
-0.31935139665151174,-0.30069350425099345,1
0.9057363214008483,-1.5123510897012098,1
0.07754303416155377,1.0532167086742732,0
1.0328599158821614,-1.2797448411401042,1
-0.43877360581633706,-0.5805516350726686,1
-1.7737516985008333,0.5649450622501824,0
1.5466870114386475,-0.591753819271749,1
-1.6083948807505004,0.9186558675464992,0
0.2784316941438398,-1.4922151989564405,1
-0.33397160716212104,-1.1460396076887505,1
-0.19658394947902785,1.627494120746566,0
0.5552596516442928,-0.3743305108325373,0
-1.455377085270984,0.7968589005012714,0
-0.5279875066035321,1.4523114996898832,0
0.9173575365065144,-1.276052982856824,1
-1.0693767195229773,1.0884886356529426,0
0.05785868785774757,-1.2979886548982775,1
-0.7222592763744707,1.6575347587935514,0
-0.03272572790572053,-1.1303054567679713,1
0.478748791086707,0.8153394275180934,0
0.5352505873747224,-1.5519180165963904,1
1.609738125715165,-0.23637965868553923,1
0.47025646901662943,0.561684501376172,0
-0.7742614896099412,1.6467036433171254,0
-1.3938823675120444,0.7603844384125129,0
0.4045831837938842,0.6244964454541253,0
1.553683534544861,-1.3285607806471955,1
1.6112253870384916,-0.7853786773472137,1
1.6312456051767201,-0.21847774119216246,1
0.4605218337661204,-1.5580137753917906,1
1.7457520887026594,-0.41139521706858534,1
