1.1512780206573803,-0.48603471856479935,1
1.152280743504017,-0.7545493537660497,1
-1.340740186211386,-0.48774882394361924,0
1.208867835475429,-0.4347523945359313,1
-0.311193689564293,1.1006173918861868,2
-1.1061610633136374,-0.46924133515873057,0
1.0801449480277083,-0.9181105985767606,1
0.045441143495832656,1.2661764183729425,2
0.8429992269179305,-0.49544515688281815,1
1.2091263756302648,-0.7680136935767368,1
1.0517396087301714,-0.46722079306322545,1
0.22229678110786663,1.0262473977883666,2
-1.216373512969154,-1.099545388398232,0
1.0852634687779477,-0.5528342627347562,1
1.022633054649143,-0.48495638214382736,1
0.05717584054902942,1.2526888386342097,2
-1.025314213704863,-0.5032152877585552,0
0.9498486914134855,-0.8332706822349611,1
-0.23567010688900378,1.468777628470466,2
0.8398974901044025,-0.42657334934674157,1
-1.1277290727215667,-0.7942013824639842,0
0.00857511417088829,0.7665558889988506,2
0.24599313758876865,1.4603659467001935,2
1.42086661514285,-0.2120513951334534,1
-0.28097897078433626,1.3942328173341985,2
-1.0849064545587543,-0.50556877168113,0
-0.9289040352657029,-0.27301161752901826,0
-0.1664840080716442,1.5093067316595559,2
-0.9634227263578384,-0.7984325016187497,0
1.1672820823163221,-0.5327756628736351,1
0.019211979410676167,1.1742236186047217,2
0.08939245697307513,1.1399730389554381,2
0.07618197313133704,1.0462529112175556,2
0.1748778192568969,1.2227413875976438,2
0.04958130872042278,1.3495424684140842,2
-1.405717948271026,-0.6055410728946313,0
0.9750672015556606,-0.8058139192409663,1
1.1338129970736537,-0.5884905887860483,1
1.2578149655332302,-0.8240466670581319,1
1.048646910149691,-0.8404434028819038,1
-0.21012404659627318,1.2929722078497143,2
-0.015298961973673081,1.3318009506270416,2
0.6458218422409268,-0.2503582479743929,1
0.4637418323210166,1.36231969856636,2
0.3314002570867757,1.2925875288804596,2
-1.159005986888035,-0.5821375269026056,0
0.721820014724453,-0.51382745303934,1
-1.3697342364547038,-0.6277675156780399,0
-1.1426710825282005,-0.474187815784957,0
-0.2320865804752874,1.2473313012900582,2
0.2219693132683404,1.1072061991284095,2
1.4073329675113313,-0.6181252750202713,1
-1.031074470631771,-0.8136339300196692,0
-0.19450898506065947,1.1894672995806534,2
1.167159987727951,-0.7779324383044603,1
-1.0723126221659844,-0.8590922021867654,0
0.14094308856829424,1.1597843683437261,2
-1.2091043586354844,-0.6031157540692652,0
0.17512855202278416,1.2584146301890637,2
-1.1514721666267693,-0.5458042911063785,0
1.144898105101858,-0.4659336227000152,1
1.2451819861141045,-0.8843121964159323,1
0.3651391553349851,1.255718942061316,2
-1.1904866830423013,-0.8482148304115251,0
-1.2123242293814493,-0.6807127013462705,0
0.8210332068257231,-0.2744950224971237,1
-0.04902718850572484,1.1527678205002723,2
-0.22081414373896074,1.0672896093204285,2
0.18405242109329506,1.115952519097914,2
0.05613453745271632,1.2289685748852053,2
-0.919377903113682,-0.650430149792761,0
-1.0353947255220988,-0.7068047501021684,0
-0.08556184001920396,1.0375765767078686,2
-1.3285402160880688,-0.6248144854876997,0
-0.900688949683441,-0.7815145366757595,0
-0.9874275696565996,-0.5826128266308812,0
1.1008871675947804,-0.9659282357701338,1
-0.9863321496333898,-0.881060369265032,0
0.00415439583030485,1.2854566842494115,2
-0.09499352220669093,1.2228612940183115,2
-1.1330867478122573,-0.6294903285969654,0
1.0004928549693177,-0.4366218981805087,1
1.1523316316827399,-0.700074354397584,1
1.0764246658373473,-0.6647576047484459,1
0.9319154131924797,-0.6693284984571999,1
-0.08317194902228962,0.9433889303673848,2
0.17067222542884167,1.523933960174461,2
-0.9321696727816157,-0.6699906420467728,0
0.1351601031286899,1.0609349028211468,2
-1.2418184222013755,-0.12342496447895139,0
-0.8603329725674552,-0.6735916107632436,0
1.012515146442451,-0.41842747591053076,1
0.27394951283570274,1.1947451864336036,2
-1.2962616076863873,-0.6636495624721713,0
-0.14042465004654778,1.3838605964793798,2
0.8906134462951312,-0.08415848253585478,1
-1.2152489358481986,-0.5397665670186925,0
-1.1589104869514442,-0.7458908246823427,0
0.987774386588478,-0.7048283323298754,1
-0.8473756872543531,-0.6624305599643262,0
1.340841087933601,-0.733899055935635,1
0.0010459312942638981,1.3427327238368179,2
0.5994206232907814,-0.6159281638081802,1
0.12291566106980782,1.6144408057014363,2
1.2151257259705925,-0.5609273596613501,1
-0.799532129412932,-0.3548185902228934,0
1.4352052084284204,-0.7073291459762762,1
1.2025415452521382,-0.600291969849965,1
1.2029393929413303,-0.22003608792589793,1
-1.1486522770073535,-0.6346830492954054,0
-0.8665357245027536,-0.6435016674770754,0
-1.0920429823712665,-0.8669787927395927,0
0.1916972693616106,1.132246784290006,2
-1.044412532573383,-0.5453149499120803,0
0.7776554262518965,-0.7000060482819366,1
1.03734534320527,-0.42993116588863284,1
-0.9695401966028789,-0.5693489000942711,0
1.3088177932922491,-1.0062014382395346,1
-1.1418935887661348,-0.5882969027836603,0
1.2426462862387173,-0.4793495523850741,1
-1.2073795854614402,-0.25840357506018147,0
-1.014083166288865,-0.4942675757818478,0
0.30261264500657553,1.3905449594646269,2
0.03558703914080409,1.3127883501462891,2
-1.2287063751475948,-0.5830258202125101,0
1.3509774811927902,-0.6442799919056035,1
-1.1664783238611303,-0.4522226493123969,0
0.3307107067629414,1.317671240591857,2
0.329600543335539,1.196981632624073,2
-0.16728097205927048,1.5481820877448096,2
0.8018300658968075,-0.11328681472383413,1
0.12750846521505138,0.9447606944353795,2
1.07556605452104,-0.31230054484194153,1
1.3269935461906284,-0.49775319962592285,1
1.1438511164040037,-0.46322936082236515,1
0.262566170215902,1.1042940705462696,2
0.16626396086281048,1.2878090228278345,2
-0.205414700253832,1.5415184208697146,2
-0.2778224818207461,1.3405926146984777,2
1.1229204629105705,-0.9205429819874622,1
1.0784184587451466,-0.750362822914073,1
-0.015060829814983322,1.1928279733664628,2
-1.2917051788761122,-0.9992407264550405,0
-1.1742945868649333,-0.6753436925799952,0
-0.9541220023956304,-0.5876516992745918,0
1.3172503477315636,-0.3991577504133156,1
-1.367208576553432,-0.18070369432481534,0
-1.0838314505395565,-0.4022456167032923,0
-0.759291126211742,-0.5419795056019148,0
0.10870613061973002,1.1512395988801694,2
-1.0902928134645846,-0.6605625934345486,0
0.7629372754732765,-0.42439023604457793,1
-1.075683581743116,-0.4768876743612649,0
-1.1662671645167475,-0.41118053013775907,0
0.12347125455589116,1.3303037539972207,2
-0.1086680012305425,1.2833062782808449,2
-1.1927854864491723,-0.6743291566137768,0
1.1381824932627966,-0.9789927680163869,1
-0.15158053185986906,1.2662483143601249,2
-0.30405362934526,1.4065319827996827,2
-0.07083085410263175,1.0616586574804037,2
-1.0874097381925145,-0.7577997685513026,0
0.05089451336290733,1.3571535983582006,2
1.4247834836734359,-0.5963930693140334,1
-1.020451047075164,-0.4644001333602573,0
0.845047123091696,-0.37301314385161816,1
-1.0331542508586145,-0.33176441249795535,0
-0.9285355130306855,-0.32899888510229575,0
-1.1835391132951485,-0.666201086488071,0
-0.20478996598175606,1.3377775237179894,2
-0.1048377163692021,1.2083967880653101,2
1.2307003492040316,-0.4339348984689145,1
-0.798170409560782,-0.6188037669051901,0
-1.1555538911831835,-0.6578313675193583,0
-1.2008545488777036,-0.5210329025196793,0
0.9895259651921023,-0.39683728541618946,1
0.8821348446562576,-0.4718505900687775,1
-0.012631287863227958,1.0735531083748648,2
0.06945488361759333,1.181965565245247,2
1.2234540887249392,-0.5358290099631575,1
1.142477682180892,-0.6720085571359709,1
-1.1944149869369332,-0.6805596985257744,0
-0.10703645884004724,1.1702403012873368,2
-1.1990903125181596,-0.6697663648569568,0
-1.0142299300163158,-0.8199209614012319,0
1.2468331673713122,-0.3648404741847955,1
-1.0873086216878953,-0.38480905461778564,0
1.165367434442768,-0.576252500705954,1
-0.6697350225503017,-0.42496520939427573,0
-1.1414034491695857,-0.5893968111611843,0
-0.18534445506861755,1.0229272084413321,2
0.1922044948007008,1.348066809493095,2
1.161808052889983,-0.9355158121426975,1
1.164395543772415,-0.556701196698008,1
0.883603607896501,-0.6503481653826694,1
1.187985443734483,-0.5093625418958649,1
1.187912040060936,-0.47889602639647283,1
1.6068768221618699,-0.5624268658983861,1
1.2011723725694106,-0.5444191789410437,1
1.0272994883002167,-0.8123904192766841,1
1.0436935435111196,-0.381655043594677,1
-1.1131751743027432,-0.645969709215732,0
0.666986313400433,-0.6356007767242049,1
1.326456252105914,-0.5326897507997266,1
-0.2573969518473237,1.378049543587992,2
0.25725273126646175,1.3787168190660506,2
-1.326034758272998,-0.5421418856509229,0
1.155616672852342,-0.7606853675045026,1
-1.1044387375169045,-0.4040275892310363,0
-0.9776171590806254,-0.4945128007450842,0
-1.0299532893302756,-0.37374679263834004,0
-0.9483907100115295,-0.8992954404867811,0
1.199692885333288,-0.22245029032417726,1
1.1644928068642217,-0.5352404358918444,1
1.19706842988443,-0.49695580029574954,1
-0.9313460031237294,-0.2598364317583677,0
0.9872346997501001,-0.41752732792715863,1
0.32130108938431645,1.1999050068379624,2
-1.1968950892946906,-0.7907762802977005,0
1.3305090038239071,-0.5295772293198022,1
-0.9332105520661796,-0.7101298455513367,0
-0.9855665822397979,-0.9281189758603609,0
1.5460145404421775,-0.53117447986082,1
0.08397826812910258,1.2860206867028925,2
0.08303564769625169,0.9726761042265719,2
0.9107671905750839,-0.5420334711769158,1
-0.27674179764999385,1.278314445905113,2
-0.07038009935633324,1.3819372799186789,2
-1.2544574945965,-0.9612062706678934,0
1.1141880132155726,-0.5200023718934046,1
-0.016191722134492336,1.249891546005501,2
1.0987129208896147,-0.44581578305928743,1
-0.07060974606723716,1.2870034359999343,2
1.3186792404740262,-0.48585580338289597,1
-0.9248806153223046,-0.4570187204507208,0
1.3251799623136173,-0.606195830504677,1
-1.0479166178304575,-0.7207550824015421,0
0.20722289697389262,1.1510902371444207,2
1.2177562264427055,-0.551993274189509,1
-1.4849470329141659,-0.7880547382038867,0
0.09058274511181519,1.3191542349633365,2
0.986088883191511,-0.7711714074974692,1
0.19130033450694886,1.272245139314661,2
0.29456846896327255,1.1432825176747692,2
-1.5055235097113244,-0.43127289882299397,0
-0.7466339709238528,-0.5876175667559318,0
-1.1217096886211015,-0.7745588068697855,0
-0.9597261555925927,-0.6321894349185513,0
-1.3309264590411436,-0.820716013054252,0
-1.2184698181463558,-0.3871417124650653,0
1.4548775036916572,-0.6251809386207795,1
1.4773794086639362,-0.42487099572065196,1
1.4087735051313304,-0.6482745741916205,1
0.018536660106110145,1.2576818196954795,2
0.960065817782025,-0.6063803323705454,1
-1.0794233166692764,-0.75179869203765,0
-0.009507899457476283,1.230739847427655,2
-1.2854099199107283,-0.4344829032194394,0
-1.0794487294551605,-0.6798106801277314,0
-1.1074501606618163,-0.6685085670318666,0
-0.18598492270846195,1.2617413685986425,2
-1.2230752194989565,-0.3769841030993572,0
-0.9845058589669986,-0.7311724876496442,0
-1.2620426357686307,-0.3003481034885361,0
0.8876513370412347,-0.6708114369846451,1
-1.1182927815722998,-0.5660035115170393,0
-0.016221269808056785,1.4106637062378593,2
-1.095633368291554,-0.6240288021659511,0
-1.1246087874428923,-0.6379237997984974,0
0.10816021673064857,1.347392929000989,2
0.03263849329655282,1.3451503726920553,2
-0.09863982600077896,1.3398241545568896,2
-0.9589127635754653,-0.4022310908210102,0
0.04797605639889192,1.1863888602932484,2
-0.12417131850200522,1.3914958355386164,2
1.3132446924570391,-0.30926455142346065,1
0.07338018055627908,1.0598793844417063,2
-0.9410053797088199,-0.8093041335416651,0
-0.8221714781479256,-0.6270612404071858,0
0.2131661963100723,1.2538815599431925,2
-0.8898086537479294,-0.27504850569358713,0
0.07824308841826405,1.1714258179647623,2
1.1982081718414812,-0.44422001240749975,1
0.8267315880865899,-0.6076654915508556,1
-1.5428020625222585,-0.6198996530108732,0
1.3214608021055563,-0.3619533510174725,1
1.0357207395897556,-0.5003878349910247,1
-0.8178477979021448,-0.5407312618366648,0
1.2004565960639897,-0.3992649384254341,1
0.11906193643970509,1.4286667907297252,2
-1.1861570514690147,-0.34533382000571394,0
-0.12531119862936482,1.1107101780745754,2
-1.131079548667423,-0.5414601600511504,0
-0.021891518603960446,1.2244929557920456,2
-1.1197395156662193,-0.445226837088547,0
1.1729466761810294,-0.7228966399358199,1
-0.012441936334146008,1.3606821953077144,2
-0.08416694575655416,1.2689698203995183,2
1.0541802588653972,-0.7432150269471781,1
-1.1217067455480962,-0.7376406158237817,0
1.1308216929933126,-0.31309935797458915,1
0.052831102371994086,1.1793482147767806,2
-0.09676264739423265,1.305578715672681,2
-0.03109050262110182,0.8240571426597868,2
0.026565936758264762,1.2194260963916426,2
-1.201724449643757,-0.6582009449685576,0
-0.14813891534942536,1.3465325560732477,2
-1.0881704391275802,-0.5970791718112404,0
-1.1376083524830167,-0.6879876337105706,0
-1.20310716147911,-0.8947337679325139,0
-0.08523939366281261,1.2791185278748687,2
-0.086903376462994,1.2058183325871248,2
1.3829888487105781,-0.6197016715538044,1
-0.4486460858091986,1.1162407531849823,2
-0.18250748320043245,1.5238341497748724,2
1.143731729822083,-0.8075869042723138,1
-0.13876874076879336,1.4133133781148242,2
-0.104428098539334,1.4822571297560305,2
0.7945790530191005,-0.6298327330143179,1
1.0367721545680613,-0.9426202902742202,1
-0.08503086589000532,1.1993546019944414,2
-0.8870996250178509,-0.7909098956632924,0
-0.2905880465557977,1.350974364452823,2
1.4154041311932442,-0.683543620253986,1
-1.402845752666833,-0.6008527620152215,0
-1.019260222481254,-0.6465805004592654,0
-1.1545630677442449,-0.5599205389851419,0
-1.1001360620555278,-0.6275516701216208,0
1.193536552662152,-0.0655920917320366,1
-1.1560325716572777,-0.49490614463766325,0
-0.08406193591540224,1.4018780411601819,2
-1.0857157977529832,-0.28637317851648,0
0.06066525510082973,1.4853777165034927,2
0.9551880695127118,-0.664894719035162,1
0.7376813325155692,-0.3067096253046416,1
1.0762527830050468,-0.76935311447383,1
0.007720101062059955,1.336757807878692,2
-0.07957332865656479,1.1318209334961982,2
-0.899807275452108,-0.6960478877801677,0
0.1224711909760923,1.3289348276108712,2
0.9671865725704539,-0.561908829399682,1
-0.05645285203452892,0.8374646805452991,2
-1.292272484763948,-0.7921987662361479,0
1.2818706632168302,-0.8353560105908818,1
1.168610173456334,-0.39381969047136955,1
-1.0591506743426187,-0.9323911984403734,0
-0.9574852182809265,-0.5430196657363604,0
0.09737648896445918,1.377100434578236,2
1.6268848054075538,-0.6913012432111144,1
0.8454383379083411,-0.6082964256544402,1
0.8662388225838401,-0.35392694568192506,1
-0.8713752027343719,-0.7798121105407416,0
1.618975181113391,-0.4283695563793619,1
1.1096224542781687,-0.36969833652160866,1
0.19286155492551058,1.4811092582224137,2
0.2647544133551456,0.9926669743577438,2
1.6785728961830881,-0.5871288259216525,1
-0.8905962021118532,-0.4568255654459887,0
-1.1522462311512514,-0.3654237161232315,0
-0.00030683902675455435,1.086370651828438,2
-0.17745683564897105,1.0728914359732018,2
0.10681338473397847,1.4894581888523784,2
-0.799377289098557,-0.6575101656602715,0
0.7141515347855643,-0.49217380725558363,1
0.05371986251016798,1.3070423528562791,2
1.0876343777653847,-0.7154725939994792,1
0.012671470586611085,1.1798734798924,2
-1.071044567050684,-0.6245971139399561,0
0.9465367940386976,-0.1673454176423613,1
-0.9750711848132981,-0.5013158266591404,0
-1.298296370043817,-0.378939478848195,0
-1.0844355075265129,-0.48681817487170775,0
-0.2005291637004699,1.1986477381264888,2
-0.003330142498604765,1.762691722349643,2
0.9077262209946144,-0.5483815808201379,1
-1.2945263122735162,-0.6322818465600587,0
1.0408321759577723,-0.897647258321022,1
0.022380978755220462,0.9436566435662488,2
1.1375064661054775,-0.5872444686645018,1
0.05462813530709617,1.369752678958699,2
-1.036076352423599,-0.7386790521314425,0
0.24061330676446172,1.050978407134184,2
1.1350249230377947,-0.5579158672393747,1
-0.7329483351311473,-0.9828029730925218,0
0.10230691789915108,1.5971836885974122,2
1.0031170546519839,-0.3468058215746995,1
-0.2593225901048001,1.1236195410377035,2
1.4270679552120547,-0.26457951956680237,1
-0.19536988923565848,1.3003458796915746,2
-1.0761385594747166,-0.6281246705113027,0
1.5639895302860742,-0.8341806810886586,1
0.1278841611223633,1.2638692818589448,2
-1.0340679091694507,-0.7315044894443008,0
1.1347447643056998,-0.5584579275297777,1
0.16976016157286689,1.2462090748077537,2
-0.006735373403157833,1.124311656021388,2
1.0077012661971136,-0.7243522372123377,1
-0.012128902598191129,1.2149931022127252,2
-1.0299248962296883,-0.5329175907870956,0
-0.01019137265394594,0.9939504632008065,2
-1.228927781464421,-0.46884550509042666,0
-1.1294044362367754,-0.5154011048553664,0
1.319095033054702,-0.5504081828824933,1
0.043132038038059595,1.2304065474345502,2
-1.2178217217354934,-0.6010785633573718,0
-0.09713892649929631,1.3115666727740125,2
0.9646701918952789,-0.36901503946032493,1
-1.225115820568512,-0.40751107709975254,0
0.936343280974015,-0.287794338663812,1
-0.0214611071106423,1.6467217394735307,2
-1.2921876635683127,-0.6437364692645475,0
1.2202017336227788,-0.5201318498069979,1
0.26370502007271296,1.2981089538320165,2
-1.0931759230191245,-0.6100576726682624,0
-0.44792709308597045,-0.8380435036684967,0
1.1477732204985738,-0.4859446023605032,1
1.2390052839209842,-0.43781299867981743,1
1.1419445192516189,-0.3443576605359687,1
-0.222701103222124,1.3963526443581835,2
1.3269196385477668,-0.5469771287749003,1
-1.268283780111664,-0.4231408663433042,0
0.9670861930163765,-0.7737281482062286,1
-0.8850201789798773,-0.6517323166961454,0
-0.1959250958857849,1.1610448076923108,2
1.0650562951238856,-0.5490533030403084,1
0.1432131019767656,1.2367815732159262,2
-1.0272687286853037,-0.46136082181485427,0
-0.03184895093364387,1.1758575364434143,2
-0.13967692676438664,1.3425247920299541,2
1.0151330334796027,-0.6713322536493393,1
0.9445877528513149,-0.5230209708709906,1
1.1719464273829834,-0.7730978548259209,1
-1.0996323089035653,-0.478949504537381,0
-1.2876061145506092,-0.3227777397983912,0
-1.0709043068058928,-0.4143896327287617,0
-0.8781656056597497,-0.5955117933539359,0
1.0904181827236836,-0.15122265083180916,1
0.10789461715012895,1.0879628786284392,2
1.1403907017451538,-0.3327284930234942,1
-1.2731571813645055,-0.50357387638132,0
-0.9922347357551103,-0.7475672255798019,0
0.9428704747976596,-0.37119246129976485,1
-1.062899636702941,-0.6868861353900592,0
-0.1457302531636021,1.103793699143311,2
-1.2257641977262599,-0.5801094402135899,0
1.4669826569988178,-0.5280268611006861,1
-0.30874370598609935,1.5613501870775561,2
0.18607151441713748,1.3152682375828466,2
1.0180066955239286,-0.6617080777865733,1
-1.195715512173937,-0.4859475332462632,0
1.1668645065908008,-0.4480081699507981,1
-0.9902598727729097,-0.5351364138322012,0
-1.3515834928193744,-0.4107175426765718,0
0.21179799597517496,1.325049397532576,2
-1.070232813864289,-0.2297081139446794,0
1.1235324072226367,-0.9269410750334691,1
-0.9416781693170926,-0.9237536270855318,0
1.411146039044885,-0.875890150267472,1
-1.134054562257527,-0.48969666105532117,0
-1.0030660496440396,-0.7937548796102821,0
1.099445937894031,-0.482102887509289,1
1.3854660177111235,-0.47682470527158966,1
0.17640555782856232,1.6481148961944638,2
-1.3602802135495824,-0.6647126219809908,0
-1.3060815157340737,-0.4071301198651679,0
-0.052640761268295394,1.4356421257310017,2
-0.09793544191295865,1.1477882068243488,2
-0.24823081819080126,0.996299118300486,2
1.14199289938891,-0.6581972166137156,1
-1.183196179077166,-0.5893261161321504,0
-0.06111713302506956,1.2077709838690422,2
0.2312491889807311,1.374941802511188,2
0.0008145264105073456,1.1477026169051407,2
-1.3380978775679357,-0.5194427472123208,0
-0.03783865183089496,1.3298631248752235,2
-1.3080962443334614,-0.2887552000119814,0
-0.0739778325694779,1.0504753994464753,2
-1.0390588016191762,-0.7539210254763232,0
1.2334476615173304,-0.8585759427353793,1
-1.0966123518115762,-0.8562848413830217,0
0.24497238401392873,1.4944285573621163,2
-0.14698695842354287,1.0332702257100692,2
0.8862980178135464,-0.52073543558161,1
-0.06796091963847792,1.3219285636466802,2
-0.017506701106907555,1.6123904830772853,2
-1.3953861658553635,-0.439458711270519,0
0.8177418280587437,-0.40126875980931803,1
-1.2033298684754579,-0.6076157697723281,0
-0.9830630814802424,-0.11446465977196539,0
0.2204145125672418,1.203092964883701,2
-0.07006656932380427,1.0472323450980399,2
-1.2318114559603648,-0.47502904444407174,0
0.9726904687930199,-0.11924977021017856,1
1.6244348290645414,-0.6613799257080573,1
1.0334438343678036,-0.6140886059062962,1
0.0618546575350742,1.2303093771321107,2
1.1035720128327504,-0.5126809294508647,1
-0.13844115612232127,1.159739647617989,2
1.150067675587472,-0.6230297999906897,1
-0.7041372084629193,-0.5302760999320658,0
-0.28722864126498326,0.9953528046359251,2
-1.2221094847142489,-0.7139373638090272,0
-1.101359966452246,-0.6107170705494487,0
-0.17185808624802298,1.384002980843412,2
-1.1093545682419357,-0.3699828072373858,0
0.011512123159959876,1.1661313571527745,2
1.2450919450844609,-0.47832831986013014,1
-0.8890765728852379,-0.924953112185793,0
-1.0608938805371242,-0.9327168499979793,0
0.8698368444658936,-0.505160903094397,1
1.0026250782200856,-0.7729320142233331,1
0.6904175744046211,-0.6935075235576813,1
-1.1097884351858869,-0.9517174593836156,0
0.3295921801469826,1.2125395593973698,2
-0.8833962738661073,-0.6815190379513854,0
0.01873946648976257,1.3549593885113953,2
0.17841747168382066,0.9354783700722356,2
0.734052470327904,-0.39545384315847065,1
1.094502721793062,-0.5179535630838235,1
0.2048896143116306,1.240020697354617,2
-1.2882192151596679,-0.5121132179497738,0
1.1258596538779289,-0.11885170575427015,1
0.14314364358461767,1.3502936100268792,2
-1.0353473756199079,-0.8416485294652146,0
-1.003537291763531,-0.9239019438192858,0
-1.00023321812191,-0.46360354301514856,0
0.869301198122023,-0.7483087772219345,1
1.195771323489476,-0.842901476031343,1
-0.8374135291428565,-0.7201859021013677,0
-1.0981402013305395,-0.7397681774880301,0
-0.11181513312671393,1.1126704243849779,2
1.168377849164661,-1.288925283343002,1
0.818680358270813,-0.43455362356481775,1
-0.0695737302873898,1.0782028863052038,2
-0.03518990478446549,1.3943011046882174,2
1.093120000331071,-0.4782950808944723,1
0.8337925261209965,-0.47054755383095875,1
1.280145711438216,-0.5900493918531868,1
-0.8479496670956833,-0.6751642242151326,0
1.2998418231382196,-0.6708394546658393,1
1.3062356979517058,-0.7669980201015768,1
-0.021976895121592264,1.4180160352145648,2
-1.348238018705572,-0.5624330488428751,0
-0.959918574904791,-0.7314587794709212,0
0.9779699085627305,-0.07355422561206343,1
-0.42186110979505576,1.3534948567084466,2
0.17760739256270933,1.5544616373061886,2
-0.9711999488831974,-0.6092372333652778,0
-1.264836142478819,-0.5514740834223494,0
-1.3686410867993741,-0.5824130054599695,0
0.31600888633761676,1.5170607924410648,2
0.35152154292092413,1.3099964958395056,2
-0.00025031369516779854,1.3042813336327737,2
0.09650148804252974,1.375376196777925,2
0.2582136258076406,1.0468787874474992,2
1.0556651937964456,-1.1143658174657225,1
1.10640038906865,-0.38386474787186387,1
0.019105208291543236,1.5823527536368165,2
-1.0953711790646123,-0.5252194742757395,0
-1.2247565665339013,-0.44741017286947843,0
-0.12230436361801152,1.5790228199490972,2
1.16836356838012,-0.5624937743871578,1
-1.2698457936888807,-0.567902468210159,0
0.9785901512942075,-0.8475521787148131,1
-1.255392755951906,-0.6119577154941002,0
1.403198086014607,-0.6216479056254435,1
-1.4219219286208127,-0.6262761128096761,0
-0.9575991092361666,-0.6023780805194272,0
1.149533282866808,-0.8506917542045245,1
1.2264696481465134,-0.5998464382452281,1
-1.1953919163655362,-0.469076200596097,0
-1.0574279123502979,-0.6441450374013762,0
1.3166383456109774,-0.4143736883988494,1
0.8771805213571262,-0.9329965494954494,1
1.3192107108139213,-0.5525118828187644,1
-1.3545803578890967,-0.742430378682716,0
-1.22060213691231,-0.705671490904267,0
-1.1370064253912038,-0.4979956272434335,0
1.2809135791454518,-0.6393344835018546,1
-1.1285378567562496,-0.6367807480263059,0
-1.0432622153807853,-0.6777645629388678,0
-1.1835512244953028,-0.5840681715362275,0
-1.1375613844774979,-0.5420316366918569,0
-0.9811947451443104,-0.6307372207584371,0
-1.1095052576626894,-0.42915160851874073,0
-1.0887406139845999,-0.3142609579527492,0
-1.1165655840629451,-0.6902136142183432,0
-1.092432943419543,-0.5661950026151891,0
1.283572748672192,-0.6001510676563813,1
-0.015560868234504048,1.356593941916562,2
1.340706118982336,-0.741002163158631,1
0.009387318595929322,1.2676959957405394,2
-1.1293672946853373,-0.4346760765315929,0
-1.025660237783671,-0.9386977398620799,0
-0.19163645680896219,1.2588382794783746,2
-1.150007590995562,-0.4465489389846263,0
1.1712609395516824,-0.718513101181214,1
1.2609420556860775,-0.4457180079099432,1
1.1251614321003691,-0.49517357675173035,1
0.8435878937534275,-0.43179458524902226,1
-1.1528735432262558,-0.5365561619551373,0
0.35170643733411644,1.0372783021148753,2
1.2854421704269166,-0.46046203553912274,1
-0.8763965506108337,-0.4263610087543825,0
-1.1390099117593677,-0.6396856792103592,0
0.1598215820758287,1.2113328266326997,2
0.00038820553805165014,1.2720815458068762,2
1.0652557466817116,-0.5123942379764627,1
1.3131193452002332,-1.0191220766295783,1
-1.126256366885168,-0.6751790861226884,0
0.16110127624894569,1.3985744665613813,2
0.12742394812614577,1.343181484343042,2
-0.9292100376553162,-0.8743608911155838,0
-1.1740932688563006,-0.39751433530355623,0
1.02373298998321,-0.44369718825578114,1
-1.0534925741593297,-0.4513591542713657,0
-0.2126726106762073,1.4575797103785355,2
1.1421796724426616,-0.9390904262392323,1
0.35364181028804986,1.277895680086495,2
-1.1895222743023213,-0.6620839501414792,0
1.324447710651969,-0.6935091804541114,1
-0.8491231756399575,-0.500160440631566,0
0.12168502677679709,1.286320654941497,2
0.23439214617825205,1.3134690296313267,2
-1.094237624435476,-0.7593447895241312,0
1.2743289516936682,-0.5296204448632078,1
-1.0637394189743847,-0.6022757798356764,0
1.167550601729187,-0.6684954437071676,1
1.1757749376867728,-0.4447109717864457,1
-0.8848953874087488,-0.7136710016947291,0
0.1795212433763723,1.2342068382987492,2
-0.029148742898678453,1.3056316002526323,2
1.1173581030696595,-0.24719684851616683,1
-0.8625647809158103,-0.33035946985328896,0
1.1641302887482896,-0.6901470530845105,1
0.7429714025506093,-1.0364427606865718,1
0.22112554885754412,1.1051666569154432,2
1.1021349446835955,-0.21966886697052726,1
0.02118617960247038,1.3941424535226163,2
1.137242849516192,-0.6260950244252595,1
-1.0109686025363838,-0.6211585942535355,0
0.15772786064549885,1.1283864864835336,2
0.010704250596191768,1.4658705353366348,2
0.1693708476079335,1.2030189351380147,2
0.017143845537900656,1.0896937730878717,2
0.04553694307445972,1.2712779412280621,2
-1.2158367066807159,-0.7200343782615843,0
-0.18270152708106982,1.4609657556778013,2
0.9659792376941946,-0.5133413423382502,1
1.1921159970698703,-0.3533358930215566,1
1.0981554506974691,-0.884878932350851,1
-0.17301741792766237,0.827073928891233,2
-1.0719743843584126,-0.43580521646403136,0
1.2072091333732564,-0.9919760427870671,1
1.1283554085577685,-1.0398098108255174,1
0.05808608781163228,1.096798122313326,2
-0.07150969703952496,1.2247068901335858,2
1.3280291905689638,-0.7636710162618394,1
-1.0380686978946778,-0.6430421978671406,0
-1.0120909521140815,-0.36818786931018954,0
-0.936681319199365,-0.768072183831406,0
-0.9768624000688725,-0.8177025906030985,0
-0.24801178490267267,1.7190574861168884,2
-1.329275228258366,-0.6546360481468996,0
1.181407079886791,-0.6549332889608169,1
1.02731388834438,-0.3917991784006127,1
0.2080275544699837,1.4650065568357837,2
-1.2394753759184916,-0.6612086679225119,0
-0.17580040654567805,1.1421626377756569,2
-1.2514705276358518,-0.5656108201286528,0
0.9387329002112694,-0.7495552957966384,1
-1.0498819531270602,-0.6681041132846969,0
-0.7814134115134833,-0.6323134241240915,0
-1.1972209415056327,-0.411930125866,0
-1.1904982639947077,-0.8676653804052872,0
0.08331007140815803,1.1670112212228927,2
0.9723700828427354,-0.7010256932733091,1
-1.2174031162618575,-0.4860763400023529,0
1.3854874234138672,-0.4194853534095941,1
1.0497508558151551,-0.453626377498502,1
0.8668755731226903,-0.43104519453431744,1
1.014345023162299,-0.4548356284470594,1
0.014990575774669957,1.3452519282234037,2
0.13385869478024146,1.0693334933643877,2
-1.1622437807530626,-0.5192274048897143,0
1.0243472299526328,-0.5524108077823158,1
-0.0200663499660726,1.231925181019523,2
0.09546391959412343,1.1311716652402606,2
1.344700005075462,-0.8761904502978989,1
1.1153401283583442,-0.49856514473064595,1
1.226149261459355,-0.751736077261868,1
1.0555197052982213,-0.35027601475149284,1
-0.9823765290119283,-0.3469644422231765,0
-0.32076117698765916,1.1165883862862216,2
-0.08032879310409324,1.130356959707951,2
-0.917302606128994,-0.7373713352004885,0
-0.9830577681862661,-0.8919921337094776,0
1.5061833531890014,-0.6949279455626285,1
1.3373251385457912,-0.5630337733145473,1
0.1857765397907291,1.1640856734476592,2
-0.8771110426421999,-0.3229059978642934,0
1.2395097669681578,-0.5475152080337287,1
0.9753854738542234,-0.6053525304958005,1
-0.12815730256784857,1.2725468132238449,2
1.1929189524908779,-0.9927929374050212,1
-1.145289488274178,-0.6566011480410622,0
1.1395979420255227,-0.7811816345222437,1
0.021584107780096836,1.2992029452995453,2
-1.1996629514322767,-0.5962536547033849,0
-0.19435949633043947,1.324989149611722,2
-1.1102392144894935,-0.8557969752047249,0
0.0478473885219418,1.3583034420129394,2
1.1221807162363286,-0.4736012120422448,1
-1.2846057618880231,-0.43398593131552154,0
-0.08420078023163657,1.4603906768839612,2
1.353405480379882,-0.7379944928636044,1
0.1468926330518578,1.19784666735134,2
0.9229971254054339,-0.5374065240190518,1
-0.20110931949070468,1.6798780109775384,2
-0.03838359873587092,1.3749131088013045,2
0.21540222665037745,1.0619622078613973,2
-0.2278515912537333,1.392959621103417,2
-1.3154864515293798,-0.3313320272870991,0
-0.8783632107592104,-0.6484312134137535,0
-0.99313718015284,-0.7006173743132571,0
-0.27441523942747714,1.2144155738279483,2
1.3606196360244118,-0.3008840151953147,1
-1.267976830267963,-0.6817897073540368,0
1.063674505180498,-0.39869194137742286,1
-1.3747089380858977,-0.7519737121412795,0
-1.2911160252254759,-0.8442699127144587,0
0.07931652506721802,1.0488508507419447,2
-0.9575418023226142,-0.4961469782254912,0
1.1027736823626333,-0.6097394029430535,1
-0.9247058550312922,-0.49342239428939083,0
-1.053314632375817,-0.6389318916533816,0
-0.94334806916136,-0.5824910753407885,0
-1.0037808806333839,-0.5206461402210182,0
-0.9011056504497639,-0.689923739697757,0
-1.2036851821214238,-0.7117039724602328,0
1.2830708389611143,-0.2099726881976904,1
-0.19713852793889033,1.3273621926289385,2
0.14937271270047514,1.2874752784575274,2
1.2907869768768163,-1.2398554015456602,1
0.9211718082417568,-0.775594585706749,1
-1.163082150033653,-0.2703965207853603,0
0.15490988850667928,1.288347746453409,2
0.29718482367489957,1.156076947806578,2
0.08292601653965269,1.020315076833865,2
1.018563129484665,-0.9626578994539496,1
0.9213016136652208,-0.4096003680790385,1
-1.3333842811446046,-0.616385392964021,0
-1.0542130962477254,-0.5024223890361506,0
0.5177343363739845,-0.7046714442680105,1
1.1510998559815868,-0.6917530506849859,1
-1.1074046800782684,-0.6081276937043729,0
-0.9911678609140061,-0.7877361964825357,0
1.0752626747304055,-0.19748729194072112,1
1.0076489488619065,-1.0063072354190448,1
-1.100045922659809,-0.7686878313974995,0
-1.295709326443635,-0.6691324733509948,0
-0.028210010843783027,1.4782683787290205,2
1.1093463915701385,-0.8588036109514215,1
-1.1720076834439197,-0.5673629495292953,0
-0.051395319220889364,1.3117655232564327,2
0.22345923952011,1.2400220317322386,2
-1.078860887415208,-0.6542243421917592,0
0.48420659449102493,1.3914093383395891,2
1.0455298551840255,-0.8627504384811553,1
-0.2020732009360885,1.510206915254554,2
0.22621432644064923,1.3278658800838925,2
-0.9089793247497636,-0.4834405727316217,0
0.5415148137206774,-0.6896147900833733,1
0.08353305316099625,1.0919220693346978,2
-1.1231445443653467,-0.276624589645824,0
-0.0414634647550979,0.8206222775100502,2
-0.29202195144256166,0.8936216479059736,2
1.2690142556952118,-0.6380729333261165,1
-1.2399756860862872,-0.5899875444709207,0
0.1034420346845408,1.1415784708729355,2
0.705125940105762,-0.42078091881091256,1
-0.1314131800560237,1.1025315422588917,2
-0.9615185540983011,-0.5768141714943539,0
-1.3172369648890068,-0.6302381192294004,0
-0.9472369852377333,-0.6899525062451796,0
0.997641120127045,-0.962370312671402,1
-1.1816408790033623,-0.5027222279401948,0
1.3199590927799767,-0.46496816241498784,1
0.7239230790010619,-0.33310602543677914,1
0.234396595107441,1.0677245717270853,2
-0.009310521287631391,1.224436370644541,2
-1.1665151106824188,-0.5384934927349965,0
1.104065090555871,-0.3662307942796702,1
0.15044311276756944,1.4633354922466906,2
1.1525281651940322,-0.4859798521005078,1
-1.0758732029192786,-0.9756632757170554,0
1.1470738448473652,-0.41708626372371654,1
0.9230293639384668,-0.8449358407333317,1
0.1588184373173584,1.1277486100542242,2
0.12562584294165838,1.1702531357081034,2
-0.9069819719289683,-0.6718075793900409,0
1.1977430898278438,-0.36785177166978517,1
-1.0744778065319558,-0.6585533897839616,0
1.442714501287989,-0.39089343147738487,1
-1.0417742320748762,-0.5156211147407376,0
1.446485048886478,-0.7421704667447423,1
-0.02722357595089384,1.2867194174663896,2
0.08493239406915165,1.2455887137290842,2
0.09341953507029555,1.2942774752259791,2
1.0137976250674074,-0.8952373685648767,1
0.09045730279860084,0.9729738447707807,2
1.11601772826182,-0.47926933087758156,1
1.4248157714053233,-0.6085899395377201,1
-1.038534311398194,-0.5569532162532397,0
1.0687855830658648,-0.22467373834948048,1
-1.2054132564114655,-0.5299760161054013,0
1.3595208565003354,-0.8777407748036017,1
-0.019456511895243157,1.3554459760725832,2
-1.1601401887047753,-0.6332626553523065,0
0.9821044168557671,-0.810103562109607,1
1.013488266356661,-0.8467796258512182,1
-0.25102419337392823,1.1192452344748363,2
-0.2638453517692135,1.1248802845104848,2
1.2242972258721896,-1.1509084298377739,1
1.0373755039227808,-0.8659223457915807,1
-1.1286482223064336,-0.9383705078529944,0
0.18258389686729315,1.429440902803591,2
0.19084686499778977,1.5286571100727626,2
0.05843731887885295,1.4490942648870953,2
0.008335028157612395,1.2756973231980049,2
-0.046886730317613985,1.3163499352203445,2
0.2986083668887226,1.059279515430727,2
0.0014243790637788098,0.9696345528058831,2
1.3115908736179374,-0.8389145354401584,1
-1.1270999163272903,-0.7711296953154324,0
-0.14769881515760563,1.5635894001745871,2
-0.919942263805369,-0.6992780395642817,0
-0.23296641403915253,1.2014818362332353,2
1.2532524097333104,-0.6597470196567596,1
-1.1280523026461813,-0.35811943427639936,0
-0.005903763551801579,0.9224025786233001,2
1.0670948018570972,-0.4501372827529342,1
1.3217909267750951,-0.6874602528730133,1
0.9460820122161245,-1.004509483292878,1
-1.0314082387254044,-0.3091924958338166,0
-0.16686096313186363,1.1692563888554381,2
1.1522652545706475,-0.5528275073004938,1
-0.011655219593564584,0.9628345281332032,2
0.9447656984881226,-0.16033840046914655,1
1.2842570692875814,-0.691031185619621,1
0.2158164079382946,1.4000239518130675,2
1.1858923923516216,-0.8159168441627452,1
-1.0062792541770578,-0.6211613866165403,0
1.5019024896844082,-0.7246996256359116,1
-0.8511605494599597,-0.8229322102977272,0
1.2338061675776424,-1.0278918476858916,1
0.944301797177983,-0.5622275623636799,1
1.0055798974457533,-0.6775331317976775,1
1.0592834365305115,-0.8719596675018371,1
-1.1133582968145124,-0.42399215127888484,0
1.1728613785862068,-0.674018450802945,1
-0.8397378425450772,-0.3316742523190999,0
-0.04249852476029401,1.1380732133756217,2
-0.0462483590167919,1.2333952367986702,2
0.09453821617276888,1.3143244401685226,2
1.3886938030729539,-0.5743270163213362,1
1.048906283771014,-0.5080528457138702,1
0.8625929271042859,-0.5658149891864568,1
1.017959306223697,-0.8567135188355053,1
0.12418865375690095,1.4288444695227203,2
1.2024253721297935,-0.6193095179457164,1
1.1371908304282097,-0.5437827837267571,1
-0.14852949014095138,1.0171740231256896,2
-0.06767038956807758,1.2743675125723264,2
-1.3797755279508954,-0.4703675935042627,0
-0.9538519522469815,-0.5396460084251377,0
1.297007310437525,-0.6046316883704268,1
1.4454336520045867,-0.2741138274786857,1
1.2016195948142983,-0.12583919945217947,1
-1.4105060015252393,-0.957890577114919,0
0.21836780627361285,1.5722385605910165,2
0.008121347000141412,1.33165855390775,2
-0.10149470055058114,1.146841091983731,2
-1.0767817231523467,-0.7573486416114538,0
1.3718298076385111,-0.6825145322516954,1
-1.1423954933865088,-0.7356260230294359,0
1.055329048326986,-1.0699281811156593,1
-1.3544560950559377,-0.5301938202243901,0
1.383438104759927,-0.6408944134076022,1
-0.1853878180254979,1.0406368965012167,2
-1.1122374099678445,-0.5075406419118029,0
1.4898535689884869,-0.4293848710912799,1
0.08224730132218483,1.298546356215824,2
-0.8841413505264685,-0.5244880836537905,0
0.9206934803217075,-0.4919878877457426,1
-0.009753908231940344,1.5089740444398305,2
0.7995999368639428,-0.4174366863623572,1
-1.192318649462155,-0.7389945305729845,0
-1.1657640689468058,-0.32619051260728626,0
0.018211436862827574,1.2222930874642202,2
-1.3034427531040764,-0.4267560826606019,0
-0.19224487367609208,1.4329228754203547,2
-1.5214269415085557,-0.545142786417967,0
-1.485843900802503,-0.6308215190910081,0
1.2745076227811583,-0.7600480301300457,1
-0.07617320081079995,1.0084967657919643,2
0.1638485451643257,1.6316313636216964,2
1.0413836880680385,-0.5003554199073574,1
0.9857623243836495,-0.6594982613826375,1
-0.1612093008258056,1.4824594085942893,2
0.27860064643059684,1.3062287287228171,2
1.2829539716722769,-0.43826088056044776,1
1.1234407058802098,-0.4095948872992467,1
1.2421226605271976,-0.5042304733226601,1
-0.8982015935713106,-0.4945052698756195,0
1.320489129407245,-0.8252658937776282,1
-0.9987477636212185,-0.9793534312100999,0
0.17930556608072382,1.1078143190997076,2
0.32835819419318346,0.9670451029277277,2
0.282972193402578,1.2782251128649442,2
1.0017550060982283,-0.772770614214878,1
-0.06324341272716201,0.9488206705662506,2
-0.8807848410283532,-0.6196157216959091,0
-0.08458948275592748,0.9566980023881642,2
-0.04592552478031601,0.931007369610446,2
0.006963021837672673,1.0977094506416614,2
0.05465461383399813,1.5111020427176824,2
-1.1123381085026731,-0.7948768555842078,0
-1.0487729469622646,-0.5623713012268661,0
0.41896341005805826,1.2076015853265571,2
1.3448660187839765,-0.6411610577861555,1
-1.0080311562188784,-0.8361593721597314,0
0.905394214345183,-0.45135734192706917,1
1.095937659103359,-0.702966768454209,1
-1.1376010754918424,-0.30157056455175324,0
1.1819909053000668,-0.5597831522834151,1
-0.04205874959311475,1.3043272673190027,2
-1.0001241771674567,-0.7633712897315653,0
-1.0427757825044095,-0.5558812986589516,0
1.0680246238740492,-0.34848870951780747,1
-0.2222161889280518,0.8743200338416369,2
-1.5265033087713775,-0.5065545663322849,0
-1.1232413388534215,-0.7118593458092616,0
-0.20454785698511618,1.495850634932222,2
1.2344425242870738,-1.0198331866102086,1
-1.1330596075038053,-0.8452230622417031,0
-1.016696896851618,-0.6954635393447614,0
-0.0893283500615675,1.3566151707221217,2
-0.0695606268880147,1.0461666346713951,2
-0.24096922420175668,1.856997731107448,2
0.03954640697131822,1.29871026039177,2
1.089717728225504,-0.4907865371723987,1
-0.2480136509965102,1.0524516812458566,2
0.2554507293735825,1.4629457755101547,2
-0.09627118465310093,1.121730673187748,2
0.8433243364959276,-0.5541215885566352,1
1.15516023829341,-0.5804197274053011,1
-1.3906455320596887,-0.6791393064862661,0
1.4706984538316883,-0.3508152728589318,1
-0.15667293621585912,1.1600205609614043,2
0.1811014277631314,1.343773598517213,2
0.7764677115416656,-0.4637600079653646,1
-1.1863952309267156,-0.5211522202046308,0
-0.07678445659604692,0.8935261158750035,2
-1.1712118237234987,-0.2564365283349088,0
1.133461470105189,-0.15603475326913926,1
-1.236021238491085,-0.549142847902502,0
-0.03830102973592941,1.2214911932306134,2
-0.003813762205964691,1.6140530142431777,2
0.9715891491275634,-0.6865478311038503,1
-0.26885965644398035,1.1567245542481766,2
-1.1351421505433426,-0.46004204706202695,0
1.3543161584271888,-0.9008157361956617,1
-1.08331378352045,-0.3492028148212394,0
-0.2665828340662052,0.9925033392821196,2
-0.7760619264584294,-0.6706269149158662,0
-0.09849928335790564,1.2344638478019214,2
0.08190365894929956,1.2798193159559088,2
0.11505962136518028,1.111610212295367,2
-0.13021048631255241,1.2860526481743564,2
1.0161020369417493,-0.5587846574255064,1
-0.011036539090797205,1.1881572832182603,2
1.003910232523304,-1.0148096128671655,1
1.0239343794596907,-0.501626586299184,1
-1.0406748401035422,-0.6231532306596808,0
1.280366398832542,-0.6743534485657273,1
-1.004901892235339,-0.7016724408950396,0
-0.8911631353374769,-0.812351442613646,0
-1.3122496642064314,-0.4791338435450717,0
0.03967088617279916,1.5133275146929184,2
-1.0364528003132272,-0.377022431487972,0
0.1806864987767634,1.626520183015148,2
1.474946186606912,-0.49950177694632,1
-0.03753144061411196,1.231051163948015,2
-0.1072057627759952,1.3035652219966667,2
-1.2654594171768223,-0.3105606679737006,0
1.38515280214113,-0.3059239935940767,1
1.1554797012176843,-0.602210870446915,1
0.010017692756919714,1.030856206866728,2
-1.1373843821666392,-0.6625515442347099,0
-0.1739926566544865,1.1154276277544166,2
-0.027424636747975947,1.1817258824360282,2
-0.7864834635142713,-0.9292305083090828,0
-0.024554937411994552,1.4609220389784525,2
-0.2069652881905449,1.3228749237693156,2
-0.016453070480265043,1.489398049719819,2
-0.14108089732818763,1.2609185809700754,2
-0.16477476284088763,0.9695216963272102,2
-1.083203721604137,-0.299050248553923,0
-1.0724865189881752,-0.4651136900401531,0
1.4057480932250104,-0.6731944616510286,1
-0.9494452061565618,-0.5381548269372992,0
-1.4099969630314757,-0.6219173885924847,0
-1.0841321657871068,-0.5600553465753593,0
-0.1793534082749223,1.206556959252234,2
1.1312000461735066,-0.4390406845052538,1
0.011746661821519335,1.150567635121634,2
-0.9553322613861377,-0.23744603492330768,0
-0.021435305886911414,1.081727895137769,2
-1.0879138654903242,-0.6866001447619605,0
0.6344739395033547,-0.5799201296587696,1
-0.7158329404294927,-0.4194528642241881,0
-1.147061908456595,-0.7791467464369417,0
1.119871989138333,-0.8214147826509506,1
1.1184199331121802,-0.6906551534837838,1
-1.216615160688611,-0.8482819329990412,0
-0.2704961756468004,1.5627010727540476,2
-1.2603071475028211,-0.3455030667744636,0
0.8230916504624562,-0.4646590049608536,1
-0.08413910620349178,0.7907217003028708,2
1.1048062754325272,-0.6345734123242835,1
-0.0837886411316402,1.0971679674339865,2
-0.027691313280728675,1.377265807016238,2
1.4685545718755253,-0.39388297793676597,1
0.13484205164146126,1.33730479073778,2
-0.04333902828889472,1.1902977259734977,2
0.04443244324113573,1.1333460884195257,2
-1.1058461804870532,-0.660475714787408,0
0.03250345631697384,1.3594645978802027,2
-1.3205529991710487,-0.44838368442489834,0
-1.0126558809076516,-0.3516113444400241,0
-1.0136448416452508,-0.38085484764031646,0
-0.7927815168141171,-0.8842543693418506,0
-1.2132652624404048,-0.5485686061563,0
-1.0445294053766652,-0.5547819148884223,0
1.3465340078006318,-0.6026604665366043,1
1.1652268692333643,-0.3106816063983688,1
1.2451829762842748,-0.5801796685508441,1
0.12475201636007414,1.1522771698800018,2
1.2129840015314586,-0.3785228695505005,1
0.8868317479184179,-0.5299526106495637,1
-1.205816196221123,-0.5952051241838535,0
-0.13094037739462602,1.350705686259903,2
1.4352933943991106,-0.18767473984654925,1
0.08889660381071159,1.3630361107431626,2
-1.1605258754335346,-0.8374585941017513,0
-1.3154171566755741,-0.7655885919729805,0
-1.201828595571936,-0.7279545286364152,0
1.353297554374244,-0.6021611923786684,1
1.365244893596721,-0.6812813691414533,1
-0.21372355761923717,1.356101472787075,2
-0.9765734779081146,-0.730425070103489,0
0.8026879930217143,-0.6343721766623379,1
-0.003943855861771179,1.2048502739676343,2
1.3878516783366857,-0.690038902235451,1
0.054474973945629376,1.2769633370857574,2
0.05540465704172098,1.0977251032447808,2
0.8620267204940331,-0.31073496113649096,1
0.05719684260851871,1.2968434036943477,2
1.1775540995507565,-0.3454601991972315,1
-1.2384411055550502,-0.5413777749398729,0
-1.0686326830060917,-0.508059377546954,0
0.13177196884872017,1.2502397839104604,2
-1.0176136795438737,-0.7297237250113829,0
0.3196454788369526,1.2156643972560213,2
-1.2196916511232507,-0.5095700430890467,0
0.11551191037996085,1.4640990561197267,2
0.04685489946816826,1.307253980505055,2
0.10622764349130505,1.18511445249102,2
1.130538053625494,-0.29840693033152493,1
-1.1129781962105694,-0.7354684068518568,0
-0.9752187394032361,-0.37188720801382424,0
0.05432532670833906,1.221021143826554,2
-0.15951374971841586,1.212363751462915,2
0.01319302677058247,1.025534603366114,2
1.3068016560204752,-0.823801470908793,1
-0.1747999667297451,1.3017478841224526,2
-0.1747087082006062,1.5236059528780177,2
1.1381622556433426,-0.528827537315941,1
-0.3536838072446785,1.315556980516751,2
-0.02574395975177418,1.1807550953907155,2
0.8020084922311527,-0.1681417665355977,1
0.9664253966682675,-1.0601426508522758,1
1.202506139994384,-0.6019581485009439,1
1.7818807300630846,-0.25115348535420473,1
1.1426188174038088,-0.7865858204873426,1
-0.9865729405556974,-0.6565572947870941,0
-0.07844236798463165,1.12180915601524,2
-1.19411807822984,-0.3030733681096605,0
-0.12438463681908865,1.4900028544924908,2
-1.1660862874161715,-0.7743906249817433,0
0.00047163463944218184,1.118505953820864,2
1.2099580538524404,-0.7838102802758216,1
1.116617442110412,-0.41796314020234104,1
1.340509031511803,-0.5463645179198415,1
1.3326899550886984,-1.0268515086846186,1
-0.864181376514531,-0.48182425664683376,0
0.9310197585714746,-0.4708184125907112,1
-1.0412259125352095,-0.2930682581536999,0
1.4614338487829843,-0.23844191700397638,1
1.0027591828218398,-0.3957638041916918,1
1.5233935766631026,-0.7390122758110823,1
1.1313679198553368,-0.9666749254885696,1
0.9505988479080686,-0.8770779647092393,1
-0.9491142186254375,-0.8406805924315168,0
-0.9376543197501874,-0.5925749505201915,0
0.012074113225680857,1.208388603967508,2
1.1826318907426872,-0.6931578168457174,1
0.9545176935299411,-0.4497613252407458,1
-1.3269311922300668,-0.22074386441472865,0
1.0192166305570245,-0.10373178026445606,1
1.3745820449243065,-0.6162114857597328,1
0.6374317679253471,-0.7169036666060683,1
1.1358280380498362,-0.33113900544665825,1
-0.9887046651933079,-0.45398843543985057,0
0.04341571787642923,1.0695907435192298,2
-1.1555710818912923,-0.99543554214547,0
0.9645155077767158,-0.3228701232262913,1
-1.1337207762232757,-0.545915984415806,0
-0.04892541304653603,1.0409452075982035,2
-0.7956798470887056,-0.5602602314221194,0
-1.0970642167358147,-0.7606720624834005,0
0.3739611922492742,1.6047496872217062,2
1.2098980495825506,-0.5686587574893278,1
-1.2503227226921392,-0.4762149168906086,0
-0.07369981651286928,1.453065480577553,2
0.0320102910563075,0.9686882512754816,2
-1.3482865166073714,-0.658543220999513,0
0.838426802326535,-0.8406517044068219,1
1.215650447165192,-0.6110469013667893,1
1.1378867439027966,-0.9852590347195477,1
-0.30490013762795964,1.0704868059207642,2
1.468507794727739,-0.3531974256170219,1
0.2074882409780628,1.41764465589529,2
0.04929000206786099,0.9833917945577548,2
1.3391921660657762,-0.8797118246097047,1
0.030579991519513367,1.1963815628629,2
0.8415147919867518,-0.6920664639641477,1
1.0045861056370595,-0.6224920419188363,1
0.24675254410634292,0.880295158297108,2
-1.2235857360543978,-0.5153856510183867,0
-0.29779525548961017,1.574348374389575,2
0.9110200697529444,-0.4981870350538268,1
-1.2962764390189332,-0.6869461179827004,0
0.13354416999757604,1.2941278427167242,2
-0.04058734120079183,1.2467943049422097,2
0.3116920471908661,1.523936935551171,2
0.35822739749852084,1.1789721800550497,2
1.0006240234225134,-0.5725966775873568,1
-0.8576142473107512,-0.4434284818060776,0
-1.0503388086940098,-0.5565054456060441,0
-1.1470074874637983,-0.675770039632344,0
0.9035518657393529,-0.4025094407012859,1
1.0472862332282076,-0.5801625857202612,1
-1.1822169484002665,-0.7309277916396133,0
-1.1111053119172116,-0.6045664124815885,0
1.298621143606037,-0.6729818797600162,1
-0.20816231651542993,1.0729942853848622,2
-1.0910419749445937,-0.5774853520837215,0
-1.123493078035919,-0.43042747135720355,0
-1.3589262950788719,-0.15170633710030668,0
0.17101262971070172,1.127679848478765,2
-0.02976080745518671,1.272994561406562,2
-0.062091086917723366,1.3695883959796888,2
-1.0546261633796787,-0.7063533808918369,0
1.1588138724205104,-0.6828490112330086,1
-0.18680412237960148,1.2395260316586318,2
0.4874938501700206,1.1457465984851054,2
0.1594319323040289,1.0031507010185863,2
0.5129962096146978,1.1093013704445946,2
0.8920571906269331,-0.38193236390980045,1
-1.0715360133114427,-0.6653108424517649,0
1.077128703670762,-0.809189556233177,1
-0.918889518793243,-0.6377480399231716,0
0.06498652610632882,1.3136993260745191,2
-1.19849510696753,-0.4027257894421539,0
1.0111997024409458,-0.4058750879206518,1
0.0724768256989822,1.3413691264938494,2
1.0936104668672328,-0.509268113623364,1
0.20631313028483983,1.39970261620172,2
-0.23093643930080046,1.3682572904370194,2
-1.1242393076933377,-0.703528187938757,0
1.4601733189252704,-0.8656485533635536,1
0.34922181107732564,1.185372746759141,2
1.2199144385424512,-0.6681722330889371,1
1.2668027239173838,-0.59457553828243,1
-1.4086248286065797,-0.8195808386940283,0
1.130353150265103,-0.5667582043471219,1
-1.3193853537667004,-0.46136907691899554,0
0.06753202104208736,1.0035452906867601,2
1.8245520620986528,-2.057580895592127,-1
-1.004264668348523,0.6214403331822956,-1
1.9515698729406499,-2.019606001188623,-1
0.5895280436650312,1.3776001155658986,-1
0.06318119090091587,1.2444713029496264,-1
1.7123314740162354,0.017856243942132515,-1
1.3298750311348664,-2.1660677014678935,-1
1.0414411271862372,1.3644711511319199,-1
-1.9252549175429792,-1.9206725915978988,-1
-0.479085698215316,-0.8334213189363359,-1
-1.0975909943194366,1.7089243445174969,-1
-2.1906865634244514,-1.5466126656779278,-1
0.6300309182014986,-0.08245785941220653,-1
0.017140907434521,0.9121297809852371,-1
-1.9740951867754775,1.1722553404105152,-1
0.6971349720262263,1.9896756695537499,-1
0.5570063341685817,2.4402446140817036,-1
-0.00016207270970021204,1.1070469602785047,-1
-2.0297073162815775,-1.1613999934102106,-1
-1.4491253924888279,0.2444001600617042,-1
-0.21948280045702986,-1.4890747230831232,-1
-0.1503463668354758,-1.7884456214256754,-1
-0.2057818050956671,2.268811760417152,-1
0.06080417027559775,-0.22691322800856806,-1
-0.059159343507022795,-1.2203476826674406,-1
0.3543729517042636,-1.6594892185947894,-1
-1.7761451550682523,-0.021709745567808116,-1
-1.6259725482721554,0.8961077085808202,-1
0.5297677164523962,-0.1462394070382314,-1
-1.3221881554977364,-0.4625306280824347,-1
1.9973208158061109,0.9428938566071328,-1
1.4001143631650814,-1.6940171809305673,-1
2.1095357241039463,-0.6565608115172842,-1
-0.5446838120847499,-0.5758188427228096,-1
-1.7777181583638455,1.2233318190539437,-1
-1.025211031953587,-0.015048346635493086,-1
1.9375991185067025,0.6035584082246598,-1
1.8086862259533631,-1.4459007484468085,-1
-0.33170091694821013,0.8876464826636333,-1
-0.7514042611432904,0.13428364918494196,-1
-1.831480603443938,0.6043389857918424,-1
-0.19672312472225634,2.0068256220409255,-1
-0.4507341086193027,0.15301922678381585,-1
0.5691610021774925,0.9676389972307204,-1
-0.7336370783528576,0.5243925115960653,-1
-0.950925234986267,-2.339502570640664,-1
1.9105500181250081,1.396537258180806,-1
-0.7289429678480386,-2.366748182886531,-1
0.11047288454355458,-0.24767052124116343,-1
0.3613085240934375,-0.6988343800530051,-1
1.0893270666381563,0.8943215774276896,-1
0.08268911994414006,-1.4771153015476106,-1
-2.024900961271052,-0.6105000042392565,-1
1.6537932993486282,-0.4616509878170054,-1
-0.8145241352536811,-0.3353593021121412,-1
0.39011843161458215,-1.260330106259395,-1
1.1131484459940462,-2.357404387031734,-1
1.7042805712106415,-2.156484266661352,-1
-1.6551863970241714,-0.23717844078515313,-1
0.1878899195980578,-0.11703463825897283,-1
-0.13153883982946538,-1.5567488558353584,-1
-1.218414342346878,0.44520315139138816,-1
0.045994810959560754,0.9722566374589604,-1
-0.7747862201827133,-1.5091859941436705,-1
0.972818253510113,-1.6739792810641339,-1
1.1434425947642772,0.7319151148277622,-1
1.2269193169294519,1.3679424248427443,-1
-0.40751234211442905,-1.1678408340656417,-1
-0.361677916085151,-1.761060874833049,-1
-1.8021439431995339,0.3800322768421314,-1
-1.5127013714553694,-1.5700957001954494,-1
-1.2514207594746287,-0.6525777185745728,-1
2.1498385038478007,0.8906228074167897,-1
-1.168028110033038,-2.356847577223448,-1
1.076195936638319,-2.0534524098995837,-1
2.079002794858545,1.0970775919227116,-1
-1.1679067721027565,-2.2871405254730606,-1
1.1738327663361996,-1.012591286966464,-1
0.7660369402231866,1.4733135574797576,-1
1.299200690561008,-1.9178204022075886,-1
0.2134543621956071,-1.8298101778013534,-1
-1.2514165841415554,-0.10915257961458806,-1
2.223813451782511,-0.6979937264725017,-1
0.8731256198668177,2.2268198122695004,-1
-1.2695599914486306,-2.1046034632647284,-1
1.0370910793694823,0.49596981931616707,-1
-1.7203743002322933,-0.9158051936312682,-1
-1.464953571661325,-1.007325779020739,-1
-1.4544672083012788,-0.695104988089457,-1
0.301471266837618,0.5508134526682539,-1
-0.3600627755775508,0.11826328930265247,-1
-1.998790968395871,-0.03320441976325483,-1
-0.9777384452487794,-0.20318241302225307,-1
0.5577517475236683,0.8155751752071515,-1
1.6110928952593306,0.7948626742389794,-1
-1.0407932208356792,-0.5221311571719094,-1
1.0684076514363643,0.7280686132621094,-1
1.699439330815065,0.556864726344816,-1
2.044311008358693,-1.5387384348691109,-1
-1.842411210417374,-0.5699079549052914,-1
-1.7397201212078703,-2.2311592392635418,-1
-2.064587274361808,-1.6509384095157005,-1
0.6780788288647678,-2.3800296171270463,-1
1.942649373841968,-0.09776519318948232,-1
-0.8102379860349231,-0.09504849409181908,-1
-1.2210982973488096,2.027948789656773,-1
-2.0143342627123744,-0.5984930676810875,-1
-0.9820918184275067,-2.2444387161825547,-1
-0.728146176243629,-0.02169887920885583,-1
-0.9214871460508968,1.8748815924623612,-1
1.551021331199201,-2.0663648606889593,-1
-0.4124540489134244,2.406923815059226,-1
-1.437647624926414,-1.4554214949576916,-1
0.3982843109330444,-2.422496401539808,-1
0.049788758773382534,-1.1826417442758794,-1
0.944960268644259,-0.7681350918675808,-1
1.1241461612009571,-1.267542826217712,-1
0.8926471755297494,-2.0898144864700696,-1
0.15450870545869902,-1.7017549646025105,-1
-1.228050196597786,0.4390791588473413,-1
1.1680559145006493,-1.8416078160974985,-1
0.010424346659688903,2.1551357745700823,-1
0.21930416485969237,0.9937901381466583,-1
2.2297207453321937,-1.5070830831365152,-1
-1.1311287729408155,-0.807745676401177,-1
1.9906924738488985,-0.7300372230261508,-1
-0.959256259539747,1.4995173725006596,-1
-0.657900863291283,-0.7900127521526218,-1
1.203522952746806,2.033382449332358,-1
-0.5367214819984583,0.07100782224468558,-1
-0.08532779700714868,-0.47155715863448383,-1
-1.0152239615073557,-1.7553930074703756,-1
0.49420673564801765,-1.7848862486203212,-1
1.5337964738064918,0.9210843840161383,-1
-0.49851298380102277,0.9764837948989842,-1
1.564232839275638,-1.280831511905798,-1
1.4610186470278281,0.38405410547710533,-1
-0.8445022942839464,-1.1271893636250518,-1
1.7772326062008383,-0.46575886770667646,-1
1.7609990793485648,-1.6167887736377842,-1
0.9915399044470549,1.470247964660557,-1
-1.834657505059029,-0.31484163550773714,-1
-2.01933913444077,-1.3995346386032532,-1
-0.8802182565337224,0.15629149345391813,-1
-0.9076704894642287,-1.1344494456217693,-1
0.3536339483766109,0.711452018021662,-1
0.6258232405858778,2.0406082134105734,-1
0.13874376474213235,-0.8983846720242253,-1
-0.4511746163441652,-1.0592223078299625,-1
-1.404855203884628,0.7704128627940592,-1
-0.5753951957678148,1.8599989653875741,-1
1.9836176383928,-0.15544718838600005,-1
-0.08152358212491967,-1.8895328160681013,-1
1.0700549705459037,1.832592847898961,-1
-0.7070255831123988,-1.7133225966389118,-1
-1.7099625286669033,-1.4427207801205644,-1
-0.47388903966372936,0.9824097505796221,-1
0.5676376865725312,-1.495856364679229,-1
-1.0627099650074512,2.3916539997480304,-1
0.9913107295374189,1.307293703018617,-1
0.8035418316376229,-1.842311992978215,-1
0.1938825496027741,1.2910161965933125,-1
-1.2988501481605348,1.8439231641611935,-1
-2.1914298745821217,1.6268589887298048,-1
1.8341438436772703,-0.894735171686902,-1
1.9712325932952521,2.4599675935688095,-1
-1.748456373628527,-0.2650900265605281,-1
0.081035292786743,1.9829447596288956,-1
-2.0937817280650304,-0.3361837851678997,-1
-0.38616082871558294,2.4120490887385997,-1
-1.6199507267196194,0.009253069891851025,-1
-1.9089068074448883,-0.44178008305916,-1
0.5484520172768582,-2.1538827053521263,-1
1.8522269446932802,0.37981517712408963,-1
1.1505902891259505,2.022482031559073,-1
-2.0470263182930526,1.212215366782177,-1
0.7030348330934444,-0.8511021551249691,-1
1.785503059617889,-0.4464545484715801,-1
1.3901832746944358,-1.842689404780568,-1
0.6630402559087404,0.8753747792102987,-1
1.4358372758092712,2.1003106860876413,-1
-0.5584798069869097,1.3773525828091944,-1
-1.9572168710186526,0.19804449005155383,-1
1.0437826152093181,-2.3227558642987916,-1
1.0374218416577796,-2.3657095047275196,-1
-0.7233535778091751,0.5793030845540075,-1
-1.1274994616919478,-0.4729546281611718,-1
1.9899673914681082,-1.2490089677941643,-1
1.7607316289219206,-2.3979513180297354,-1
-1.5953243327413158,0.9180201569636239,-1
0.16205996096237987,-1.6555756114365712,-1
0.9201862546285055,-2.0136022292784665,-1
-0.6587967161192467,-1.5388636736697907,-1
0.7516317013581835,-0.25953547478839983,-1
1.499533740319167,0.5715371846162414,-1
-1.2101064450588088,-1.1543347085210787,-1
1.7562433718891146,2.282414492024738,-1
-1.1722761738571645,-0.21261599872344547,-1
-1.8861802630342948,0.9860922036820908,-1
-0.7888665484264606,1.7281021810905717,-1
-1.3853486486924746,-1.4748730263663108,-1
-1.9646259386769078,1.8083598299419719,-1
-1.6566815581416918,1.370579851320145,-1
-0.5741173566594087,0.1813971975888769,-1
-1.1318451184785847,0.0722069550376585,-1
0.0017560896780392094,0.7086078042122574,-1
1.4781165343778073,2.47176318335753,-1
-1.93398371457075,-1.71979061984001,-1
-0.12331129962333753,-0.8984599251914336,-1
0.29977185742472484,2.016238158767843,-1
-1.9947899780751603,1.207060049311761,-1
1.8544518109507186,1.394234570741327,-1
2.05390985761923,-1.5227838056394487,-1
1.3986191419886793,0.1341309294244514,-1
0.253184538046408,0.9785839207492878,-1
1.2738022957154096,0.36186359397063267,-1
1.8453559325744464,-0.7459728608656719,-1
-1.2397939938289726,1.5130294853932234,-1
-1.7009467139186947,-0.7782665205703924,-1
-1.5324125074494808,0.5999903591242731,-1
0.0693984909956056,2.3387213740286437,-1
-1.8083108531659495,-2.012356234764494,-1
1.2300650608143677,1.9227203673610145,-1
0.44701576242437907,1.8152057866389655,-1
-2.1879817348312107,2.0627274163801474,-1
-0.28825328918251814,2.2321851986802366,-1
0.8865626378405548,1.9449155631576793,-1
2.0592644528874224,-1.2212796313682797,-1
-1.1634287825001715,-2.373533434162848,-1
1.9053896666309504,2.010676777835006,-1
-0.18579581168848677,-1.7389257349357559,-1
-1.3850747190644748,1.1870818601819981,-1
0.09742386251384387,-2.2070756631723363,-1
2.0249206847154473,-1.5500905188941183,-1
2.1730313078166703,1.1935762307444984,-1
0.4638412243898842,0.9414438487805405,-1
0.4640688549365301,1.4899876812963613,-1
-1.422319981017983,-2.3022014065654948,-1
-1.668030638373684,-1.2939269857043056,-1
-2.0144053237313284,0.8509265775395589,-1
-1.7837426050151537,0.2705006550091179,-1
-1.3959301512724829,2.198676235365861,-1
1.081752198523238,0.4956092703000612,-1
-1.0398105492137333,1.5164918542239725,-1
0.15902179020164808,-1.5177549005102866,-1
-1.9722388614019846,-1.7249249603446466,-1
-0.4572211257696537,-0.3472742281466891,-1
-0.5326729798564442,2.2017226130271212,-1
-1.8644660756635933,-1.3011077289833985,-1
-0.9062092592033538,0.6918841079737617,-1
