-0.0542222553186065,-0.4978570433037099,1
-1.2159974246688192,-1.1542753499640508,0
1.2127946318837335,1.3001565632360854,2
-1.005570936538954,-0.9955922065317014,0
-1.339076398017447,-1.0792378460481191,0
-0.8303407585206342,-1.0155857444070286,0
0.211897619847231,-0.4510197515135442,1
1.206503743469083,1.1291261200460125,2
-0.8787279040055083,-0.9654388061319311,0
-1.3707282867549593,-0.82344047151336,0
1.3175571857631774,1.6399193109094532,2
1.504452938873194,1.5775508984013684,2
0.6782146509544245,-0.04978514379805962,1
-1.493242232172375,-1.0092541205435703,0
-1.8469148511209623,-1.1386044430485105,0
-1.414597914604524,-1.115167130574532,0
0.756971426178809,1.2922810753622171,2
0.7952375435666237,1.2929900570359707,2
0.322258180048033,-0.5720285483096881,1
-1.1982554054983547,-0.9007275046339529,0
0.49067668484165095,0.09591713850645812,1
0.25878676918922733,-0.38758290157795755,1
0.14352407938495626,-0.1778289360058104,1
-0.908706919993893,-0.992798292749039,0
-1.0512430218444826,-0.9213453510743482,0
1.0147289208439019,1.087184786398497,2
-0.25805334069574654,-0.33863185224559694,1
0.6081983459710111,1.3088819021764617,2
-1.199428276665044,-0.7529846502476613,0
0.26672944954323374,-0.2674174074777879,1
-0.15338292523338512,-0.3470203815993447,1
0.6232710782316303,1.5720924952913777,2
1.50723033274571,1.194016183075476,2
0.9572436521613644,1.2212083285580986,2
0.048244504942190194,-0.3005563840757172,1
-1.0883533718583405,-0.9077436194676328,0
0.7756693211107413,1.387780143480983,2
-0.08547089022071486,-0.4024573784828199,1
-1.0864600362223538,-1.1390454872058666,0
-1.1098719336193912,-1.1362239139501689,0
-1.2777568076575037,-1.3606565788776614,0
0.004362554830323393,-0.3627153466868414,1
-1.2447262164879958,-1.1739226312746058,0
0.41919013246544784,-0.26105474137283197,1
0.4680427017839478,-0.5214714016679065,1
0.6406349860757768,-0.4033204423175374,1
-1.3126215117127622,-0.9811769334839276,0
-1.0653124107751317,-1.028066001609106,0
0.8784566494839433,1.1741275450189135,2
0.460705408021389,-0.46706070399207433,1
-1.3536833408202444,-0.956373689223054,0
0.20099286679655973,-0.5746575013330016,1
0.22570081765879701,1.286450135709511,2
0.042976128105111526,0.08534300564884735,1
0.9225485469433693,-0.3004707094539567,1
0.5797608780332603,-0.38514322590618444,1
-0.028944104097691273,-0.15846214931272465,1
1.2766670701294311,1.130415049244959,2
-0.5882626789528218,-1.047373102414628,0
0.2530874616806024,-0.17609825751663014,1
0.2907672799296559,-0.5007615466320947,1
-1.209141629399663,-0.9635635963517177,0
0.23484575878507907,-0.19597313859953114,1
1.0963690097104581,1.0192675352483185,2
-1.3413785714601376,-1.1060564030274487,0
1.3375832638571388,1.4178701387042774,2
-1.545718385411724,-1.008820039655439,0
-0.9866211595069098,-0.7091547703507812,0
1.3128626528164073,1.655278545374244,2
0.3479506362854587,-0.10693041197535634,1
1.1646547529066427,1.1266138268996613,2
1.4564670479793143,0.9253595875324102,2
0.9058957626537876,1.118724027910608,2
-0.9590436154671822,-1.029957729637082,0
-0.028004588137838887,-0.32034484578227024,1
1.1828429239803204,1.3365000098334185,2
0.9429740658452244,1.1124936340799096,2
0.7886102567958991,1.1861742910963629,2
-1.4712645997535485,-1.271787859291076,0
1.0678201253715225,1.6726551198314943,2
-0.3944335042303449,-0.25524384435514513,1
1.4064491285603329,1.2854563001609187,2
-1.1686166410866583,-1.0127986583735002,0
0.49480889309573756,-0.4038803752143876,1
-1.0874712176565207,-0.8303564096855061,0
-0.8817076072856049,-1.1305030616806115,0
0.09439688474152025,-0.6815301145746219,1
1.2761577137089828,-0.02380293316168264,1
0.11173488790502627,-0.024355688576880426,1
1.40792841276065,1.248784538725938,2
1.2106327565528203,0.9713129237763626,2
0.020322451834472125,-0.11296352927731555,1
0.11020022269998893,-0.09519152473179687,1
0.8448248220951053,0.9655859903653302,2
0.601384774978683,1.4680852012126493,2
1.0511679417128146,1.117085626277761,2
0.22872080944678155,-0.230619150881194,1
-0.7481043499915259,-0.775352941223595,0
0.9198549724626944,1.4280474387270286,2
1.048576772503489,1.3381335286863503,2
0.43021543483339114,-0.23590680782489357,1
-1.5227679986087568,-0.8801451647605876,0
-1.7730312833150148,-1.1894998756341453,0
1.630642823146459,1.2409430713350993,2
-1.6678899033886858,-1.0682885528329542,0
-0.9099293076040862,-1.0170793982471726,0
1.2935059148771344,1.5116274639831062,2
0.5120598845587859,-0.4813292206770237,1
0.8104671832406142,1.721597652507713,2
-1.0950245972065757,-1.1948920443400897,0
-0.837783894628453,-0.903413323529243,0
-1.493013675943795,-1.1281907888874703,0
-1.3854930915240988,-1.1160902280537144,0
-0.8730055012541144,-0.871922753825087,0
-1.1515291196682755,-0.820124714701201,0
0.6073340564717856,-0.3468020297310842,1
0.9779331234676335,1.332460598134312,2
-0.5427876878154217,-0.8259745068884896,0
0.249545839734588,-0.5351644350293233,1
-0.499061606665462,-0.5778998278875423,1
0.48933810037510195,1.3783222916521853,2
1.1946375884899298,1.314800572747716,2
0.9619027955297005,1.1589757855928007,2
1.3959909921733888,1.5071416369418087,2
-0.004589346215839762,-0.21278175706861666,1
-1.7598577725309634,-0.9301495610491519,0
-1.2339572057923756,-1.3215553573396532,0
0.04570376518676101,0.08933204572991926,1
0.4512363001542701,-0.37621335570001596,1
-1.1516669075511339,-0.7710090458852675,0
1.0880079557863327,1.4778808052284196,2
0.2510243231414155,-0.5834018662974836,1
0.6173397382267206,-0.4096303289913382,1
0.6613368643462482,1.4888033021854261,2
0.9473973222209006,1.2944385100236622,2
0.5851036483172953,1.3099094021764435,2
-1.2625033060722426,-0.7990540644162587,0
1.6170463116195986,1.4603747247707737,2
0.3995098479893411,-0.16014573251619527,1
-0.11732261506838106,-0.5209563988093797,1
0.3936981023211222,-0.6166164417296673,1
0.24659494629916714,-0.6395891513994441,1
1.7879978715028886,1.654918311864407,2
0.5175424308052169,1.5965422882156486,2
-1.343553805820217,-1.1821806477106198,0
-1.5954337350073469,-1.0862290163031836,0
-1.1222045806484298,-1.0582496085649735,0
-1.1265048485564977,-1.0603134039795055,0
-0.916424872763347,-0.9709044822398877,0
0.7659316237876859,1.3503235752117289,2
-1.2857131833284436,-1.3121556669171486,0
-1.0188695344223164,-1.4836598086874129,0
-0.6797450324898573,-1.2458460102592117,0
1.0306034926011638,1.244529436060176,2
-0.110422505170105,-0.08231814401283434,1
1.784210170084308,1.1003447668373927,2
-0.9405445467277898,-0.7988890945088785,0
-0.1521940098683157,-0.3371988187613568,1
1.4466221664709311,1.4259999543835025,2
1.6189113035941072,1.4518468379410052,2
-1.4230413473259969,-0.9070784122027326,0
1.0082729963943289,1.438158110735414,2
1.4422796744846549,1.3255276552097672,2
1.1939741705794606,1.1895211081993324,2
0.20061301729019912,-0.4359230233953266,1
1.0550132366526461,1.27624618556743,2
0.6443263707655912,1.465874133733227,2
-1.4464619187801,-1.4098052457311012,0
0.961018566283572,1.147038601703909,2
1.0167991699720242,1.4439346255007637,2
-0.9005618769957872,-1.0118454394838552,0
0.22378408024768026,-0.4499179279456273,1
1.1324327964295648,1.520579314592818,2
-0.9294219801328008,-1.089665555963567,0
0.8295137159480643,1.6587948633853207,2
1.0193433429585177,1.5560731440776279,2
0.32710812774513315,1.4549902254380296,2
-1.3925300610217919,-1.022793298503119,0
-1.5486748980729712,-1.2302779202949168,0
-1.5782792153683807,-1.4224853558898665,0
0.6244027094752044,1.1513027503476383,2
-0.7632821707541433,-1.1270744582308396,0
0.2958846141143668,0.9902720355135772,2
1.4763861829157665,1.4363827587288653,2
1.1510919113703553,1.7976899552752887,2
0.3303862189408596,1.4345315934694174,2
-1.30892266818814,-0.7876408071841213,0
0.33105414602141003,0.1010035105225745,1
-1.604799329161981,-0.8310274680910232,0
0.9347047396853112,1.2802285581360464,2
-0.24995950265221378,-0.544872552266968,1
-1.4186013069194052,-1.1171271234355282,0
0.737203032971219,1.2187734902113176,2
-0.8491391041769129,-0.6783198770171893,0
-0.7716630477022142,-0.994534459673177,0
0.30879004269403504,-0.3973461144311878,1
-1.0435552872108529,-0.986103265069613,0
0.6730356766310341,1.302493958673214,2
-1.0642853817251794,-1.1225477947164078,0
0.1118782021171445,-0.1261012994311325,1
0.7544243034663323,1.1352543777307325,2
0.85061348594181,1.3350983868515147,2
0.2788316606863607,-0.5445366433882153,1
0.23361575946437824,-0.07575705091736017,1
0.7197882202208651,1.5470109575099524,2
0.10039185573450571,-0.24281575519274806,1
0.5283638826506912,1.0553456640446692,2
-1.223651850456743,-0.9235442549266667,0
0.8078667159336221,1.2694270151486042,2
-0.7131470151162954,-0.2977842259590863,1
0.9409417438814843,1.0457812258053178,2
0.5006005490669735,0.043581683194347465,1
-1.1858552813686514,-0.8517514818792382,0
1.2765914011357857,1.4959076849082324,2
-1.5696260452552613,-1.4386725097064041,0
0.6657086580585012,1.330860427408194,2
1.0213873678773209,1.3186039856131602,2
0.46978212416512705,1.0347689840776102,2
0.6202231720855175,1.2723337154354966,2
0.5524367867384611,-0.3468329075600227,1
0.09434726356087837,-0.5556470245994884,1
0.8978928173075057,1.194961068626433,2
1.6092426101807114,1.0262914969885186,2
-1.977221799008973,-1.0428341831101788,0
-1.0150802435323538,-0.5953354400947745,0
0.7757644433899443,1.1803101966295586,2
1.2792005576154772,1.5443553471883227,2
0.05846391211695352,-0.5121888073055052,1
0.6014333535526536,-0.7040338505107727,1
0.9379434328294036,1.1694581657481906,2
0.012812743884917606,-0.4445521978924603,1
1.3927589852505335,1.3637211033957084,2
0.19911667538402714,-0.32890856530166757,1
1.4532902336316362,1.5751144881593455,2
-2.165549155571399,-0.8956056449841809,0
0.9867150336263778,1.1861416498617832,2
1.0198478146633605,1.271548325548908,2
0.9963657887179231,1.1446423635388125,2
0.03490035461371852,-0.3052047691935156,1
0.4012621907700658,-0.48010796268295536,1
0.5756107585301604,1.5634491308152652,2
0.44004804329822855,0.1284175275151593,1
0.22788775070679984,-0.6035336777752944,1
0.9342260330820389,1.4592494052796807,2
0.9256093980820153,1.4223792584880104,2
-1.4496559872418406,-1.1596240038722905,0
1.9498627348718507,1.243337144608871,2
0.2860290097741725,-0.05943865545262041,1
-0.35810127572445694,-0.6703348081696284,0
0.4564980584883094,-0.3462070778561331,1
0.1009566159898404,-0.21866713011791197,1
0.776609119491893,1.141794838691311,2
0.04130757286577016,-0.05495759639292583,1
0.49878370480347334,-0.13332297182598296,1
-1.5521873244102173,-1.0681098268622593,0
-0.9064336482779457,-1.1558247178207313,0
-0.6888222147814167,-0.7526917101541404,0
-1.2497398144574814,-1.028637404777211,0
-2.3288459239893022,-1.1424206662779337,0
-1.3240417776883973,-0.8999309649873476,0
1.8981502702762656,1.3000467004553493,2
0.24155587037318585,-0.23903056804619432,1
0.2177750220413645,-0.2887127556445471,1
0.4980742731101402,1.384713679543257,2
-0.22231821157798076,-0.3031769934734322,1
0.41253262682371344,1.2713829411820359,2
1.1147520574829832,1.3859935466910878,2
0.5926882750975263,-0.0022870426929102916,1
1.3891848841197014,1.2526860954067511,2
0.941017171595909,1.0075980672473153,2
0.7644785467261305,1.347747209226947,2
-1.6159758065420908,-1.1828725921932033,0
0.39871688171055725,1.374078235615365,2
-0.7812367683463708,-1.2664841684055175,0
1.4186347690810215,1.4879346085577048,2
-1.0676436992849225,-0.8145225301710151,0
0.8791542262954511,1.3699632816587595,2
0.9969619647416132,1.3549576236621628,2
-1.2799466933466181,-1.3415845569898832,0
-1.246586464836869,-1.0712497769336045,0
0.8095358774896284,-0.24066691441722066,1
1.16835551246527,1.3986189248926586,2
-0.3341945445270309,-0.49593408850169485,1
-1.4009507183001129,-1.1204369135365773,0
0.9698423398819255,1.1741232506601422,2
-1.290954125501785,-0.7946184801505056,0
-1.6569611777476543,-1.0667303116934066,0
-1.3235098870538367,-0.5066091134955447,0
-1.0257635824510265,-0.8743404627557504,0
-0.21869126292288252,-0.2526944609944414,1
1.0122739380923127,1.3918509680147528,2
-0.5808514429377447,-0.4262089908579165,1
0.0797896054391816,-0.4765903777704714,1
-1.3136190463404491,-1.1724675395531476,0
-1.306629455720382,-0.9473464570604133,0
-1.1777353220573363,-0.6470683430773243,0
0.2887956835955907,1.4655401655772462,2
0.15152689805073716,-0.019244070099433543,1
0.313254135116627,-0.39503642280426654,1
0.7648763999137869,-0.25637212880537646,1
0.2929537409037489,-0.30055187910874925,1
1.294534564853671,1.510927595701209,2
0.8599336177807965,1.119317121912489,2
-0.0726759082203395,-0.34103728274271766,1
-1.202895586293746,-1.0577623686612376,0
-1.1245321175987488,-0.8266522824765883,0
1.1559290754976743,1.493099859087862,2
1.31855025122736,1.2803615684390037,2
0.9397566605001796,1.0541128900100916,2
1.1209345294664796,1.3968280448482702,2
-1.1905280270444514,-1.1070553658612412,0
0.5722502973089276,-0.3831764359029721,1
-1.4632491182046785,-0.8599374539658867,0
-0.9096140036718146,-0.8978953135251977,0
0.14037907478831282,-0.5702149948712391,1
-1.1731742592852907,-1.1107974507907081,0
0.7242525164132385,-0.17945706507001208,1
0.4801320369368969,-0.3388015175281868,1
0.14665752917916697,-0.7946415678436427,1
1.0850906985820181,1.4551073951621813,2
-0.4152310720005954,-0.6468531687010505,0
-1.6104297030875712,-0.7120254460519595,0
-1.54328704695704,-0.9983560347061767,0
-0.9693074645643399,-1.0138202450383342,0
-0.8707737169582731,-1.1474989079309232,0
-2.057112994743835,-1.0596317043574832,0
-1.0479188808581805,-1.2690818950344525,0
0.806294614250622,1.4607211038683243,2
0.39574553417795033,-0.37745301362113054,1
-1.778281315212067,-1.0066561184011311,0
-0.0028455614674178275,-0.4959683007841493,1
-1.112694737961972,-0.9762874132243261,0
-0.9979786780301416,-0.9031842217073082,0
-0.3857774978898478,-0.19897314638841873,1
1.1633589358424112,1.3393814759978386,2
0.9959414855235352,1.3586690513508863,2
-0.8815364872220293,-1.2468819657078676,0
-0.23661263414278028,-0.13902136474597904,1
0.4441803112474526,1.3788060974962881,2
1.019376451733105,1.2541255182141964,2
0.7675696170695684,1.1906516342365565,2
-1.4261437077201258,-1.1284471062675892,0
-0.12774525262413677,-0.6010117756273636,1
1.7262573847050895,0.9125012871622237,2
0.2609137725563347,-0.14916656900988454,1
0.5413192606841638,-0.2822735084139664,1
-1.5666780929145296,-0.8662174962033496,0
0.3700922758796986,1.4075714155542987,2
0.5530280331431469,-0.06057959331666983,1
-1.633682456025231,-1.0807706194673727,0
-1.649123721174844,-1.1520864894546807,0
0.5799557998931955,-0.2481786706354763,1
-1.6702135302261885,-0.6067658577191578,0
0.21494933145837838,-0.15052333503971665,1
0.16324120785748292,-0.15841060371628837,1
-0.17081479059450153,-0.3155066005179183,1
-1.3275302295921831,-0.9368824830742408,0
-0.8419312968571266,-1.105411345460792,0
0.4918403543194406,1.344168893127034,2
0.37885491710901414,1.4503503059941132,2
1.1802882490833304,1.4954577865843282,2
-0.9509258445798747,-1.330400244643233,0
0.29678110337358604,-0.08034646177243861,1
0.14835438598838724,-0.056178751294620514,1
0.18477234629907616,-0.5064210003719586,1
-1.0158059864578373,-0.7548749030557461,0
-1.74133445578016,-0.8228416153876094,0
-0.001383773387856282,-0.14547723289308445,1
-1.5687246383078979,-0.9822108360708596,0
-0.7767278408392886,-1.1155599896704027,0
0.4812001495189429,1.1709941058707656,2
-0.9850766997005526,-0.7558819597310108,0
-1.5442628999345562,-1.1941841399370474,0
-0.8898372933199281,-1.165051108794747,0
-1.572202017246524,-1.1952539471457628,0
0.524285388654794,-0.7409756349764713,1
-0.521633651399208,-0.26074297380826283,1
-0.2015829810239869,-0.28406029751864775,1
0.9546532507832155,0.9443075063663514,2
-0.017088893913543818,1.0460192699058466,2
0.0940470927683281,0.08075742317722842,1
0.2664243813599359,-0.29774436165042184,1
-1.529882437370077,-0.8362912664692046,0
-0.34063136873802685,-0.599428251994516,1
0.902622555121576,-0.47006887770182126,1
-0.08006175476466976,-0.15633191105287242,1
-0.05898257231061045,-0.8454970432374956,1
-1.003505532304346,-1.0184291521035886,0
0.4595905985175094,1.3178111383632922,2
1.270864832610958,1.301453704532764,2
1.0729505406433102,1.2298518161784922,2
0.07566500424369016,-0.09164052360704465,1
0.7386832108473415,1.4150462938677248,2
0.4298430364382768,-0.151341274023222,1
-1.9876617957858023,-0.8829654916828934,0
-0.8251890847076626,-0.9538978753867593,0
1.4710558857135108,1.1205656029605853,2
0.8707527857194322,-0.31390612725253364,1
0.39660357266384616,-0.36867000577948333,1
-1.2389240697452863,-1.1608299489644693,0
-1.1546050444722695,-0.8555153708586426,0
-1.3337772652174777,-0.8709546429524959,0
0.5818246149909698,-0.21587472772434504,1
-1.4255077472625866,-1.1252866202687597,0
1.1001633992675743,1.208182875104719,2
-1.7502514485977705,-1.0621405412388347,0
1.0674661580004896,1.19752669483262,2
0.607194373610589,1.421744780906358,2
-1.5075594522465652,-0.7588557395144578,0
0.9126424376174638,1.1142090317713498,2
0.60669186960114,1.332447934180808,2
1.0856573238245573,1.333284677099164,2
-1.4355851463709115,-1.0837123613044444,0
1.3622794276456782,1.5046806908503747,2
0.7385364522262308,1.5307301720689637,2
0.2429385437198774,-0.26966862872773767,1
0.31915606046096634,-0.632244124357285,1
-1.0256573193061602,-1.196423212378205,0
0.1336275751474669,-0.1311264875209199,1
0.24639487777770908,-0.6155511851950151,1
-1.8266089472506213,-1.1329347826690583,0
1.6371863686187278,1.3211360736862368,2
-1.0681526151584948,-1.0759612303120567,0
1.010099342062746,1.1297484621939744,2
-0.37318374117525527,-0.6254720580706669,1
-0.8107937167391882,-0.6871172989100174,0
0.20265652964925146,-0.32608031312824326,1
0.7377636097750567,-0.009240218864499128,1
-0.839736239164047,-1.2358354579939208,0
1.2327822419307932,1.4345266696559142,2
0.7142474144983013,-0.142082004892984,1
1.3143852982141413,0.8831445229102399,2
0.34388022587532047,-0.17960119764648497,1
0.7642280909386675,1.203050249581898,2
-2.057704237093146,-1.1226171805992073,0
1.0258105508800128,1.0233371238036197,2
0.9145780910425051,-0.12534325073058253,1
0.5317143296932694,-0.08941302771254314,1
-0.993769245791255,-1.3082782735664042,0
-1.1319356291573337,-0.8029145929960464,0
-0.11152476825660555,-0.531532792056702,1
-1.2575870125084,-1.0140635082001566,0
-0.9018493028688577,-1.0159707526101966,0
-0.6206192049201218,-0.9028216092429713,0
-1.1116466281894992,-0.9581709406781268,0
1.265898908809529,0.9542801164943836,2
2.3490261706740054,1.5166129778439494,2
0.607120935969306,-0.020748238628585627,1
0.9965044893157992,1.4886629372115592,2
-0.8785120975808636,-0.7040496823570386,0
0.39906145807561927,-0.5040060740330247,1
1.2897509368515179,1.5343295611864625,2
-1.2578217139843966,-1.2025976025535619,0
0.41218856097273143,1.5002244213827634,2
-1.2307717806944614,-0.7380065983762061,0
-0.1473613736171855,-0.7524652536715072,1
-0.7363399846791607,-0.7995200272993412,0
0.40043238234413797,1.177502465360319,2
1.687353933260308,1.341285212205672,2
1.1717319140388907,1.203088108530982,2
-0.07916078611403181,-0.16824741394410417,1
0.49881339141767417,-0.42611865534925275,1
-1.2475847435517833,-1.2848084905129737,0
-1.4754992389757404,-1.1095136572850663,0
1.2841398410453437,1.3052479944586306,2
0.6169090329147859,1.4203643496784215,2
0.545485654796508,-0.4341299250449024,1
-1.401551807668306,-1.117283581905051,0
1.4824440198279198,1.2114085872247196,2
0.6802656778672255,1.1427837685091737,2
0.9164070379551433,1.7003494633433218,2
0.021769232446927494,-0.2404920644753942,1
-1.0325518257932855,-1.1033712989837519,0
0.1625044140183951,-0.791354252861507,1
-1.0120203638196184,-0.585774651466579,0
0.3398820984500405,-0.43168798132053127,1
-1.021612410113243,-1.1558085822102129,0
-1.7831759095934077,-1.0158574738099182,0
-1.2163966954385639,-0.7943372587751304,0
0.4425810640290596,-0.2563643035586635,1
0.0033423331265809756,-0.3407946499384934,1
-1.6381059689621973,-0.9327712730113262,0
1.3410867905576813,1.2646875571726048,2
0.3051214045025854,-0.5618192159520606,1
-1.544850335088575,-0.9026099812723051,0
-0.23986742076598824,-0.2727154858060052,1
0.22737503478942842,-0.08675648652614307,1
-1.366684458722769,-1.104559341435373,0
0.05972358628471654,-0.08984315338894666,1
-1.3236937820042165,-1.3032678891238647,0
1.0368923691714313,1.2579187503205544,2
-1.300331153078322,-1.014431610593862,0
0.7512114289496107,1.5336450962400663,2
-1.4342886633017036,-0.608746452085872,0
1.2573255660185616,1.4946977708261704,2
0.39714907595407545,-0.3905415920315371,1
0.5600338320385921,1.2722250249327471,2
-1.2857891137618662,-1.0160073149758257,0
1.3498007980157094,1.6762293063939733,2
1.3851002000801742,1.2040267106958358,2
0.8062043176531969,1.154561111185679,2
0.5199651776983923,1.0780915870279,2
1.6358478490061925,1.0549643694375788,2
-0.1679003234741294,-0.5569580755423051,1
0.29847077362117796,-0.3028300773253751,1
0.427667730747496,-0.004998858676108876,1
1.414761298883865,1.5314816891218392,2
-0.8680030589216132,-0.8607537246653932,0
0.7319934102536144,-0.36461230831636393,1
-1.7697358665711902,-0.7872050215466995,0
-0.11422874652821768,-0.42378999669628836,1
0.18343732256259976,-0.4579021307364784,1
1.041026435714387,-0.22984464610278887,1
-0.690656836394508,-0.8606273914017595,0
1.4968680725841388,1.3812822870848385,2
-1.287331462284777,-0.9147613311319366,0
0.07070975698656314,-0.2859924281010019,1
0.577713797389406,-0.17986391360037254,1
-0.39460087421282836,-0.28405714440825786,1
-2.085905024022494,-1.2787402537781092,0
-1.3844337101361157,-0.8674071124716485,0
0.6580651003023446,-0.15758338698373062,1
1.2577696236296443,0.9744089043823922,2
1.160767911543005,1.1469596712210497,2
-1.0962276752304663,-1.1783760447877238,0
0.4869909557435556,-0.3056233011670663,1
-1.1286563005469,-0.8538249863459111,0
-1.2704005923543389,-1.1392497299507116,0
0.8062902464470311,1.1885848772931977,2
1.0800623181459654,1.238654903681607,2
1.2374598798161514,1.1794202382751793,2
0.6765304201124691,-0.05551920635739517,1
-0.1956394900409818,1.1115472574797205,2
0.1664568116460965,-0.5451596442344905,1
0.26186146895026075,-0.4342820881020466,1
-1.5256837234463139,-1.0018345305463527,0
-1.952577339811387,-1.3763367959432102,0
0.92438034323622,1.6148676418311558,2
1.3463063342564,1.528478199628436,2
1.1658407639904649,1.3971226493825528,2
-1.9508520288447944,-0.9565637020044997,0
0.5713304427930012,-0.2592091694983234,1
1.1678509547269482,1.4005724869449527,2
0.9294059667337538,0.07481332271864202,1
0.08942037301149622,-0.772678961404039,1
0.5045691220098149,1.134189395892487,2
1.20213443473311,1.3645594160813594,2
1.3271061774365869,1.0973009052918403,2
0.5591676228302245,1.1112105921211564,2
0.3562136546399678,-0.1839616784360548,1
-0.04445783933798465,-0.6091500793351236,1
-0.947171419046798,-0.7344893442653525,0
1.1834322718250192,1.4045963633221872,2
-1.0329283554887696,-1.4075410533004495,0
1.808344997815785,1.47325026157863,2
0.6724606936370613,1.3696457466489007,2
-1.004765329509415,-1.124421998425678,0
0.11989394722268465,-0.17028315869234686,1
1.3626768337078872,1.6366063578296888,2
0.15618065077725454,-0.5437962066238187,1
-1.8433169241953091,-0.9329832650725912,0
0.07567943266208317,0.04578541223640652,1
-0.9798163895089068,-0.8687768177291649,0
0.13062144194060535,-0.47622783360881776,1
-1.0797091070038873,-0.9783197165175032,0
0.16686754294396133,-0.3721683422294536,1
0.7759506710749656,1.4863940716429203,2
-1.2749624562235382,-1.310141342146335,0
0.48140285280320133,-0.47785340788864233,1
-1.134517858054975,-1.0733072800998453,0
1.0125149917740053,1.5220483925686537,2
0.9057115432608148,1.3342724746014345,2
0.9617623649084778,-0.3529516592892177,1
0.24186922695629934,-0.20596089364034298,1
-1.4896729295295585,-1.0440725639907116,0
-1.7683652619881067,-0.9586020932158346,0
0.9557643935505988,1.2565949124213511,2
0.04327209352696935,1.150896525193939,2
-1.0444781191514976,-1.126839830096981,0
0.9378605660896513,1.6630108895402378,2
0.005553839673378512,-0.20500746297167796,1
0.6482780925416682,1.4075255831050495,2
0.4725265794239043,1.1452912445574526,2
-1.7211003192037335,-0.5249847474915281,0
1.046775487472958,1.4555627330610192,2
-1.5124028478041267,-0.9860708023611644,0
-0.8645094338539937,-1.2832923295103504,0
0.7891170784632785,1.3918901280100309,2
-1.4720365286207377,-1.056736118496698,0
-1.3876393554091797,-0.9587357068553247,0
-1.436187337410889,-1.0693426792076244,0
-1.1656718613257442,-0.8040030490575857,0
0.18991382335994547,-0.106662479080769,1
-1.0182415454026181,-0.9031691797051764,0
1.14956163232604,1.5081485580659368,2
-0.9052039929113114,-1.0299454262393242,0
-0.43709784011096164,-0.3086920184748552,1
1.8674470950629964,1.5666293820903483,2
1.4647068011147963,1.3490543798467025,2
0.3698729022508601,-0.4672120198224575,1
1.4028053471905955,0.9819893888909509,2
0.37662756717931056,-0.3484637976215033,1
0.02831726081618829,-0.35377178338363907,1
-0.8285588241109778,-1.0282500196993998,0
0.3311361498010086,-0.18549807362840606,1
-0.1828564410164539,-0.3486418415251233,1
-2.1579478364719678,-0.7780639171051852,0
-1.5868577623384659,-0.9519370194516718,0
0.037966362534523526,-0.18953390385073507,1
0.9958008614698327,1.1824567620443625,2
0.1690503246484401,-0.5990530487489787,1
1.1485389544100495,1.5002575891039187,2
0.9879105942880633,-0.6035579461665478,1
1.092273208339836,1.0903137262995353,2
0.906454985761566,1.2980529442067703,2
-0.11587704855890701,-0.07577937201201836,1
0.5668130798900566,-0.5937358303761796,1
0.12787603443368123,-0.19232453875118677,1
-1.2187285532200518,-0.9409910662926573,0
0.12015953910999604,-0.15223182073196476,1
1.4541062977507286,1.1944686804314022,2
-1.6187915600039418,-1.0165269966435033,0
-1.0404516078330308,-0.6640166305969629,0
0.5911587427044473,1.1394360280703995,2
1.1546402126169732,1.2832192941618765,2
-1.2713013676704745,-1.0906181478798305,0
0.9469539798056515,1.2554162905513913,2
-1.6272456676283573,-0.5361421443452186,0
-1.23370623473013,-0.817327909115871,0
0.8269533704936299,-0.10505279017803655,1
1.5294232728618822,1.4873951928987776,2
0.5489105138572795,1.3916235151337775,2
1.1977189412479599,1.2208779560966798,2
-1.723580790310623,-0.9103680389358655,0
0.6136192047063851,0.9983900557450404,2
0.5531756930818968,-0.3766491831544098,1
0.05926841435840373,-0.29692064187505446,1
-0.285767424440184,-0.570911350653993,1
1.1365087847243558,1.380792572417903,2
0.7024650534585001,-0.23228666375781556,1
-0.04503918868981705,-0.35138237749513423,1
1.25618971287189,-0.29099050707173374,1
1.3253445443438743,1.665143896219666,2
-1.1675143465675428,-1.1823094221900623,0
-1.0892588592155208,-0.5980915289396592,0
0.5767073482278694,-0.04332299511983213,1
0.9454087087731137,1.4853743476419583,2
1.0018211846173375,1.0912660703247612,2
-1.6582477574062837,-1.1154213818613012,0
-1.413920539684134,-1.0812354778436446,0
1.5369687084162598,1.5264043454573075,2
0.5408246212915074,1.2756915587311,2
0.5606831535135948,-0.2580674462647595,1
0.43871936905530295,-0.34977788089076256,1
1.2503187788447778,0.9947413732597071,2
-0.8964061313631063,-0.9022660346980991,0
0.5603029336710271,-0.14365320616828844,1
-1.062755289500249,-0.9537529768933283,0
-1.2027141494353082,-0.7197937023471243,0
-0.07040494086747408,-0.40329583044351003,1
0.55691861432537,0.09960979340986156,1
0.31368567347851345,-0.3851075870707201,1
0.6146181688307898,-0.418762436932606,1
-0.9937446546938776,-0.828035492380667,0
-1.5203016497995128,-1.1824462684388206,0
0.5521493644435871,-0.44076697491994854,1
1.0596691065529527,1.3138073734611289,2
-1.476875212723101,-0.9675675756975805,0
-1.4324082115966834,-1.0707501035907907,0
0.008889117399930755,-0.30384136198482903,1
-1.6222562034730112,-1.140242742422877,0
0.6468972223103373,1.3337694873649286,2
-0.024220500541047456,-0.3487495789182861,1
0.5507621003513544,-0.44560254295298873,1
0.1565833480168334,-0.5399204330281238,1
-0.786433958480115,-0.714829529005912,0
0.6720836163503789,1.323542969685381,2
1.2171804987765058,1.2127505907310856,2
0.10688380339347968,-0.17145044612710786,1
-0.10817862291068525,-0.37208160614041086,1
-1.000422738383064,-1.0839030735278836,0
0.26566033734425476,-0.04146020614517863,1
1.0823197261377502,1.0591109142928175,2
-1.2759516008016547,-0.8373735114733172,0
-0.7004047627051515,-0.830959894035586,0
0.653216847729779,1.2799882035337573,2
-0.21404719909617956,-0.4447259886682605,1
0.7846008538780616,1.2963076705409924,2
0.7196980313587505,0.8829755215930206,2
-0.9740285504569081,-1.1142486260225868,0
-1.0174969902949291,-1.1523370014248613,0
1.1060460621951305,1.3869911839319238,2
-0.7913577593837419,-0.7848229714053531,0
0.8731616607723546,-0.27283056102339653,1
1.160305496288533,1.4788395458554837,2
0.0908377231427882,0.03584204311106528,1
-0.6439757515000736,-0.44517682530605013,1
-1.2038085641822578,-1.0216539062203263,0
1.5092092823013743,1.5221696734751755,2
0.19398229496520852,-0.33584616997814287,1
0.46002250423307467,1.4703149239488076,2
-0.9299763487874442,-1.3643912809764527,0
0.38992110910788275,-0.10269141198094549,1
-1.7266517592518398,-0.9308880269446892,0
0.5659781027378111,1.2399407805538567,2
-0.02500125447354955,-0.4914456096063005,1
-0.16253037625945987,-0.5372729007545378,1
-0.3428671293518299,-0.4926958382209911,1
-1.622618800394114,-1.3238013972422222,0
-1.1227374664522305,-0.6919119893254932,0
-0.8183687701824067,-0.7571178674807445,0
0.46900465289699284,-0.20075554649155705,1
1.392389178925541,1.1031966451670452,2
0.4487598504734241,0.24943687909920037,1
0.5022217342876696,-0.3707999156191022,1
1.075494222607462,1.2961084072789095,2
-1.1025072293612614,-1.262010427756491,0
-1.2463866388648965,-0.6418696654488839,0
-1.5130240571150189,-0.9845594081433673,0
-1.1082762361454481,-1.1314486667358317,0
0.9966393606529944,1.2862246717609005,2
-1.4020642428429797,-1.2368599264714106,0
0.41534717898632056,-0.4006950192718433,1
0.9989568005379421,1.201726858821876,2
0.74827323890277,1.4565034640761527,2
-0.9950626319312121,-1.277239067050042,0
-1.607877727317862,-0.9203872966039449,0
0.8623960135676758,1.3371467805938753,2
-0.04036051374483011,-0.725612426210959,1
-0.2961419906017374,-0.3431312641261889,1
1.4967254377127555,1.2832678557150765,2
1.1883216089406723,1.2032052128809754,2
-1.9577615496781158,-0.8456740177172284,0
-0.22989528036153367,-0.04473417458181941,1
-0.9257332290130006,-0.7699275717391579,0
-0.8067908987628793,-0.8333959098230309,0
0.9037197008401288,-0.3995767140619635,1
-1.2003708409232077,-0.6501384192541253,0
0.7741388232102998,1.2219431912626129,2
-1.3121127524469298,-0.8946007402159735,0
0.8261014707292373,1.6986039066743128,2
-1.6327024223897688,-0.9145314731452429,0
0.2264023049155603,-0.4266525675583424,1
-1.3488339582572477,-0.846336821904223,0
-1.1173445490945795,-1.1911478369853288,0
-0.9701411873908508,-1.1660726499200569,0
-0.5901574631486584,-0.9262568334100457,0
0.20918305111567004,-0.06756156078350681,1
0.4637039526434928,-0.4986281503518736,1
-0.7998358034734239,-0.7281494999685764,0
0.7365995003198084,-0.16170186726507715,1
0.2954511783817544,-0.6212704691615968,1
0.8402820601266117,-0.3700026124595985,1
0.030298579754297356,-0.5116256651691543,1
-0.16192782422357305,-0.21741521272613767,1
-1.2333656819452585,-1.0705579835381298,0
0.3381315024062039,1.510638028865673,2
1.1237608144073727,1.0671893920681625,2
1.4299719750986142,1.4414255738949402,2
0.8252956441501241,1.6062274717454625,2
-1.4673812842383902,-0.7027042104131801,0
-1.4157751494353954,-0.8550310319826481,0
0.6834608025171812,1.4162529499458902,2
-1.3425453143055808,-1.104106042630878,0
1.1412773925855435,1.4152220601723122,2
-1.7369611314248676,-1.2074557981228429,0
0.4115742025629553,-0.5303413399703197,1
0.2329856171085178,-0.4651373271260758,1
-1.848246924655834,-0.9408008265387616,0
-1.1561806967606771,-1.1895449824713933,0
-0.3390153565680535,-0.1356806964752425,1
-1.0748891010709807,-1.0535191971414155,0
0.647743860594683,-0.21559169508069306,1
-1.4582037166826498,-1.0394154883274553,0
-0.9586430781458466,-1.1592775304792364,0
0.797224777903175,1.3671937349570173,2
0.9904765871156666,1.2926546656875595,2
-1.2793056807432828,-0.8597428420325964,0
0.6833837666252115,-0.08076958468836055,1
0.62019999919107,1.5364725668884844,2
0.08270337783359398,-0.5875715216361771,1
0.5768175708576564,-0.4526471335598336,1
-0.043559264955726214,-0.16737052702033406,1
-0.7177114206924033,-0.9713238854235782,0
0.824234084457966,1.456831378765467,2
1.6530181632086534,1.4616824829720645,2
0.29716024726636364,-0.22266079804439912,1
-0.4807117277749075,-0.8483937512542021,0
0.9069034703959239,1.3553121647852409,2
0.18183904918916927,-0.16804320900623435,1
1.097926827320091,1.2188403684893725,2
0.8146516175225282,-0.6868843566184163,1
0.20831390247707052,-0.42231508003622,1
0.9308886237925427,1.3435799921038467,2
0.8701194147254642,1.1752698564495832,2
-1.005849248079258,-1.3342216472352526,0
-1.1604049655531221,-0.9381217606545703,0
0.7369963655580679,-0.3063952512095898,1
0.9453536756829073,1.5440186888504899,2
0.13273761279858515,-0.5541074442065257,1
1.577987348153089,1.0915513083208346,2
-1.417090717220392,-0.9384678275534164,0
1.0131008451134944,1.171542743128004,2
1.6097205304510651,1.5784410626302654,2
1.4697569664830687,1.4595362925142636,2
0.10253562240234355,-0.3383826515995261,1
1.1427056506711628,1.1811442416386555,2
0.6177588870306124,-0.3362010493829543,1
-1.2606931239858952,-1.1188773107224377,0
0.8740868114593406,1.1183616067820394,2
-0.8247937289149531,-1.1186626046984047,0
-2.0623478038451117,-1.2044856976021283,0
-1.1200852963490011,-1.1804733696331722,0
0.021685619266482825,-0.28716970670355924,1
0.6834095943617612,-0.45927010252969636,1
-0.17691075345390633,-0.04906914690269201,1
-1.3971516352350708,-1.0650353740441012,0
0.19305725208402932,-0.2982584993421042,1
-1.416182166213731,-1.1726417756295346,0
0.5301614438271982,-0.4452457524523797,1
0.445681969362657,-0.32654808508737315,1
-1.8013643322486481,-1.0706220297636957,0
-0.9652678500469165,-1.0023224069581589,0
1.1599987464126695,1.0952476269950657,2
-1.7948074304554584,-1.2142093545363937,0
1.023056672919031,1.5030598644298927,2
-1.3077101794808397,-1.0240761971754728,0
-1.4362744557701979,-1.0990302349196284,0
-0.003512196486895327,-0.5345650907856291,1
0.46702617209521463,-0.012830700288909435,1
0.19132974847389123,1.3565211121679315,2
0.15753812558133107,-0.22473845439436005,1
-1.6757867471542196,-0.9741005024809495,0
1.0623840065749677,1.4860305117089034,2
0.7897512784346882,1.4970629475861195,2
0.9383069275187722,1.2830719247793272,2
-1.073002267493201,-1.4929356229115884,0
0.4216009805983744,-0.2575786348873045,1
-1.093853667417945,-1.1193671478818972,0
-0.8106469226863818,-1.0826660559147543,0
0.420346539988632,-0.361746660363389,1
0.6566008560633007,-0.32264790076806793,1
-1.7543575500641035,-0.7487978200963407,0
0.5410780909087931,-0.3629857286630962,1
-1.4699124735062323,-1.3166818870207477,0
0.6899694551963702,1.4224502142684148,2
0.1795685085090332,-0.17789045031061537,1
-0.5009758383994659,-0.2653349576626706,1
0.17953377829837822,-0.3107048996513197,1
-1.4830010341229358,-0.9551287576867302,0
-1.1978941734556374,-0.9411705175022655,0
0.3100812063803125,-0.64488631983124,1
0.30839408672941915,1.499255311421721,2
-1.545027676471186,-1.0910651471603077,0
0.8899969694492075,1.1396257932990286,2
-1.7149316734734268,-1.1844570414008142,0
0.4176471799223181,-0.3034662707481157,1
0.07331029918435414,-0.6190644156782695,1
-1.2524906205394692,-1.010298637072438,0
0.5611805542702097,-0.14877876232225296,1
1.180873669279343,1.2080961193298005,2
1.8180882612645708,1.1162171436172195,2
-1.3168086125160565,-0.8831297811171144,0
0.9816912397315912,1.3934468324230016,2
1.3302567679417934,1.4597975010492095,2
-0.6172722526965279,-0.05810702037082099,1
-0.9537746119186248,-0.957370477507133,0
0.6051887930640154,-0.535557422025061,1
0.5006579614086553,1.367884523169271,2
-0.8977246839213846,-0.8342135068625511,0
0.8025758988735571,1.4940578071724606,2
-1.4726732499271473,-1.0849379176742475,0
0.1252485236310957,1.3683410601223702,2
-1.7758946006266518,-1.2656883889794446,0
0.8783426271712302,1.1873529646828438,2
-1.4534277362088213,-1.278003788754818,0
1.0759829215537136,-0.6533794870092374,1
1.5066279533705471,1.1451600871873735,2
-0.6347464393084614,-1.0746652449007845,0
0.36950138334269655,-0.3072655058795318,1
-1.353282180737333,-1.208947847269508,0
0.2483278456775282,-0.2857307193720172,1
0.8706075831218292,1.366374867351549,2
-1.5546707828352924,-0.8941634595724364,0
-0.11395079030833824,-0.9331187832497372,0
0.23348339534761078,-0.32936838266205737,1
0.4122702690569175,-0.19477560015345052,1
0.38576680039709227,-0.2858273949087303,1
-1.6900125836935616,-0.8289641553453959,0
1.380123374786836,1.1718253596645989,2
0.9202830350396526,1.4580015376919537,2
-1.717503149914761,-1.2506217173287115,0
-1.516763074597175,-1.0093651921161995,0
1.038827739006777,1.8670351867646302,2
-1.5958018457782448,-1.0245612644499091,0
0.5844206267506982,-0.20412971592450785,1
-0.99296764591566,-1.09195029997278,0
1.5702763897770957,1.6726324768306426,2
-1.8046810652441256,-0.9935784629528495,0
0.6411235725785805,-0.28571965235952973,1
-0.5652752002244519,-0.8548225265303735,0
0.29188380357817373,-0.2543911393642511,1
0.6637536086853852,1.5955206077182282,2
-1.3697599930728699,-1.1585516753582084,0
-1.412207216413594,-0.8612516402456121,0
1.0100823673918606,1.482315769092117,2
1.0236862867598546,1.2836934627101806,2
-0.9200151223156064,-1.0683957873638994,0
0.03282511607695078,-0.35276175722597986,1
0.5219017687945116,1.4439756023846266,2
0.5379472012486095,1.115568519372821,2
-0.04890718485865443,-0.10522474281227265,1
0.7151297355994392,1.5012574787440152,2
-1.1359359087047105,-1.1124591099878842,0
-1.1793543274321077,-0.7605640042816458,0
-1.1733751676945656,-1.3200870828029794,0
0.7196156434805665,-0.15070036134030876,1
-0.9945091474332679,-0.9205296115945452,0
1.5811913814169205,1.5226360748409482,2
-1.7151106268257428,-0.9909607265524975,0
0.16155068963344363,-0.5435667124761838,1
-1.111660462893448,-1.0286695266270625,0
0.8894565330134999,1.5232193790315347,2
1.2851396761604656,1.307210839959425,2
0.3982061366252315,-0.3831934849892224,1
-1.4666089960695328,-1.1280935739088171,0
0.42126400449663337,-0.6904822230456291,1
-0.6800401568130852,-0.9163561108751413,0
0.6482600162990169,1.1295240571576963,2
-0.2303568230633746,-0.4336660031865139,1
-1.6401851390265347,-1.266977908618586,0
0.17151427824158774,0.1375180648354669,1
-1.2294255635647178,-0.8438275580752475,0
0.432955506698537,-0.565930220402181,1
1.3679512676931231,1.0984117166294856,2
-0.13002306913720035,-0.643471658072246,1
0.1588031781562932,-0.22423219994143867,1
0.17250266448808058,-0.4734565160135017,1
0.306326796579951,-0.3885612090530703,1
-1.3098873299669196,-1.0453399303260227,0
0.7278273325034579,-0.35886489904668367,1
0.7740536383818835,1.3604326540796021,2
1.5175079983224702,1.3044749774745226,2
0.04614598914443673,-0.40401310269709445,1
0.8825539931094474,1.268942967600581,2
1.1377103346547146,1.6546851208512665,2
1.0775060756154609,1.5592728355795926,2
0.7588281549258215,1.2724580450164156,2
-1.6587422650056514,-1.0971575324734526,0
0.19957920353616485,-0.4218859120784763,1
0.40209308716916276,-0.21527826128848196,1
0.9435458254616441,1.5033568655225478,2
0.3602008082133276,-0.54347558542834,1
0.7966996988893296,-0.23264395156812032,1
0.12211418425430198,-0.4679804221607637,1
-0.8288636314367277,-1.1655647607395418,0
-1.0577437892635007,-0.8766624093615124,0
1.0052287231392776,1.3258440296380474,2
0.5392392141810497,-0.16040803263444722,1
0.4711474436053122,-0.26652051447663694,1
-0.9161589263931497,-0.9887893008156885,0
-1.0878524961668474,-0.886476660852558,0
-1.1339337192164216,-1.1807049924574908,0
0.2552362444482319,-0.20006288498269434,1
1.0052198161244132,-0.2322187750397899,1
0.189352189234655,-0.27793466394887983,1
1.4419174108669648,1.4938891894360893,2
0.691613683375177,1.3905712874385303,2
-1.3891289603586052,-1.0399377733853663,0
-0.2984950791906046,-0.032035003903589786,1
0.42885421333497575,-0.24945511496383613,1
-0.6966266172438208,-0.8678589289562119,0
0.8147494555520702,1.5407346233346086,2
0.6358973148565198,-0.47310455702428716,1
-0.8607713759809901,-0.7742446692948105,0
-1.2199827018114597,-1.1889624540619803,0
1.4795594021041716,1.318716568582472,2
-2.028122787786502,-1.027070189117441,0
1.4978049114302563,1.3225143964391892,2
-1.104344745801314,-0.925381474823873,0
-1.2160815225535748,-1.1274661423811216,0
0.49389182918791674,-0.29237417450185876,1
0.20947342830587917,0.06102861941571246,1
1.1287039258836358,1.4519987517746618,2
0.7272578097670844,1.1715383572265328,2
0.8705911808611059,-0.5343411518386796,1
-1.0458149780502135,-0.9550833993866684,0
0.4282024762319372,-0.332106114274922,1
0.9987801521487639,1.4427173446530446,2
0.9318297845144912,1.0654206353523616,2
-1.6278602703756775,-1.1971715658618958,0
0.008795222436596592,-0.18317662671431462,1
0.8027940053152961,1.358730952059546,2
-0.1513500003651321,-0.23872191167633913,1
-1.7643149856502647,-0.9165421782133687,0
0.6505692306289129,1.3902541469398597,2
0.7584297773814993,1.2128562797887747,2
0.9793111583199888,-0.40317286918832046,1
0.4262855903821889,-0.18331125803539974,1
0.5691560873926419,1.5871321231605406,2
-1.4271879428245844,-1.004115901216288,0
0.778094455432934,1.3376546415236723,2
-0.811751185278893,-1.0726968413580373,0
0.6703130011830039,1.586204100885725,2
-0.675756513505286,-1.2362164778968345,0
0.4436293526455084,-0.3825349568923777,1
0.5573348542534556,-0.17240565032668767,1
1.011657612081105,1.3315780311468544,2
0.4178176284751485,-0.5473708985722388,1
1.0417978102301981,1.359166011215688,2
1.2683269231940335,1.453004751660454,2
1.165698468909358,1.3006713316196892,2
-1.0438567733925601,-1.0198972034962903,0
1.2081243664604928,1.4140263451825792,2
0.17899561403942219,-0.6600115201591572,1
-1.5757115623462408,-0.9625016980796586,0
-1.095491372095255,-0.8995022265349406,0
-0.46790916274402566,-1.2056164811529237,0
-0.7571992288144148,-1.0117249906122427,0
-1.6214019342582855,-0.831165708359919,0
1.327341035507796,1.3717943396259138,2
-1.8596554062339556,-1.3667537971005734,0
-1.5427093202247402,-0.7669693483339499,0
0.13760371831243576,-0.2636778594402564,1
-1.2061344684608637,-1.0047994661755841,0
1.1880997276357572,1.4337557115734418,2
1.2940175192051413,1.200780955092774,2
1.090572113498603,1.3803768732950599,2
-0.7555131802616871,-0.7624036992951283,0
-1.2398039359970348,-1.2340971607751126,0
-1.2394278352545036,-1.4361339939891629,0
-0.417036289872126,-0.7642228229290696,1
1.133038625782924,1.0907290967580336,2
-0.09110913624694615,-0.39999419755970655,1
0.4505732797959687,-0.48777502036442955,1
-1.125889508479343,-0.8209689835548009,0
0.4920242673541387,1.3974914782910486,2
1.2355462046115158,1.4834539461125653,2
0.4973506829808946,-0.2719351861979941,1
0.6895825294298917,1.7021128858966197,2
-0.10141719750517021,-0.2640792043402392,1
0.5304711094126566,-0.6118825661222369,1
0.9791153743631282,1.2218052958111023,2
-0.521616026224539,-1.0595102643372012,0
0.4269715507994164,-0.22940852895620306,1
-1.0024622463826356,-0.7989344716379869,0
1.435002014660711,1.138607365907539,2
0.8974690285240301,1.0859576814584182,2
1.0220111304887884,1.136293896845621,2
0.9333730972777927,1.0247465958746245,2
-1.627835164700056,-0.7288535579965953,0
0.3300384316530074,0.07453898386772893,1
0.5393434426267709,0.0074215129369517244,1
0.18874087236655868,-0.44794323630470717,1
0.2249250413438219,-0.5915279802133735,1
-1.4553286071469358,-1.0499143297129192,0
0.28083188486978433,-0.19189943529082332,1
0.6554012855958508,1.294981944930658,2
0.6385673145058854,1.643517287101263,2
-0.020263175864654606,-0.2851900789858755,1
-1.1518435931259563,-1.0512647294438917,0
-0.8465036150656353,-0.6473492197270633,0
1.2676575535541728,0.9899792176879448,2
-1.3427443480479562,-0.8271024781029107,0
1.060913213103493,1.0888862282666083,2
0.14093528003949995,-0.24594277729958086,1
-0.1798935568948886,-0.27567753091284763,1
1.3769774602960432,1.265231073297713,2
0.42266179403764936,0.16267010410628513,1
1.1714267148672226,1.3412648086935484,2
0.9406372665843551,1.4642569266909673,2
0.5815327166718149,-0.24909692753500118,1
-1.3731188536300172,-1.247862935473924,0
1.158768683243379,1.26435154189215,2
1.223566263184501,1.0911445414009382,2
-1.750786960283192,-1.0648881439409552,0
0.5183201752257618,1.3610120032074347,2
-1.1534351486958603,-0.8017044670277104,0
0.2586996724337253,-0.1775449331734775,1
1.0367384961881398,-0.36864495678277387,1
-0.018620064284588667,-0.41558504960779286,1
1.0196340789561742,1.4188905905333213,2
-1.0902934646547047,-0.703373020557811,0
0.2706091364567314,-0.3217447568339779,1
-1.8768694369129952,-1.2508006010213817,0
0.5894150797403962,-0.17127271781508446,1
-1.0645398550375047,-0.9899608108883934,0
-0.9498519539002843,-0.9116871935878953,0
-1.061267869829429,-1.1940874671456883,0
0.7385617617874528,1.0836726790180575,2
0.8076180004919948,1.4144309998764049,2
0.31360497874874965,-0.4261424122338743,1
-0.09860722133926295,0.02144898036093096,1
0.7774739404103554,1.2235044115303446,2
0.1715673947161517,-0.1761299071295004,1
-1.1253644839585846,-1.0687539170646405,0
0.9388864946847594,1.1988017529154245,2
-1.9447430053425931,-1.0917814135235056,0
1.0257813406289662,1.2862855044325854,2
0.6412203802328857,-0.4476905847460372,1
-1.4701877115382462,-1.0897192576577592,0
-1.1546678238224228,-0.9733828830933878,0
0.9130144411513383,1.5749629842448711,2
0.8142761712304171,1.49965519064378,2
0.13794717898434308,-0.38256502458335695,1
0.41323881689755265,-0.30588546358285196,1
0.781803852095515,1.4360816084703245,2
-1.4048111819569573,-1.133937898541878,0
-1.4688748470697157,-1.1364244879885768,0
0.5338024250891827,1.0909375642159236,2
-1.1832451881372417,-1.1403057624923008,0
-1.5408231483745918,-0.9124316557694375,0
-0.9663116123524745,-0.6923469910863944,0
-0.6026114259709451,-0.13974247403714996,1
0.6710727116490071,-0.40502476981836305,1
-1.7110533821124707,-1.3849534414472018,0
0.20402050266678862,-0.5501211807581995,1
1.1878578242258964,0.9537036208497417,2
1.452696967380923,1.3304845374398984,2
-0.8097661295208176,-0.9077694393300558,0
-1.520622654550822,-0.7668223867336326,0
0.30558634675709573,-0.29073418614859836,1
1.2658733585357607,1.1905977572803004,2
0.3409087240497993,-0.17927811502178717,1
-1.2613959551736018,-1.196260772754323,0
1.4012531061417857,1.041294411433375,2
-1.7104872640336644,-0.9535370423744466,0
1.0785619635241832,1.3305243403644555,2
-0.010244781506838312,-0.3932022891874259,1
0.0008430745914910838,-0.2912885948594189,1
0.144728486302571,-0.6523437696783305,1
-1.4291827472273904,-1.2544400435688596,0
0.5662107927336977,-0.03248611783073225,1
-1.3185610498664435,-1.220526849379908,0
0.28851161194938,-0.4785894781484306,1
-1.0671819866904013,-1.121956271412094,0
0.707831984820229,1.1148516202933014,2
0.18887457859319784,-0.3340630988480876,1
-0.0017905050606142967,-0.2908271376766326,1
-0.2109119333575119,-0.5287700401862603,1
-1.3238944263558197,-1.584209287130073,0
0.391921466176239,-0.3431313016261624,1
-1.342172407968108,-0.8191518041343935,0
1.150973186110596,-0.33631267207838667,1
1.1623547076941498,1.3007605160400466,2
1.192393462587865,1.5440067738438952,2
0.725847571968535,-0.25885836557508207,1
-0.08152152664797958,-0.20463708288082103,1
0.14526786554249643,-0.4979491778494096,1
0.18275272049306418,-0.02634743053483185,1
0.7392145339560218,-0.29389600627777424,1
0.5894008121795492,-0.34710358313115813,1
-1.1006919800524682,-0.5221402707166616,0
1.2858955590453451,1.4752993880413252,2
1.7549071627741362,1.287045805611454,2
-1.2906167780301452,-1.0311205171010995,0
-0.3402920802619695,-0.4967301820265724,1
0.8328668590653022,1.470821211657009,2
0.6947479807838288,1.6896067393367236,2
0.9871217776036089,1.1135893897996632,2
1.319971729221414,1.3065263915095742,2
0.019381784703206575,-0.49264993050996253,1
0.21191777918260643,-0.5940557054397133,1
0.21657628330982084,-0.16693805691240277,1
0.8352102854232952,1.358183781649238,2
0.29732557065661547,-0.5347089718408082,1
1.5056768271103576,1.1553777724083143,2
0.24437224743302155,-0.3743468571959938,1
-1.2884327082250246,-1.2098898454934761,0
-1.091681947823402,-0.9780026154734479,0
-1.5269450745425073,-1.0592530399707627,0
-1.2141028501159081,-0.6943760795005389,0
-1.1116958509040198,-1.057086206718189,0
-1.3676087291777257,-0.8215454106403964,0
0.015076295592391157,-0.4736070065531622,1
1.5696457130055625,1.1826176496684753,2
0.6638134961583156,1.1930688292495886,2
-1.3347267504038685,-0.9552676835466906,0
-0.2841070433370019,-0.20936343775750652,1
0.3292415837090498,-0.6855245927074028,1
1.0978256466834428,1.2087056595269974,2
0.2735839996935658,-0.43149295106275204,1
-0.8614890501577837,-1.3084894724760165,0
-1.2246201392516243,-1.0973427436650955,0
0.6577673853922535,1.3425183454441092,2
-0.43956193497753016,-0.5710195626210631,1
-1.1850351371483476,-0.9882008024647178,0
-1.4033350654411991,-0.905538541189775,0
0.6181495933297515,-0.15121741081430573,1
-0.5473601360568694,-1.23924477442008,0
0.8315116743567802,1.1694898958091602,2
0.26339852723634327,1.3895614893303105,2
-0.8376013527926529,-1.23525694256702,0
0.7062906896317969,0.07534431805341925,1
0.755169488817775,1.47668003092601,2
-1.8410382055717094,-1.230783391987258,0
-1.5505758918585943,-1.1180934366749509,0
-0.9809183304195929,-0.9874376184586781,0
0.3664233066589851,-0.42143313005922106,1
0.8286996129529606,1.4171160403622192,2
-1.1868951863987416,-0.8924285889882637,0
-0.5196938666977085,-0.290987639275451,1
1.0443849876540003,1.3190475791884106,2
1.0877490163442696,1.3577917742485335,2
0.9931999278073793,1.3411394044354754,2
0.9920460022136197,1.3408194170660146,2
0.32571817852383017,1.41536477775757,2
-1.66667752734697,-0.9403000689808378,0
1.5580902290660992,1.247197341112799,2
0.4303681911376163,0.14354457631371054,1
0.18579876528191197,1.5697562239329905,2
0.12487118077742744,-0.20888487807189363,1
-0.6824407447417515,-0.921039831332069,0
0.8416974756238988,1.7028611725631555,2
0.10266717027933625,-0.40856763041496746,1
0.41457137808013966,-0.6925152467935832,1
0.48473233335393767,-0.4241632900779408,1
0.5190363707158461,-0.18241755476237023,1
0.2032394704414175,-0.4270289039519368,1
-0.35312405161603755,-0.16831295337968694,1
0.002724174957469347,-0.1394739861698808,1
1.0155134413566644,1.243856354189216,2
1.248885940800876,1.6950967303970985,2
1.107228925881785,1.263615157801757,2
0.9525893163667088,1.4677513281146324,2
0.9037697599659555,1.391699096156482,2
1.1405546227916659,1.6852655511487498,2
-1.8310087118769403,-0.8654981641806327,0
1.3640147154877815,1.2244132706595063,2
1.3456264734373,1.426304289213443,2
-0.9688399071648548,-1.0881081877210095,0
0.8683026044099681,0.9729310222773258,2
-0.017133133553363575,-0.09237044531909806,1
-1.2077753402094322,-1.0095128525679937,0
1.0134469322042878,1.6146664369241468,2
-0.3011847449366244,-0.30431368231549755,1
-1.6160472229288214,-1.0850217704785372,0
-0.07009191824185446,-0.34563282864541706,1
0.2835776918191427,-0.4590524376863307,1
-0.11320702761165304,-0.3330149538569765,1
0.9469775593143898,1.758943815505889,2
0.07291252018558386,1.1817741459572682,2
1.2022192921347767,1.1902189953360958,2
0.1484959991683849,-0.569190289263395,1
-0.8091051704802541,-0.5016002960274069,0
0.25509209542069194,-0.30312074682556633,1
0.32708194132986396,-0.2986561328492921,1
0.6162446298205261,1.393619992272284,2
1.3642486591554412,1.1400012986053878,2
0.5769583842847967,-0.5204911065372297,1
0.33142259903539545,-0.3550716296157761,1
1.3755475561723074,1.1849342584546303,2
0.4155426509600775,0.1023244364759896,1
-0.6513892603295085,-1.4227096185449504,0
0.7979387030598741,1.4648119421107701,2
0.9163946627630886,-0.1901156870897781,1
1.3593219825516791,1.5316550563630278,2
-1.1619471609744636,-1.0258791463800903,0
-0.03637984849125283,-0.4528534124695484,1
-1.1412364624814695,-0.8857108879314096,0
-1.3412737338199932,-0.9794059042912914,0
-0.12581260357968402,-0.5855922495269881,1
-1.9171621357433482,-1.1004402229530068,0
-1.1381180627068255,-0.8324590630262592,0
-0.16725902282991648,-0.3619159904873053,1
-0.6561660164442469,-0.35567755544681906,1
-1.0575651074276855,-1.169218337917146,0
0.6830592823743322,1.3250337514384498,2
0.4912646247518677,0.06996340292370269,1
0.8928337212277403,1.3683598887424544,2
-0.2396173493769381,-0.9700636200048338,0
-1.3911673818518808,-0.905101860300531,0
-1.138951892086168,-0.9765276084737389,0
-0.6340959098237805,-0.6813792946026177,0
0.547469119721541,1.498562304495647,2
1.5435026666919358,1.1827401609468031,2
-1.1995901429290163,-0.7846489704541334,0
1.503634538421263,1.2903980609446069,2
-1.232985606716051,-1.1919296075178165,0
1.2627120174456246,1.433704543789371,2
-1.6054859320942687,-1.3052668274334183,0
1.0811251227616527,1.4886078979996336,2
-1.6522711446726117,-0.9876013307609819,0
0.3770157106156669,-0.4887474397408655,1
0.36363823378789895,-0.5080190832571208,1
-1.2092254686626336,-1.0165465778960912,0
0.749617945431966,1.1310845919043055,2
1.7461554499223038,1.4385978028749924,2
-0.13740252534541386,0.10342875554712748,1
1.3804445217251262,1.5690046842511898,2
-0.8612711390901333,-0.6922371509677825,1
0.7953892594754131,-0.551462378891368,1
-1.2032001862949069,-1.40484079170237,0
0.06980382801401439,-0.3150494828423642,1
-1.175533976706383,-0.9109101127077099,0
1.6191595836542858,1.287697751246532,2
0.40258386736937934,1.5888686170895374,2
0.3250774313297953,1.5412668703886234,2
-1.688387458929383,-0.9521668920625266,0
0.5844401261300624,1.499658354119629,2
0.9950563580907156,1.485710734823436,2
0.49913835452665617,-0.6192076583673435,1
0.07935478136440144,-0.506387905296819,1
0.6531258317525648,1.3602526033624158,2
-0.4557812075720199,-0.3582327474759016,1
-1.5124371944025388,-0.8688310530903067,0
0.8902562871743082,1.516785945211445,2
-1.3996008400515239,-0.9494914597365175,0
1.1100761033636637,1.462207185503004,2
-0.31138490050486506,-0.24034662495917805,1
1.2799198814962953,1.138847366599889,2
0.529038556239525,-0.3367508336800671,1
-0.6811153921646649,-1.303768566391572,0
1.2447938165915071,1.4633034841362862,2
0.5874993799141771,-0.12755748809734654,1
0.89840198487827,1.4742231216999202,2
-1.434570789641659,-0.8234694042018359,0
0.481121664822926,-0.47413249006011143,1
0.8130539459223552,1.6027606157098717,2
1.555107825378159,1.4358362410054202,2
1.1898691357356064,1.2558812525753251,2
-1.8201440801350215,-0.9770652285225132,0
0.5085241263224696,-0.37606108273438765,1
0.06385670349629792,-0.5078631185298083,1
-1.6408727310049143,-0.786923126845385,0
-1.58671804381662,-0.8754808256003871,0
0.31552834819555103,-0.3982718396602286,1
0.007240741673296793,-0.1885931384206463,1
0.9328936919563242,0.942448495203628,2
1.4351003958081596,1.3091926273325256,2
-2.0164159463574736,-0.9978310197792172,0
0.306306136239458,-0.38313778526050263,1
-0.23547476914742857,-0.7924996851444248,0
-0.6347449951707393,-0.6079657178096392,1
1.3335839793824662,1.3282253452979773,2
1.0324076300346137,1.1344654935129808,2
-0.02441080772171393,-0.257054360495765,1
-1.2970705106025242,-1.273024620827624,0
-1.3030495622468616,-1.0784922147520226,0
0.8080597400708526,1.2428413362982615,2
-1.7383958060631377,-1.0710374001498846,0
0.45462031846428996,1.4243151163906989,2
1.202392465451647,1.1323164731070918,2
-1.2274460104691232,-1.0383893199003995,0
-0.03838479458196274,-0.23700515057408564,1
1.0766319479186914,1.5007779980812417,2
-1.158489993871484,-0.832421247752893,0
-0.6402908597542432,-1.0604622133587245,0
0.23356355840729015,-0.22665360510816243,1
-1.553742129935669,-0.8196844191493042,0
1.6534266841851293,1.3874455114781596,2
1.4955689288298524,1.580611557056315,2
0.1001475575839561,-0.4152741287647816,1
0.3493349155506707,-0.16912133740669738,1
-1.6227742568832237,-1.0858942880510325,0
1.0992119911772036,1.365406996531434,2
0.7767659291610746,1.3015894780988342,2
0.3241210647625077,-0.3048675739049794,1
1.6288004408173358,1.3020151374815867,2
-0.062121021829112874,0.17570025028541494,1
0.30149767530270777,-0.2202601249192372,1
0.3474512236280903,-0.6503129648764795,1
0.580331785757703,-0.37107410510875466,1
0.35930350796539734,-0.32619242799298054,1
0.40966172413526164,-0.17784517880881928,1
-1.129743405313919,-1.2989461503027295,0
0.7371679510924193,1.297660144166508,2
0.295761081968941,-0.9252725722057327,1
0.9242582733965818,-0.15099621085256204,1
-1.254077926805758,-1.2992841607203458,0
-1.5210576309433737,-0.8795788991858009,0
0.43232639506449555,-0.41475669709912777,1
-0.03448278268185565,-0.1533958060370747,1
0.6210381315497583,1.347106322225822,2
1.1345604903492488,1.5019688553746657,2
1.0359102323003824,1.4959149301908754,2
0.964713435593867,1.5603648090085507,2
0.4455813030708462,-0.6319676786056552,1
0.552063894861355,-0.3480768538744288,1
-0.15624430665799283,-0.21462638284688765,1
-1.1463012838642204,-1.308330550382816,0
0.11051169674016573,-0.19174565077519415,1
0.17767638043137302,-0.4781588547586982,1
0.20697036503460922,-0.4601174082630131,1
-1.3890683618576019,-0.8947518507851114,0
0.7348963431686613,1.3715905976608247,2
-0.07072613652333852,-0.31008855880013036,1
0.3089705511928551,-0.4633374313070034,1
-1.3377633493897927,-0.9590760584253374,0
0.9660978715199796,1.2332452915935588,2
-0.11980871198535677,-0.3369257295042282,1
0.6419115218466033,-0.06987754808102065,1
0.250667668010185,-0.20748098858659872,1
-1.4987468263651025,-0.8642225113356361,0
-0.6318561601386831,-1.3539121767498594,0
-1.904975964035415,-1.0127759580996711,0
-0.023374568806434577,-0.21750489435607262,1
1.1716133460520108,1.5052562098531903,2
0.49741086471559265,-0.4966758881859554,1
-0.39011638357761597,-0.4111309475742109,1
1.1123508707143852,1.4227105872372667,2
-1.2240723515146956,-0.7501689298573206,0
-0.8470020286411336,-0.9868669939859197,0
1.6004758591933472,1.2772649340097046,2
-1.3738294551672727,-1.1169621021643144,0
1.1090123772938039,1.4061385509254671,2
0.5977676678242855,-0.49425192808400076,1
0.6498484459296909,-0.37314228088821283,1
-1.686911507456359,-1.2510537012855771,0
0.7076656350600036,1.4233026206048047,2
1.0301769659073172,-0.3686281035667726,1
-0.7581289927142102,-0.8817605063755025,0
0.10803448595381766,1.3280366311484866,2
0.6978447424079176,1.2941642521203267,2
1.3101291545799103,1.4069115417348859,2
0.9155615132229962,0.9924887032861498,2
-0.00997638632275975,-0.16542166508445474,1
-0.8489258609472686,-1.3526382904966017,0
0.13794489172001304,0.14843978361800284,1
0.22505368245447027,-0.2818280843929367,1
-1.2421571927932258,-1.1118602490973362,0
0.8240526682316351,1.536983190855137,2
1.4636743220902986,1.1944340920309646,2
-1.8963762653878211,-0.984244462997467,0
-0.9233297408611992,-1.1134657047783716,0
0.07525930745628952,1.2935912231315334,2
0.34911226660115613,-0.19098869757340806,1
-0.9703834633793529,-0.9185824596181572,0
0.5588728743871986,-0.3010568192370631,1
0.38751054006070623,-0.36647892409761984,1
0.5205851687457437,1.1494411909440643,2
-0.15149919823368277,-0.23761226122926135,1
0.9613919428078164,1.2853418860423969,2
1.1968240965693038,1.6073539564087105,2
0.18807864345068928,-0.3538464719226958,1
-1.5315690007483305,-0.9166942118899227,0
-0.9147938751193341,-1.0302038851245752,0
0.49429943755490613,-0.32806504789947605,1
-1.2459510506952565,-1.1202060869387716,0
-0.03654318557140013,-0.20191100881149746,1
1.2977925213077204,1.1682798412477946,2
1.114925282670039,1.361388949301681,2
0.8237962996413399,-0.1854170536651853,1
-1.1671278570580794,-0.9811702349024449,0
1.1685422138897,1.4357777582011408,2
-1.1671426251731216,-0.9132148554653642,0
-1.7572727059702387,-0.94094633639809,0
-1.1832737136888742,-1.0649889716922585,0
1.1885907873709702,1.3751930417911395,2
-0.03390575970784576,-0.3181462450786401,1
-0.16179113319187852,-0.6793593689856131,1
0.9513799764841416,1.111980584041831,2
1.1203803764178362,1.2447532238709627,2
0.7013587530333307,1.4544988572162907,2
-0.08748965729045927,-0.39068855294469357,1
1.1072565278325897,1.2417030457578597,2
-1.4181831824077442,-0.9566471259111181,0
0.8472466521383256,1.160022282177434,2
-1.1782322582801652,-1.129924543960643,0
0.23147377857889656,-0.4004021460022812,1
0.295489774255497,0.0558057327280464,1
0.9204339515275816,1.4747182436451372,2
0.37743225717286344,1.3856407370897994,2
-0.04662361593972886,-0.3267840118204784,1
-1.3270929589379232,-0.9367614069277029,0
0.030016262618506987,-0.4426834559104001,1
-1.7051787028188656,-1.2620333893229438,0
0.6514415667601048,0.9453587863607867,2
-1.4437105915096948,-0.5495414820029996,0
-1.2624268372129765,-1.198214776090794,0
-0.8516495537817149,-1.1205064147684614,0
0.4750239533714173,-0.1437974714580679,1
-0.9580982192764107,-0.6239941129471374,0
1.3679282484560789,1.3076121771584175,2
-1.5541719860938785,-0.9953363117595182,0
1.1201477824941062,1.4617159427274302,2
0.11334215795482835,-0.3239887249167632,1
0.5133299418411528,-0.005306587864291004,1
-0.9959289534734015,-1.1254893226686928,0
0.9130208143603894,1.2191420153844887,2
-1.4543884061938461,-1.0631678563350422,0
0.9737849666395274,1.27485366799687,2
-0.8598948217575864,-1.3456907534119198,0
0.2261760594018774,-0.5014507197057329,1
-1.0102270923339831,-0.8650915723535222,0
1.3096519489564458,1.3049431230416444,2
-1.0362707583246584,-1.2143888644532468,0
-0.1942316412373861,-0.4343236232887725,1
1.2881662221639572,1.5043484378115426,2
0.8481795641252401,1.7348927441785063,2
0.7030892847195501,1.1939624585583206,2
-1.2808504019533564,-0.9927309914077543,0
1.474704240378376,1.4785145570821943,2
-1.4131576344356087,-0.9539003577803676,0
0.6164560339499879,-0.7740952684031992,1
1.2887518935410904,1.305657321787128,2
0.5423465420022877,-0.2552541938968382,1
-1.0184989750176963,-0.6532270211879836,0
-1.470890305907136,-1.0733606820463506,0
-1.0027392812942932,-0.9390045429329051,0
